user_id,email,first_name,gender,subscription_plan,is_active
00001,figueroajohn@example.org,Erica,Male,Basic,1
00002,blakeerik@example.com,Joshua,Male,Premium+,1
00003,smiller@example.net,Barbara,Female,Standard,0
00004,mitchellclark@example.com,Chelsea,Male,Standard,1
00005,richard13@example.net,Jason,Female,Standard,1
00006,jeffrey28@example.com,Katelyn,Female,Standard,1
00007,maldonadoamanda@example.com,Daniel,,Premium,1
00008,nathanielmartin@example.net,Carol,Male,Basic,1
00009,donnaarroyo@example.org,Allison,Male,Premium,1
00010,morganbrianna@example.org,Adrian,Male,Basic,1
00011,kristenaguirre@example.org,Collin,Female,Basic,1
00012,jamesherrera@example.org,Isaiah,Female,Premium,1
00013,richardolson@example.com,Franklin,Female,Basic,1
00014,adkinsbrian@example.net,Wesley,Male,Basic,1
00015,barnesbrandy@example.net,Sarah,Female,Basic,0
00016,medinawilliam@example.org,Nicole,Female,Standard,1
00017,josephpreston@example.net,Joseph,Female,Premium,1
00018,cookdavid@example.com,Joyce,Female,Basic,1
00019,michael05@example.org,Elizabeth,Other,Premium,1
00020,vpham@example.org,Erik,Female,Premium+,1
00021,emurphy@example.com,Darlene,Female,Basic,1
00022,jessica56@example.net,Paul,Male,Premium+,1
00023,elizabeth14@example.net,Elizabeth,Female,Basic,1
00024,akelley@example.com,Jason,Female,Standard,1
00025,cardenaskaren@example.net,Jeffrey,Male,Premium+,0
00026,jross@example.net,Patricia,Prefer not to say,Basic,1
00027,danderson@example.net,Stephanie,Female,Basic,1
00028,rsims@example.com,Jennifer,Male,Standard,1
00029,nperry@example.com,Rebecca,Female,Basic,1
00030,brobinson@example.com,Paul,,Premium,1
00031,michellewhite@example.com,Mark,Male,Premium+,1
00032,jeffrey10@example.org,James,Male,Premium+,1
00033,stricklandfrank@example.com,Beth,Male,Standard,1
00034,hoganashlee@example.org,Amanda,,Standard,1
00035,ryangross@example.net,Christina,Male,Premium+,1
00036,anthony52@example.com,Michael,Other,Premium,1
00037,fbrewer@example.com,Christopher,Male,Standard,1
00038,jacqueline44@example.com,David,Female,Standard,1
00039,jeremy24@example.org,Joshua,Female,Standard,1
00040,shelley71@example.org,Travis,Female,Standard,1
00041,michelle64@example.net,Chelsea,Female,Standard,1
00042,enorris@example.com,Jesse,Male,Standard,1
00043,charlesmartin@example.com,Scott,Male,Standard,1
00044,anthony39@example.net,Yvonne,Male,Basic,1
00045,harrisonricky@example.com,Mia,Female,Premium,1
00046,ahancock@example.net,Robert,Male,Premium+,1
00047,johnsoncrystal@example.org,Lance,Female,Premium+,1
00048,robert77@example.org,Andrea,Female,Basic,1
00049,mary97@example.org,Amanda,Prefer not to say,Basic,1
00050,floresthomas@example.com,Vanessa,Male,Premium+,0
00051,bowenrobert@example.net,Charles,Other,Premium,0
00052,younggabrielle@example.com,Julie,Male,Premium,1
00053,hthomas@example.com,George,Male,Standard,1
00054,rsantana@example.net,Charles,,Premium,1
00055,patrickhoward@example.com,Andrew,Female,Standard,1
00056,erica21@example.net,Kyle,Female,Premium,1
00057,maria47@example.com,Linda,Prefer not to say,Premium,1
00058,bakerdavid@example.com,Brenda,Male,Standard,1
00059,debra12@example.org,Kevin,,Standard,1
00060,rgilbert@example.org,Jeff,Male,Premium,1
00061,batesdarlene@example.net,Brent,Male,Standard,1
00062,ramireztracey@example.org,Lauren,Female,Premium,1
00063,judyfox@example.net,Thomas,,Standard,1
00064,gsimmons@example.com,Charles,Female,Premium,1
00065,mcguiredanny@example.net,Russell,Female,Basic,1
00066,fjones@example.org,Colin,Female,Premium,1
00067,caroline51@example.net,Eric,Male,Standard,1
00068,anthony44@example.com,Adam,Male,Basic,0
00069,eric45@example.net,Nicole,Female,Premium,1
00070,russell49@example.com,Brandon,Male,Premium+,1
00071,lburgess@example.org,Amanda,Male,Standard,1
00072,amckinney@example.com,Richard,Female,Premium,1
00073,julie35@example.org,William,Other,Basic,1
00074,thompsonkendra@example.com,Karen,Female,Basic,1
00075,william47@example.com,Brian,Female,Premium,1
00076,susanhayes@example.com,William,Male,Standard,1
00077,mccormickdeborah@example.org,Cody,Female,Premium,0
00078,angelica52@example.net,Debbie,Female,Standard,1
00079,chrisrichard@example.org,Ebony,Male,Premium,1
00080,wbishop@example.net,Jesus,Male,Standard,1
00081,lisasolis@example.org,Brett,Other,Premium,1
00082,lisawilkerson@example.org,Brian,Prefer not to say,Premium,1
00083,mitchellmaria@example.net,Katherine,Female,Basic,1
00084,allendanielle@example.net,Bryan,,Standard,1
00085,elizabethmiller@example.com,Stephanie,Female,Basic,1
00086,jessicafuller@example.net,Dennis,Male,Premium,1
00087,carterbradley@example.org,Leslie,Female,Standard,1
00088,david56@example.com,Patricia,Other,Standard,1
00089,manuel15@example.net,Kirk,,Standard,1
00090,william20@example.org,Austin,Male,Standard,1
00091,khines@example.org,Raymond,Female,Basic,1
00092,nlewis@example.com,James,Male,Premium,1
00093,patricia22@example.com,David,Female,Premium+,1
00094,parkeryvonne@example.net,Alicia,Male,Premium,1
00095,ryanbartlett@example.org,April,Female,Standard,1
00096,colleenmendez@example.org,Brittany,Male,Premium,1
00097,jimenezcourtney@example.com,Timothy,Male,Standard,0
00098,theresa25@example.net,Luis,Female,Standard,1
00099,sarah53@example.org,Wendy,Female,Premium,0
00100,campbellcarla@example.net,Justin,Female,Premium,1
00101,angela16@example.net,Kathy,Male,Premium+,1
00102,cporter@example.org,Jennifer,Female,Premium,1
00103,thomas05@example.com,Tina,Male,Premium,0
00104,lorraineallen@example.net,James,,Standard,1
00105,whitney78@example.com,Sue,,Basic,1
00106,shellyhendrix@example.com,Hannah,Male,Basic,0
00107,bobby15@example.com,Julie,Female,Standard,1
00108,gutierrezjennifer@example.org,Adam,Female,Premium,1
00109,amandasharp@example.org,Robert,Prefer not to say,Premium,1
00110,justin88@example.com,Melissa,Female,Standard,1
00111,gregorychase@example.com,Zachary,Female,Basic,1
00112,kevin90@example.com,Heather,Male,Standard,1
00113,susanmendoza@example.com,Robert,Male,Standard,1
00114,poolerebecca@example.org,Franklin,Other,Premium,1
00115,jelliott@example.com,Jennifer,Male,Basic,1
00116,andersenthomas@example.com,Hector,Prefer not to say,Standard,0
00117,david86@example.net,Jessica,Female,Basic,1
00118,joshuapineda@example.net,Antonio,Female,Basic,1
00119,igonzales@example.org,Donald,Male,Premium,1
00120,dpeters@example.com,Kristi,Male,Basic,1
00121,jmelendez@example.com,Angela,Male,Premium,1
00122,adamsemily@example.net,Morgan,Other,Standard,1
00123,burgesskaren@example.org,Randy,Male,Premium,1
00124,robin55@example.com,Anna,,Premium,1
00125,victorpena@example.net,Jonathan,Female,Standard,1
00126,combscharles@example.net,Kathy,Other,Premium,1
00127,patelrobert@example.org,Amanda,Male,Standard,1
00128,zmiller@example.com,Veronica,Female,Premium,1
00129,pbruce@example.com,Patricia,Female,Premium,1
00130,alibrenda@example.net,Sarah,Male,Basic,1
00131,brian63@example.org,Cassie,Male,Basic,1
00132,bartonkenneth@example.org,Christopher,Female,Basic,1
00133,andersonjacob@example.com,Dakota,Female,Standard,1
00134,ginajackson@example.com,Joseph,Female,Premium+,1
00135,stephentaylor@example.org,Martin,Male,Premium,1
00136,snovak@example.net,Tammy,Female,Premium,1
00137,nhahn@example.com,Marie,Female,Basic,0
00138,colecarla@example.net,Amanda,Female,Standard,1
00139,tammy61@example.org,Jonathan,Female,Standard,1
00140,fknapp@example.org,Michael,Male,Standard,0
00141,patrickdarin@example.com,Erica,Prefer not to say,Premium+,1
00142,daniellereynolds@example.org,Shannon,Male,Basic,1
00143,qwilson@example.com,Candice,Female,Basic,1
00144,allendaryl@example.com,William,Female,Standard,1
00145,megan90@example.com,Todd,Female,Premium+,1
00146,antonio38@example.com,Kimberly,Male,Premium+,0
00147,fitzgeralddesiree@example.org,Nancy,Female,Premium,1
00148,christinaglover@example.org,Ashley,Female,Premium,1
00149,riddlemichelle@example.org,John,Female,Standard,1
00150,rrobertson@example.net,Shawn,Male,Premium+,1
00151,troymorris@example.com,Amy,Male,Premium,1
00152,bbryant@example.org,Nicole,Male,Premium,1
00153,rubendavis@example.org,Jason,Female,Standard,1
00154,perezchristopher@example.org,Lawrence,Female,Basic,1
00155,samanthajensen@example.com,Christopher,Female,Premium,1
00156,angelagreene@example.net,Kimberly,Male,Basic,1
00157,pcruz@example.com,Allison,,Standard,1
00158,matthewsalexander@example.org,Sandra,Other,Premium,1
00159,amandamyers@example.net,Kyle,Female,Basic,1
00160,smithderrick@example.org,Tyler,Male,Premium,0
00161,lindsay48@example.org,Jennifer,Prefer not to say,Basic,1
00162,joycesmith@example.org,Brandon,Male,Basic,0
00163,margaret95@example.org,Harry,Female,Basic,1
00164,anne49@example.org,Micheal,Male,Standard,1
00165,aaron64@example.org,Alyssa,Prefer not to say,Premium,1
00166,fvillegas@example.net,William,Female,Standard,1
00167,louis43@example.org,Derek,,Basic,0
00168,melissa12@example.net,Margaret,Male,Standard,1
00169,anthonysullivan@example.com,Cody,,Standard,1
00170,samantha10@example.org,Rachel,Male,Premium,1
00171,rjohnson@example.com,Michael,Female,Basic,1
00172,millerpatrick@example.com,Dawn,Female,Premium,1
00173,bnelson@example.com,Anthony,Prefer not to say,Standard,1
00174,barbaramcgrath@example.com,Savannah,Male,Premium,1
00175,lweaver@example.com,Christopher,Female,Standard,1
00176,johnsonbrenda@example.org,Meghan,Female,Standard,0
00177,lbanks@example.net,Jeffrey,Female,Basic,0
00178,daniellegarcia@example.com,Mark,Female,Premium,1
00179,johnjones@example.com,Jennifer,Male,Basic,1
00180,franciscojones@example.org,Andrew,Male,Basic,1
00181,reynoldsdesiree@example.net,Eric,Female,Standard,1
00182,farmstrong@example.org,Michael,Female,Basic,1
00183,kristen77@example.net,Christopher,Male,Premium,0
00184,hernandezheather@example.org,Elizabeth,Female,Premium,1
00185,zevans@example.net,Wayne,Male,Basic,1
00186,wendyburton@example.net,Luis,Male,Premium+,1
00187,perryeddie@example.net,Sara,Female,Premium,0
00188,fosternatasha@example.net,Brandon,Female,Standard,1
00189,dennismccann@example.com,Joseph,Male,Premium,1
00190,collinswilliam@example.org,Glenn,Male,Basic,1
00191,allentracy@example.com,Susan,Female,Standard,1
00192,deborahbyrd@example.com,William,Female,Premium,1
00193,wwoodard@example.com,Jeffery,Male,Standard,1
00194,danielle44@example.net,Jacob,Male,Basic,1
00195,ldoyle@example.net,Matthew,Female,Premium,1
00196,staceylam@example.net,Jeffrey,Male,Standard,1
00197,obrown@example.net,Thomas,Male,Standard,1
00198,lesliebaldwin@example.org,Marvin,Other,Standard,1
00199,epowell@example.com,Benjamin,Prefer not to say,Standard,1
00200,heathercooper@example.org,Patrick,Male,Standard,0
00201,karen26@example.org,Jeffrey,Female,Premium,1
00202,stanleydesiree@example.org,Hannah,Female,Standard,1
00203,cindy26@example.org,Justin,Female,Premium,1
00204,haleycastillo@example.org,Alexander,Other,Premium,1
00205,shinton@example.com,Brendan,Female,Basic,1
00206,christianelizabeth@example.org,Michael,Male,Standard,0
00207,pmarsh@example.org,David,Female,Basic,1
00208,timothyfreeman@example.com,Brandon,Male,Premium,1
00209,marygrant@example.net,Alexander,Female,Basic,1
00210,andreagray@example.org,Stephen,Male,Premium,1
00211,connersylvia@example.net,Pamela,Prefer not to say,Standard,0
00212,jennifer11@example.net,Aaron,Male,Premium,1
00213,davidphelps@example.org,Makayla,,Standard,1
00214,vsmith@example.org,Mary,Female,Standard,1
00215,spetty@example.org,Raymond,Male,Premium,1
00216,jasonklein@example.net,Samantha,Male,Basic,1
00217,hstokes@example.org,Oscar,Female,Standard,1
00218,karenjohnson@example.com,Christina,,Basic,0
00219,rfrye@example.com,Alexander,Female,Standard,1
00220,shane12@example.org,Nicholas,Female,Premium+,1
00221,hernandezmarcus@example.org,Tracy,Female,Basic,1
00222,elizabethrivera@example.com,Stephanie,Male,Standard,1
00223,uscott@example.com,Rhonda,Prefer not to say,Premium,1
00224,clarkcrystal@example.org,Mary,Male,Premium,1
00225,lauragrant@example.net,Rhonda,Male,Standard,1
00226,howardwesley@example.com,Catherine,Male,Standard,1
00227,susan24@example.net,Susan,Female,Premium,1
00228,jackjensen@example.com,Danny,Prefer not to say,Standard,1
00229,emilyyoung@example.com,Rachel,Male,Premium,1
00230,kristenjoseph@example.net,Joshua,Male,Basic,1
00231,michele28@example.org,Jessica,Prefer not to say,Basic,1
00232,michaelwalker@example.net,Dennis,Male,Premium,0
00233,jillwebb@example.com,Jeffery,,Standard,1
00234,dakota84@example.net,Beth,Male,Premium,1
00235,tommy79@example.org,Scott,Female,Premium,1
00236,jennifer77@example.com,Brittany,Female,Premium,1
00237,jacksonsandra@example.net,Carol,Male,Premium,1
00238,gary57@example.net,Jerry,Other,Standard,1
00239,davisdonna@example.net,Penny,Male,Standard,1
00240,eanderson@example.org,Justin,Male,Basic,1
00241,jcox@example.com,Jose,Female,Premium,1
00242,kim62@example.net,Julie,Male,Standard,1
00243,bfrost@example.org,Jose,,Premium,1
00244,mgonzales@example.net,James,Female,Basic,1
00245,msullivan@example.net,Jillian,Female,Standard,1
00246,greenrichard@example.org,Wesley,Male,Premium,1
00247,bmosley@example.com,Jonathan,Female,Standard,1
00248,justinross@example.net,Charles,Female,Standard,0
00249,jamie33@example.net,Eric,Female,Premium,1
00250,travis84@example.com,Karen,Male,Premium,1
00251,astewart@example.org,Nicolas,Female,Basic,0
00252,sclark@example.com,Melissa,Female,Standard,1
00253,laurenrodgers@example.com,Gregory,Prefer not to say,Premium,1
00254,gcombs@example.com,Jordan,Female,Premium,1
00255,michael87@example.net,Pamela,,Premium,1
00256,martinjeremy@example.com,Jennifer,Female,Premium,1
00257,ebonyshepard@example.net,Jason,Female,Standard,1
00258,penanicole@example.com,John,Female,Premium,1
00259,imcdonald@example.com,Derek,Male,Premium,1
00260,aparker@example.com,Kevin,Male,Basic,1
00261,albert64@example.net,Laura,Male,Standard,1
00262,justin84@example.com,Melissa,Female,Basic,1
00263,teresacampbell@example.org,Jessica,,Premium+,1
00264,riveramegan@example.org,Joseph,Male,Standard,0
00265,cwise@example.org,James,Female,Premium,1
00266,timothy43@example.com,Michelle,Male,Basic,1
00267,perkinshannah@example.net,Nathan,Male,Basic,1
00268,tonystewart@example.net,Linda,Female,Standard,1
00269,llopez@example.net,Mario,Female,Premium,1
00270,nicoleharvey@example.com,Malik,Male,Basic,1
00271,davisdonna@example.org,Gregory,Female,Basic,0
00272,smithsamantha@example.net,Sarah,Other,Premium,1
00273,navarromary@example.org,Susan,,Premium,1
00274,mirandabarbara@example.net,Jacqueline,Prefer not to say,Standard,0
00275,megan66@example.net,Charlene,Female,Basic,1
00276,victoriaturner@example.com,Jason,Male,Premium,1
00277,jonathanevans@example.net,Ashley,Female,Premium,0
00278,deleonsandra@example.com,Nichole,Prefer not to say,Basic,0
00279,amber25@example.net,Eric,Male,Standard,1
00280,zbaker@example.net,Kim,Prefer not to say,Premium+,1
00281,kmorris@example.org,Emily,Prefer not to say,Premium,0
00282,scottglass@example.org,Gina,Female,Premium,1
00283,riverajody@example.org,Amy,Female,Premium,1
00284,marshallsierra@example.org,Donna,Male,Premium,0
00285,lopezvincent@example.com,Bernard,Prefer not to say,Basic,1
00286,garrettnatasha@example.org,Jeremiah,Female,Basic,1
00287,shane23@example.net,Bianca,Male,Standard,1
00288,lonniehobbs@example.net,Kathy,Male,Premium,1
00289,catherine93@example.net,Jerry,,Standard,0
00290,kwells@example.org,Antonio,Male,Standard,1
00291,dwatts@example.org,Richard,Male,Standard,1
00292,aprilfoster@example.net,Angela,Female,Basic,1
00293,stevenlucas@example.org,Hector,Male,Premium,1
00294,davisjasmin@example.net,Christopher,Female,Premium+,1
00295,kaylawilliams@example.com,Jessica,Male,Premium+,0
00296,lyoung@example.net,Shawn,Female,Standard,0
00297,thomasantonio@example.net,Mark,,Premium,1
00298,marcus61@example.com,Kelly,Male,Premium,1
00299,mramsey@example.net,Ronald,Female,Standard,1
00300,tiffany01@example.org,Colleen,Male,Standard,1
00301,jonathan14@example.com,Katie,Female,Standard,1
00302,probles@example.org,Eric,Male,Premium,1
00303,clarkgina@example.com,Tara,Male,Premium+,1
00304,jennifer46@example.org,Natalie,Male,Standard,1
00305,zhunter@example.com,James,Other,Basic,1
00306,collinsbradley@example.net,Mathew,Female,Standard,1
00307,rlambert@example.org,Joshua,Male,Premium,1
00308,collinspatricia@example.net,Brent,Prefer not to say,Standard,1
00309,lisa81@example.com,Christopher,Female,Basic,1
00310,hollyortega@example.com,Tony,Female,Standard,1
00311,nguyendebra@example.com,Richard,Male,Standard,1
00312,amy32@example.net,Jodi,Female,Standard,1
00313,pmurphy@example.net,Christopher,Other,Premium,1
00314,ashley46@example.net,Veronica,,Standard,1
00315,callahanmichelle@example.org,Jacqueline,Male,Standard,1
00316,mary24@example.net,Dennis,Female,Standard,1
00317,shawncoleman@example.com,Michael,,Basic,1
00318,hbush@example.net,Suzanne,Male,Premium,1
00319,bergeramanda@example.org,Shawn,Male,Premium,1
00320,sotobelinda@example.net,Diana,Male,Standard,1
00321,michaela01@example.net,Renee,Female,Basic,1
00322,caitlinunderwood@example.com,Kaylee,Male,Standard,1
00323,jacksonraymond@example.com,Julie,Female,Premium,1
00324,davisamanda@example.com,Cheryl,Male,Premium+,1
00325,erica25@example.net,Emily,Female,Standard,1
00326,maysdiane@example.org,Jean,Female,Standard,1
00327,fowlersandra@example.com,Heather,Female,Standard,1
00328,scottvasquez@example.org,Gregory,Other,Standard,1
00329,kimberly07@example.org,Sarah,Male,Premium,1
00330,aaronfinley@example.com,Ashley,Male,Standard,1
00331,deborah28@example.org,Donna,Male,Premium,1
00332,yprice@example.net,Victor,Female,Premium,1
00333,sandyjohnson@example.org,Desiree,Male,Standard,1
00334,lcarr@example.org,Danny,Female,Standard,1
00335,watkinsmatthew@example.org,Donald,Female,Premium,1
00336,amiller@example.org,Jasmine,Female,Standard,1
00337,carlsonjennifer@example.net,Courtney,Female,Premium+,1
00338,brian12@example.net,Tyler,Male,Premium,1
00339,ericjohnson@example.net,Chad,Other,Premium+,1
00340,ykane@example.org,Thomas,Female,Premium,0
00341,theresa35@example.org,Heather,Male,Premium,1
00342,christophervincent@example.com,Brittany,Female,Premium,1
00343,cbaird@example.com,Ronald,Male,Premium,0
00344,kenneth10@example.com,Evan,Female,Standard,0
00345,cruzhannah@example.net,Kenneth,,Premium+,1
00346,diazgregory@example.net,Ann,Female,Standard,0
00347,michael48@example.net,Joshua,Female,Premium+,1
00348,lopeznicole@example.org,Peter,,Premium,1
00349,robert82@example.com,Robert,Prefer not to say,Premium,1
00350,swatkins@example.net,Stephen,,Premium+,1
00351,michaelbryant@example.org,Jennifer,Female,Premium,1
00352,jamiemann@example.net,Tiffany,Prefer not to say,Premium,0
00353,adamrodgers@example.net,Deborah,Male,Standard,1
00354,ericawilson@example.org,Christina,Female,Basic,1
00355,frhodes@example.net,James,Female,Basic,1
00356,tiffany81@example.org,Judith,,Standard,1
00357,jaredwells@example.net,Carl,Female,Basic,1
00358,angela04@example.net,Troy,Male,Premium,1
00359,anthonyhubbard@example.com,Carol,Female,Basic,0
00360,thomassteven@example.net,Michael,Male,Basic,1
00361,monique44@example.net,Cody,Female,Premium,1
00362,mariepope@example.net,Robert,Female,Basic,1
00363,garnerdavid@example.org,Hailey,Female,Premium,1
00364,danielmcguire@example.net,Taylor,Female,Premium,0
00365,davismeghan@example.com,Michael,Male,Standard,1
00366,glasssamantha@example.net,Michael,Male,Premium,0
00367,owensapril@example.com,Janet,Female,Standard,1
00368,melissajacobson@example.com,Harry,Female,Standard,1
00369,calvinhester@example.com,Brooke,Prefer not to say,Standard,1
00370,jdixon@example.com,David,Other,Basic,1
00371,kevinhanson@example.org,Laura,Male,Standard,1
00372,hbeard@example.com,Leonard,Male,Standard,1
00373,kgallagher@example.net,Donna,Female,Standard,1
00374,bryan90@example.org,Michael,Male,Premium,0
00375,deborahwatkins@example.net,Misty,Male,Premium,1
00376,uhudson@example.net,Lindsey,,Premium,1
00377,yreid@example.org,Karl,Female,Premium,1
00378,knightamanda@example.com,Michael,Male,Premium,1
00379,nicoleburton@example.net,Barbara,Male,Premium,1
00380,jhernandez@example.net,Megan,Female,Standard,0
00381,jallen@example.org,John,Male,Basic,1
00382,dawnwilliams@example.net,Kimberly,Prefer not to say,Premium,1
00383,danielnavarro@example.org,Tyler,Male,Standard,1
00384,daniellewis@example.com,Ricky,Male,Standard,1
00385,andrew90@example.net,Hannah,Male,Standard,1
00386,browningphillip@example.com,Christopher,Female,Premium+,0
00387,vmclaughlin@example.net,Nancy,Female,Premium,1
00388,igibbs@example.org,James,Male,Premium,1
00389,glenn95@example.com,Christopher,Female,Standard,1
00390,moralesroy@example.com,Christopher,Female,Standard,1
00391,julie62@example.com,Carol,Male,Standard,0
00392,mikesutton@example.com,Alex,Male,Premium,1
00393,cookjimmy@example.com,Adam,Male,Standard,0
00394,natalie21@example.com,Donald,Male,Premium,1
00395,zachary62@example.com,Kathryn,Male,Standard,1
00396,fwilson@example.org,Michael,Male,Standard,1
00397,brandybonilla@example.net,Robert,Female,Standard,1
00398,millermariah@example.net,Shawn,Female,Standard,1
00399,marcus01@example.net,Christopher,,Premium+,1
00400,evanslaurie@example.net,Rebecca,Female,Basic,1
00401,avilalisa@example.net,Ryan,Male,Standard,1
00402,solomontim@example.org,Gabrielle,Male,Standard,1
00403,marshalljennifer@example.com,Jonathan,Female,Premium,1
00404,brenda77@example.net,Matthew,Male,Premium+,1
00405,dianastevens@example.com,Kevin,Female,Standard,1
00406,clarkdeborah@example.net,Ryan,,Premium,1
00407,cruiz@example.net,James,Male,Standard,1
00408,upalmer@example.net,Jesse,Male,Standard,1
00409,bterry@example.org,Jessica,Male,Premium,0
00410,rmoyer@example.net,Laura,Female,Standard,1
00411,ntorres@example.net,Yvette,Male,Basic,1
00412,hoffmantom@example.com,Kayla,Male,Premium,0
00413,jacksondavid@example.org,Eric,Female,Standard,1
00414,sanchezlisa@example.com,William,Female,Standard,1
00415,agutierrez@example.com,Sherry,Female,Premium+,1
00416,levinetina@example.net,Robert,,Basic,1
00417,pam63@example.com,Benjamin,Female,Premium,1
00418,marilyntorres@example.com,Jessica,Prefer not to say,Basic,1
00419,michaelmitchell@example.net,Jennifer,Male,Premium,1
00420,thomasgriffin@example.com,Brianna,,Standard,1
00421,tanderson@example.net,Heather,Male,Premium,1
00422,davidtorres@example.com,Kelly,Male,Basic,1
00423,harrellrobert@example.net,Ariel,Female,Premium+,1
00424,marshelizabeth@example.com,Jesse,Female,Standard,1
00425,leechristine@example.net,Susan,Male,Standard,1
00426,romancatherine@example.com,Travis,Male,Premium,1
00427,justinwhite@example.org,Kristopher,Female,Premium+,1
00428,nicholas10@example.org,Karen,Other,Premium,1
00429,adamstabitha@example.net,John,Male,Premium+,1
00430,amandahenderson@example.net,Bobby,Male,Premium,1
00431,megan39@example.net,Brandon,Female,Standard,1
00432,cynthia74@example.org,Matthew,Female,Premium,1
00433,ifarmer@example.org,Amanda,Female,Basic,1
00434,seanwalker@example.org,Erin,,Premium,1
00435,gonzalezlori@example.com,Molly,Female,Standard,0
00436,melaniejohnson@example.net,Erin,Female,Premium,1
00437,brandonhull@example.net,Leslie,Male,Basic,1
00438,garrettcolin@example.com,Lindsey,,Standard,1
00439,garrettbeth@example.org,Sabrina,Male,Premium+,1
00440,phillipspatrick@example.org,Jesse,Male,Premium,1
00441,danielsmith@example.net,Brittany,Female,Standard,1
00442,larrygraham@example.net,Larry,Female,Standard,1
00443,danielleharris@example.org,Jaime,Female,Standard,1
00444,cwalter@example.com,Samantha,Male,Premium,1
00445,coxcharles@example.org,Douglas,Female,Premium,0
00446,gregorysmith@example.com,Andrew,Female,Standard,1
00447,wilsonnicole@example.org,James,Female,Basic,1
00448,markbrown@example.com,Melissa,Male,Premium+,1
00449,marcbrooks@example.net,Jennifer,,Premium,1
00450,xduncan@example.com,Dennis,Female,Premium,1
00451,ystewart@example.org,Scott,Male,Standard,1
00452,benjamin35@example.org,John,Female,Premium,1
00453,wvaldez@example.org,Jeremy,Female,Premium,1
00454,samuelfarrell@example.org,Don,Female,Basic,1
00455,mark09@example.org,Eric,Female,Standard,1
00456,tfowler@example.org,Damon,Female,Basic,1
00457,hbrown@example.org,Mark,Female,Standard,1
00458,ryan72@example.net,Briana,Other,Premium,1
00459,cford@example.net,Keith,Male,Premium,0
00460,longsonya@example.org,Joshua,Female,Premium,1
00461,qhayes@example.org,Steven,,Standard,1
00462,ellen77@example.com,Christopher,Female,Premium,0
00463,david62@example.org,Erica,Female,Premium,1
00464,cvaughn@example.org,Brandon,Male,Premium,1
00465,erinbrown@example.org,Jennifer,,Premium,1
00466,jasonkelly@example.org,Richard,Female,Premium,0
00467,marquezkylie@example.net,Johnathan,Male,Basic,1
00468,oreyes@example.net,Wesley,Female,Standard,1
00469,james63@example.net,John,Male,Premium+,1
00470,perezjessica@example.com,Jamie,,Basic,1
00471,mckaybrett@example.org,David,Female,Standard,1
00472,kevinray@example.net,Joseph,Male,Premium+,1
00473,gillronald@example.org,Brooke,Female,Premium,0
00474,mgonzalez@example.org,Michelle,,Premium,0
00475,cruzariel@example.org,Susan,Male,Premium,1
00476,terrydeanna@example.com,Sheryl,,Standard,1
00477,bmartin@example.com,Vincent,Male,Standard,1
00478,adam27@example.org,Chad,Male,Standard,1
00479,nbradley@example.org,Brian,Male,Standard,1
00480,carternicholas@example.com,Matthew,Female,Premium,1
00481,vkennedy@example.net,Matthew,Male,Standard,0
00482,zharrell@example.net,Anthony,,Premium,1
00483,schultzmorgan@example.net,Erica,Other,Premium,1
00484,andersonlaura@example.com,Gary,Female,Premium+,1
00485,omiranda@example.net,Elizabeth,Male,Standard,1
00486,ostokes@example.com,Kelly,Male,Basic,1
00487,uwhitney@example.com,April,,Premium,1
00488,juliesweeney@example.net,Carol,Male,Basic,0
00489,zavalamason@example.net,Melanie,Female,Premium,1
00490,roberto75@example.com,Charles,Female,Standard,1
00491,scottolson@example.org,Jeffery,Male,Premium,1
00492,saradavis@example.com,Sierra,Female,Standard,1
00493,denisebennett@example.net,Kimberly,Female,Standard,1
00494,heather19@example.org,Todd,Female,Premium,1
00495,stonebrenda@example.net,Karen,Female,Basic,1
00496,andersonjamie@example.org,Anna,Male,Premium,1
00497,donna72@example.net,Heather,Male,Premium,1
00498,carrierobinson@example.com,David,Female,Premium,1
00499,chadoconnor@example.net,Jennifer,Male,Premium+,1
00500,suttonrichard@example.com,Michael,Male,Standard,1
00501,thompsonjessica@example.com,Cody,Female,Basic,1
00502,qvargas@example.org,Diane,,Standard,1
00503,zandersen@example.com,Joshua,Other,Standard,1
00504,blairshirley@example.org,Christopher,Female,Basic,0
00505,kleinjacqueline@example.net,John,Male,Premium,1
00506,nathanielwilson@example.net,Marie,Male,Basic,1
00507,fstafford@example.org,Adam,,Standard,1
00508,ricerachel@example.com,Robin,Male,Standard,1
00509,mayodiana@example.com,Donald,Male,Standard,1
00510,stacymoyer@example.com,Robert,Male,Premium+,1
00511,mauricesmith@example.net,Brett,Female,Standard,0
00512,johnwang@example.com,Elizabeth,,Premium,1
00513,sarahsimmons@example.net,Christopher,Prefer not to say,Standard,1
00514,adamsjuan@example.com,John,Male,Basic,1
00515,tcox@example.org,Elizabeth,Male,Premium+,1
00516,williamstanya@example.net,James,Female,Premium+,0
00517,qpierce@example.net,Patricia,Male,Premium,1
00518,brandon90@example.net,Joy,Female,Standard,1
00519,jackmoore@example.org,Natasha,Male,Basic,1
00520,benjamin24@example.org,Morgan,Female,Basic,1
00521,rickycarr@example.com,Connie,Female,Premium,1
00522,lisawalker@example.com,Bonnie,Female,Standard,0
00523,ashleyharding@example.org,Andrew,Female,Premium,1
00524,morrisonnicholas@example.org,Margaret,Male,Standard,0
00525,harristimothy@example.net,Lisa,Female,Premium+,1
00526,stephenscurtis@example.com,Aaron,Female,Standard,1
00527,hjackson@example.org,Stephanie,Male,Premium,0
00528,erinhernandez@example.net,Colleen,Male,Premium+,1
00529,lukemyers@example.net,Lisa,Male,Standard,1
00530,aolson@example.net,Devon,Other,Basic,1
00531,youngaaron@example.org,Angela,Male,Premium,0
00532,burgessdavid@example.net,Nicholas,Female,Standard,1
00533,christianjones@example.net,Edward,Male,Premium,1
00534,ibarraantonio@example.org,Alex,Female,Standard,1
00535,boydtiffany@example.org,Richard,Female,Standard,1
00536,prattdeborah@example.org,Daniel,,Premium+,0
00537,andrealittle@example.org,Joseph,,Premium,1
00538,karen52@example.net,Mark,Male,Premium,1
00539,cisnerosjesse@example.org,Kayla,Female,Basic,1
00540,jasonbishop@example.org,Ashley,Female,Standard,1
00541,carlosray@example.com,Charles,Male,Standard,1
00542,nortiz@example.net,Scott,Male,Basic,1
00543,melissaroberts@example.org,Melissa,Female,Standard,1
00544,vgonzalez@example.org,Matthew,Male,Standard,1
00545,huertakim@example.org,Kristine,Female,Standard,1
00546,tmiller@example.com,Alicia,Female,Standard,1
00547,sgomez@example.net,Mackenzie,Female,Premium,1
00548,daniel64@example.net,Vanessa,,Premium,1
00549,jason39@example.org,Lisa,Male,Standard,0
00550,daniel27@example.com,Gregory,Male,Premium+,1
00551,bankschristina@example.com,Tyler,Male,Standard,1
00552,belllaura@example.com,Rebecca,Male,Standard,1
00553,bjohnson@example.org,Mary,Male,Premium,0
00554,sheilamyers@example.net,Richard,Female,Basic,1
00555,stacyharris@example.org,Samuel,Prefer not to say,Standard,1
00556,james36@example.com,Joshua,Female,Basic,1
00557,snydermichael@example.org,Craig,Male,Standard,1
00558,alejandro29@example.net,David,Male,Standard,1
00559,michellewilson@example.org,Mark,Male,Basic,1
00560,zhunt@example.org,Gerald,,Premium,1
00561,cindy96@example.com,Ashley,Male,Premium,1
00562,ljohnson@example.com,Krystal,Female,Standard,0
00563,ubradley@example.org,Paul,Female,Premium+,1
00564,jameslang@example.com,Veronica,Male,Basic,1
00565,zmitchell@example.org,Matthew,Female,Basic,0
00566,zsalazar@example.com,Trevor,Male,Basic,1
00567,georgelee@example.com,Sarah,Male,Basic,1
00568,brandywilson@example.com,Karen,Female,Premium,1
00569,christophermiranda@example.net,Michael,Female,Premium+,0
00570,tonypeterson@example.net,Kathleen,Male,Standard,1
00571,ramirezfrank@example.com,Dylan,Female,Premium,1
00572,gomezjason@example.com,William,Female,Basic,1
00573,gstone@example.net,Debbie,Female,Premium+,1
00574,jessicasuarez@example.com,Jamie,Male,Premium+,0
00575,lesliejones@example.org,Rachel,Male,Standard,1
00576,tara90@example.com,Thomas,Female,Premium,1
00577,whenry@example.net,Elizabeth,Female,Basic,1
00578,donnathomas@example.com,John,,Standard,1
00579,renee55@example.com,Sierra,Female,Standard,1
00580,jho@example.com,Alexandra,Male,Basic,1
00581,freemanadam@example.com,Brendan,Female,Standard,0
00582,jeffery75@example.org,Roberto,Female,Basic,1
00583,derek83@example.com,Christopher,Male,Basic,1
00584,afisher@example.com,Rita,Female,Standard,0
00585,camposphilip@example.com,Steven,Male,Premium+,1
00586,martinezbrenda@example.net,Jacqueline,Male,Premium,1
00587,mhanson@example.org,Aaron,Prefer not to say,Basic,1
00588,loriskinner@example.net,Lorraine,Prefer not to say,Premium,1
00589,scastillo@example.net,Susan,Male,Standard,0
00590,ywilson@example.org,Austin,Male,Standard,1
00591,rachel86@example.net,Greg,Other,Basic,0
00592,ebennett@example.net,Barbara,Male,Basic,1
00593,evilla@example.com,Tina,Male,Basic,1
00594,mhines@example.net,Sandra,Female,Standard,1
00595,jamesmartin@example.net,Christopher,Female,Premium,1
00596,jacob87@example.org,Ashley,Male,Standard,1
00597,craig73@example.org,Andrew,Male,Standard,1
00598,reginald08@example.net,Brandi,Male,Standard,1
00599,youngcharles@example.net,Michael,Female,Premium,1
00600,ywoods@example.org,Sarah,Female,Premium,1
00601,hdunn@example.com,Penny,Other,Premium+,1
00602,marksjohn@example.org,Brian,Female,Premium,1
00603,jonesshawna@example.org,Janet,Female,Basic,1
00604,heidi81@example.org,Rachel,Female,Premium,1
00605,spenceholly@example.net,Stephanie,Male,Basic,1
00606,ysmith@example.com,Bradley,Female,Basic,1
00607,katherinepeterson@example.net,Michelle,Female,Standard,1
00608,preese@example.org,Juan,Female,Premium,1
00609,martinezashley@example.com,Melanie,,Standard,1
00610,penny85@example.org,Hector,Male,Premium,1
00611,gabriellevalencia@example.net,Bobby,Male,Basic,1
00612,dixonjoel@example.com,Maria,Male,Standard,1
00613,sdunlap@example.net,Ethan,,Basic,1
00614,patrickcuevas@example.org,Susan,Male,Premium,1
00615,rhonda53@example.com,Stephen,Male,Basic,1
00616,ihall@example.net,Kimberly,Female,Basic,1
00617,xchen@example.org,Nancy,Female,Standard,1
00618,veronicaanderson@example.net,Rebecca,Female,Standard,1
00619,olozano@example.com,Keith,Female,Standard,1
00620,williamchapman@example.org,Kenneth,Male,Standard,0
00621,kstone@example.net,Cory,Female,Standard,1
00622,elizabeththomas@example.org,Anthony,Female,Premium,1
00623,hphillips@example.net,Sean,Female,Premium,1
00624,murphywilliam@example.com,Crystal,Male,Premium,1
00625,derrickbennett@example.org,Joseph,Female,Standard,1
00626,ngrant@example.net,Benjamin,Male,Basic,1
00627,iharper@example.com,Colin,Prefer not to say,Standard,1
00628,baileyraymond@example.org,Mary,Male,Premium,1
00629,cmyers@example.com,Jorge,Prefer not to say,Basic,1
00630,kimberlyrodriguez@example.net,David,Female,Basic,1
00631,amanda28@example.com,Kelly,Female,Premium,1
00632,cmoody@example.org,Kevin,Female,Basic,1
00633,wagnerjade@example.net,Andrew,Male,Standard,1
00634,joshua31@example.com,Nicholas,Male,Standard,1
00635,chavezbecky@example.org,Kellie,Other,Basic,1
00636,christopherpowell@example.com,Brian,Female,Standard,0
00637,karinorton@example.net,Lawrence,Female,Premium+,0
00638,jameskane@example.org,Nicole,Male,Premium,1
00639,alexandra95@example.net,Donald,Other,Basic,1
00640,stewartharold@example.com,Victoria,,Premium,1
00641,bellangie@example.org,Courtney,,Premium,1
00642,crossjoshua@example.com,David,Male,Basic,1
00643,fredbaxter@example.com,Paula,Male,Standard,0
00644,tschroeder@example.com,Larry,Male,Premium,1
00645,grantryan@example.com,Anthony,Male,Premium,1
00646,scottfox@example.org,Mark,Other,Premium,1
00647,roysara@example.net,Tracy,Female,Premium,1
00648,ramosjennifer@example.com,Michaela,Female,Premium,1
00649,qmonroe@example.org,James,Female,Basic,1
00650,joshua51@example.com,Ashley,Male,Standard,1
00651,danastevens@example.net,Kyle,Female,Basic,1
00652,nicole24@example.com,Joseph,Male,Standard,0
00653,amandaclark@example.net,Michael,,Standard,0
00654,ltaylor@example.com,Anne,Female,Premium,1
00655,robintorres@example.com,Karen,Male,Premium,1
00656,oevans@example.net,Robert,Female,Basic,1
00657,wallerkyle@example.org,Stephen,Female,Premium,0
00658,gailsingleton@example.com,Thomas,,Standard,1
00659,ricardomurphy@example.com,Candice,Female,Standard,1
00660,pmelendez@example.org,Vincent,Female,Standard,1
00661,greenstephanie@example.org,Raymond,Male,Premium,1
00662,aparks@example.com,Roberto,Male,Standard,1
00663,floydtina@example.net,Monica,Male,Standard,1
00664,mrichardson@example.net,Johnny,Male,Standard,1
00665,howardbenjamin@example.net,John,Male,Standard,0
00666,uwilliams@example.com,Dwayne,Female,Basic,0
00667,copelandryan@example.org,Ashley,Prefer not to say,Premium,1
00668,rbrowning@example.com,Adam,Male,Premium,1
00669,bryceroberts@example.net,Brianna,Male,Premium,1
00670,cscott@example.net,Crystal,Female,Basic,1
00671,annette60@example.com,Veronica,Female,Premium,1
00672,michellewang@example.net,Andrea,Female,Basic,1
00673,michelesimpson@example.com,Margaret,Male,Premium,1
00674,acarpenter@example.com,Jacob,Female,Premium+,0
00675,craneandrew@example.net,Andrea,,Basic,1
00676,klinejamie@example.com,John,Male,Basic,1
00677,goodmanevelyn@example.com,Michelle,Other,Premium,1
00678,coxjennifer@example.net,Roy,Female,Standard,1
00679,colton17@example.net,Karen,Female,Standard,1
00680,walkernathan@example.com,Kristopher,Male,Basic,1
00681,oscott@example.org,Brandy,Female,Basic,1
00682,alexandra67@example.net,Monica,Male,Basic,1
00683,michaelstevens@example.net,Mary,Male,Standard,1
00684,pknight@example.org,Laura,Female,Premium,1
00685,jessicalowery@example.org,Bruce,Male,Standard,1
00686,mmiller@example.org,Carmen,Male,Standard,0
00687,vwelch@example.net,Willie,Male,Premium,1
00688,gsmith@example.com,Frank,,Standard,1
00689,warren58@example.com,Gail,Male,Standard,1
00690,rchan@example.org,Thomas,,Premium,1
00691,abrown@example.com,Theresa,Male,Basic,0
00692,angela33@example.net,Melissa,Female,Premium,1
00693,mwright@example.net,Brian,Female,Standard,1
00694,morganlawrence@example.net,Anna,,Premium,0
00695,nburgess@example.org,Taylor,Male,Premium,1
00696,deckerbrian@example.net,Allen,Female,Standard,1
00697,laurenmathis@example.org,Chelsea,Male,Standard,1
00698,moraleskelly@example.net,Andrew,Male,Standard,1
00699,jacobhernandez@example.com,Craig,,Standard,1
00700,sharonrobinson@example.com,Derrick,Female,Premium,1
00701,hlawrence@example.org,William,Female,Standard,1
00702,hscott@example.com,Adrian,Male,Premium+,1
00703,bliu@example.com,Brandon,Female,Standard,1
00704,nathan62@example.com,Greg,Female,Basic,1
00705,christy00@example.com,Pamela,Female,Basic,1
00706,barnescarl@example.com,Tonya,Prefer not to say,Premium,1
00707,kvasquez@example.org,Jeffrey,Female,Standard,1
00708,jeremylopez@example.net,Mark,Female,Standard,1
00709,bauertiffany@example.org,Cynthia,Female,Premium,1
00710,ihowell@example.com,Julie,Male,Premium+,1
00711,caseyronald@example.org,Cody,Male,Premium+,1
00712,gwilkins@example.org,Mary,,Premium,1
00713,erik29@example.org,Amber,Female,Basic,0
00714,jonesjeanette@example.net,Jason,Male,Premium,1
00715,mmyers@example.org,Chad,,Standard,1
00716,meyeralexandria@example.net,Jesse,Female,Premium,1
00717,simsronald@example.org,Katherine,Male,Standard,1
00718,rebecca85@example.com,Tonya,Male,Standard,0
00719,qobrien@example.com,Carolyn,Male,Basic,1
00720,hberry@example.org,Lisa,Female,Standard,1
00721,michael55@example.org,Sean,Male,Standard,1
00722,vgates@example.com,Leslie,Female,Basic,0
00723,matthew75@example.org,Marcus,Male,Premium,1
00724,jphelps@example.net,Amanda,Male,Premium,0
00725,amycontreras@example.com,Troy,Male,Basic,1
00726,jperry@example.net,Robert,,Premium,0
00727,amber12@example.com,Laura,Female,Premium,1
00728,fmontgomery@example.net,Calvin,Male,Premium,1
00729,stacey09@example.com,Janet,Male,Premium,1
00730,arellanobrian@example.com,Kim,Male,Standard,1
00731,riveraclinton@example.com,Linda,,Standard,0
00732,lopezrichard@example.org,Valerie,Male,Basic,1
00733,murphykevin@example.net,Michele,,Standard,1
00734,xmccarthy@example.org,Lisa,Female,Standard,1
00735,jimenezcarrie@example.net,Sharon,Female,Premium,1
00736,howardsabrina@example.com,Melanie,Female,Standard,1
00737,ypowell@example.org,Andrew,Male,Premium,1
00738,patricia98@example.org,Jocelyn,Female,Premium,0
00739,erin03@example.org,Stephanie,Other,Standard,1
00740,adam35@example.org,Margaret,Male,Premium,1
00741,shelbyvaldez@example.com,Hannah,Male,Premium,1
00742,dominguezshane@example.net,Chad,Male,Standard,1
00743,melissa41@example.org,Mackenzie,Male,Standard,0
00744,wlopez@example.net,John,Other,Premium,0
00745,matthewclements@example.org,Steven,Female,Premium,0
00746,savagechad@example.org,Angela,Female,Basic,1
00747,benjamin13@example.org,Adam,Male,Premium,0
00748,gina67@example.net,Felicia,,Standard,1
00749,sylviaprice@example.com,Micheal,Male,Premium,1
00750,sherifisher@example.com,Jessica,Female,Premium,0
00751,stacydaniel@example.net,Rachel,Male,Standard,1
00752,gonzalezmatthew@example.org,Sharon,Female,Premium,1
00753,robertmcdonald@example.net,Kathryn,Other,Premium,1
00754,sarah53@example.net,Susan,Female,Basic,1
00755,rachelhernandez@example.com,Amanda,Male,Standard,1
00756,taylorparker@example.com,George,Male,Premium,1
00757,vanessa51@example.org,Claire,Female,Standard,1
00758,michaelking@example.net,Tina,Female,Premium,1
00759,vhopkins@example.net,David,Male,Premium,1
00760,linda66@example.net,David,Female,Premium,1
00761,johnsondavid@example.org,Charles,Male,Standard,1
00762,kristi19@example.org,Janet,Male,Premium,1
00763,hflores@example.org,Lisa,Male,Basic,1
00764,douglas89@example.org,Jacqueline,Male,Premium+,1
00765,jill80@example.net,Juan,Male,Premium+,1
00766,brianna59@example.net,Ashley,Male,Premium,1
00767,vazquezrobert@example.com,Sandra,,Basic,1
00768,reginaldsmith@example.net,Edward,Female,Basic,1
00769,jeremy79@example.net,Ryan,,Standard,0
00770,robertsmith@example.com,Matthew,Male,Premium+,1
00771,smithmitchell@example.org,Shirley,Female,Standard,1
00772,kimberly93@example.net,Lisa,Male,Standard,1
00773,umorrison@example.com,Shannon,Male,Standard,1
00774,mallory78@example.org,Sue,Male,Standard,1
00775,krystalhenderson@example.org,Jose,Male,Standard,1
00776,daniel47@example.com,Jasmine,Male,Basic,1
00777,opierce@example.com,Randall,Female,Premium,1
00778,ebrown@example.org,Curtis,Male,Basic,1
00779,hgardner@example.com,Heather,Female,Standard,1
00780,dayheidi@example.com,Bobby,Male,Standard,1
00781,williamsbrittany@example.org,Brandi,Male,Premium,1
00782,angela86@example.org,Karen,Female,Premium,1
00783,hughesdaniel@example.org,Kathleen,Male,Standard,1
00784,alexander25@example.org,Stacey,Female,Basic,1
00785,jensennicole@example.org,Mercedes,Female,Standard,1
00786,xharmon@example.org,Robert,Female,Premium,0
00787,alexismiller@example.org,Molly,Female,Basic,1
00788,arivas@example.org,Barbara,Male,Basic,1
00789,hannahpatrick@example.net,Morgan,Female,Standard,1
00790,xstephens@example.net,Jessica,,Premium,0
00791,alowe@example.com,Christopher,Female,Premium,1
00792,amber29@example.org,Makayla,Female,Basic,1
00793,gabriellafrench@example.com,Mark,Female,Premium,1
00794,marywoodard@example.org,Patricia,Male,Standard,1
00795,smithkenneth@example.org,Maria,Male,Premium,1
00796,kevinharvey@example.com,Erin,Male,Premium,1
00797,jamessydney@example.org,Johnny,Male,Basic,1
00798,arobinson@example.org,Gabriela,Male,Premium,1
00799,cthompson@example.com,Bill,Female,Standard,1
00800,ian59@example.com,Jennifer,Prefer not to say,Premium,1
00801,ericksonrachael@example.com,Robert,,Standard,1
00802,johnsonchristopher@example.org,Sean,Female,Premium,1
00803,dean60@example.com,William,Male,Basic,1
00804,nmendoza@example.org,Paul,Female,Premium,0
00805,xfranco@example.org,Richard,Female,Standard,1
00806,ymendez@example.net,Debbie,Female,Basic,0
00807,woodphillip@example.com,Kevin,Prefer not to say,Basic,1
00808,kingjoseph@example.com,Brooke,Male,Standard,1
00809,joseph63@example.net,Leah,Prefer not to say,Standard,1
00810,isaac75@example.org,Todd,Male,Standard,1
00811,joneslisa@example.com,Shawn,Female,Standard,1
00812,hhughes@example.org,David,Female,Premium,1
00813,billkeller@example.org,Daniel,Male,Basic,1
00814,spencerlevi@example.org,Linda,,Premium,1
00815,johnlynch@example.org,Joshua,Prefer not to say,Basic,1
00816,vramos@example.com,Andrew,Female,Standard,1
00817,xobrien@example.org,Carolyn,,Basic,1
00818,ryu@example.net,Debbie,Male,Standard,1
00819,kimmichael@example.com,Rhonda,,Basic,1
00820,mannerik@example.net,John,Female,Premium+,1
00821,monicaoliver@example.net,Keith,Female,Premium,1
00822,lisa28@example.org,Angela,Female,Standard,1
00823,longgary@example.com,Meghan,Female,Standard,1
00824,mcgrathderek@example.com,Allison,Male,Premium,1
00825,wesleyporter@example.org,Charles,Male,Premium,1
00826,ryanlittle@example.org,Michelle,Male,Premium,0
00827,nwatson@example.com,Robert,Female,Premium+,1
00828,lori87@example.org,Carlos,Other,Premium,1
00829,westmatthew@example.net,Michael,,Premium+,1
00830,trivera@example.com,Douglas,Male,Premium,1
00831,jlloyd@example.com,Veronica,Male,Basic,1
00832,qwilson@example.com,Christina,Male,Premium,1
00833,lisahamilton@example.com,Shelby,Male,Premium+,1
00834,stevenhernandez@example.org,Robert,Female,Premium+,1
00835,bsullivan@example.org,Thomas,Male,Basic,0
00836,john25@example.org,Brittney,Other,Premium,1
00837,ithompson@example.com,Erika,Female,Premium+,1
00838,kristineprince@example.com,Joseph,Male,Standard,0
00839,antonio52@example.net,Lisa,Female,Premium,1
00840,jason72@example.net,Benjamin,Male,Basic,1
00841,beth76@example.com,Sarah,Female,Basic,1
00842,perry77@example.net,Kristen,Female,Premium,1
00843,tuckervanessa@example.org,Nicole,Male,Premium,1
00844,matthew17@example.net,Jason,Female,Standard,1
00845,vwilliams@example.org,Bridget,Male,Standard,0
00846,montoyaelizabeth@example.net,Ralph,Male,Basic,1
00847,usmith@example.net,Kayla,Female,Premium,1
00848,cohenchristopher@example.net,Stacey,Female,Premium,1
00849,connor44@example.net,Charles,Other,Premium+,1
00850,masonmary@example.net,William,Female,Premium,0
00851,bartlettchristine@example.org,Francis,Male,Premium,1
00852,aguirrekimberly@example.com,Gary,Male,Standard,1
00853,racheljohnson@example.org,Ashley,Male,Standard,1
00854,watkinsthomas@example.net,David,Male,Basic,1
00855,heathercabrera@example.org,Matthew,Male,Premium+,0
00856,sarahmorrison@example.org,Daniel,Female,Standard,1
00857,rebecca41@example.com,Larry,,Standard,1
00858,harrisonmichael@example.net,Joseph,Female,Basic,1
00859,joannshort@example.net,Veronica,Female,Standard,1
00860,derek96@example.net,Joseph,Male,Standard,1
00861,coffeyjohn@example.net,Jerry,Male,Standard,1
00862,gutierrezmatthew@example.com,Dylan,Female,Basic,1
00863,paullopez@example.net,Tracy,Female,Standard,1
00864,donald42@example.com,Thomas,Female,Standard,1
00865,ethan37@example.org,Kimberly,Male,Premium,1
00866,ksmith@example.org,Rachel,Female,Premium,1
00867,aaron32@example.org,Jennifer,Female,Premium,1
00868,brandon55@example.com,Amanda,Male,Basic,1
00869,garciaveronica@example.net,Jennifer,Male,Premium,1
00870,forozco@example.com,Cheryl,Female,Standard,1
00871,lauraclay@example.org,William,Other,Basic,1
00872,contrerasjames@example.org,Joan,Female,Standard,1
00873,swansonjennifer@example.com,Mary,,Premium,1
00874,millereric@example.org,Robert,Female,Standard,1
00875,ncoleman@example.com,Leslie,Female,Premium+,1
00876,hallisabella@example.org,Ralph,Female,Premium,1
00877,alicia14@example.com,Ana,Male,Premium+,1
00878,hendersoncynthia@example.org,Steven,Female,Premium,0
00879,millerjames@example.org,Kristen,Male,Premium,1
00880,christopherhess@example.net,Justin,Male,Basic,0
00881,nina65@example.net,Christopher,Male,Premium,1
00882,donna54@example.org,Jessica,Male,Premium,0
00883,calebadams@example.org,Michelle,Female,Basic,1
00884,nicholasgallagher@example.net,Ricardo,Female,Premium,1
00885,sanchezrobert@example.net,Micheal,Male,Premium,1
00886,michelle02@example.com,Jennifer,Male,Premium,1
00887,william88@example.org,Jessica,Male,Premium+,1
00888,robertsdanielle@example.com,James,Female,Premium,1
00889,lindadavis@example.net,Alicia,Male,Standard,1
00890,benjaminrussell@example.org,Stephanie,Female,Standard,1
00891,loriosborn@example.org,Matthew,Female,Basic,1
00892,hornerebecca@example.org,Peter,Female,Standard,1
00893,bcooper@example.net,Katherine,Prefer not to say,Premium,1
00894,qjones@example.org,David,Female,Standard,1
00895,wilsondavid@example.org,Sherry,,Premium,1
00896,cisneroskatrina@example.com,Michael,Male,Standard,0
00897,kara01@example.org,Peggy,Female,Premium,1
00898,deannamendez@example.org,Curtis,Male,Basic,1
00899,lbraun@example.org,Katelyn,Male,Standard,1
00900,kwalsh@example.org,Mark,Female,Premium+,1
00901,jpowell@example.org,Cindy,Male,Standard,1
00902,kylehahn@example.net,Abigail,Male,Standard,1
00903,hclay@example.org,Matthew,Male,Premium+,1
00904,nmccoy@example.org,Lindsey,Prefer not to say,Premium,0
00905,raymond23@example.net,Melissa,Female,Premium,1
00906,murillodarryl@example.com,Charles,Female,Standard,0
00907,brian62@example.net,Monica,Female,Basic,1
00908,tmartin@example.com,Jessica,Male,Basic,1
00909,arianarandolph@example.org,Andrew,Female,Premium,1
00910,melvinwoodward@example.org,Amy,Male,Premium,1
00911,mandypetty@example.com,Taylor,Female,Standard,1
00912,brandon64@example.net,Teresa,Female,Premium,1
00913,kcontreras@example.org,Alexis,Male,Premium,0
00914,rmueller@example.net,Jesus,Male,Premium,1
00915,ashleycole@example.net,Trevor,Male,Premium,1
00916,michellesmith@example.org,Amber,Female,Premium,1
00917,watersamber@example.com,Gloria,Other,Basic,1
00918,joe99@example.net,Krista,,Standard,1
00919,deborah49@example.com,Deborah,Female,Premium,1
00920,mmyers@example.net,Anthony,Other,Standard,1
00921,twagner@example.org,Luke,Female,Premium,1
00922,alvaradomindy@example.com,Jessica,Male,Standard,0
00923,ian86@example.com,James,Male,Basic,1
00924,amyvalenzuela@example.net,Matthew,Female,Premium,1
00925,oshah@example.net,Matthew,Female,Standard,1
00926,bishopkatelyn@example.net,Mallory,Female,Standard,0
00927,brandonboyd@example.net,Brandi,Male,Basic,1
00928,danieldaniel@example.com,Lisa,Female,Basic,1
00929,campbellkayla@example.org,Kimberly,Female,Basic,1
00930,imartin@example.com,Robert,Female,Basic,1
00931,tonya48@example.net,Jessica,Male,Standard,1
00932,anthony00@example.org,Laurie,Female,Standard,1
00933,timothy83@example.net,Angela,Male,Standard,1
00934,ocole@example.com,Dawn,Female,Standard,0
00935,mclaughlinjames@example.org,James,,Premium,1
00936,tracy38@example.com,Andrew,Female,Basic,1
00937,timothy62@example.net,Mark,Male,Premium+,0
00938,phorne@example.com,Bryan,Male,Premium+,1
00939,gkeith@example.net,Lauren,Male,Standard,1
00940,angela44@example.com,Tracy,Male,Standard,1
00941,becky79@example.net,Henry,Male,Basic,1
00942,nhiggins@example.com,Devon,Female,Basic,1
00943,kathleen79@example.net,April,Male,Standard,1
00944,andrespence@example.org,Deanna,Female,Standard,1
00945,kimberlyblair@example.net,Elizabeth,Male,Premium+,1
00946,rmiller@example.net,Christopher,Female,Premium,1
00947,wilsonkelsey@example.net,Darren,Female,Standard,1
00948,jamesdean@example.net,Benjamin,Male,Premium+,1
00949,kathycampbell@example.org,Justin,Female,Premium+,1
00950,andremorrow@example.org,Virginia,Female,Basic,1
00951,tanyawilson@example.com,Rodney,Female,Standard,1
00952,thomastimothy@example.org,David,Male,Standard,1
00953,iperez@example.com,Matthew,Male,Premium,1
00954,kfrye@example.net,Miguel,Female,Premium,1
00955,iskinner@example.com,Ryan,Male,Standard,1
00956,wross@example.org,Evan,Male,Premium,0
00957,gmiller@example.org,Shawn,,Standard,1
00958,tthompson@example.org,Andre,,Basic,0
00959,james39@example.com,Lynn,Female,Premium,1
00960,dsmith@example.com,Robert,Male,Basic,1
00961,benjamin49@example.org,Lori,Male,Basic,0
00962,deborah97@example.com,Danielle,Female,Premium,0
00963,toddcisneros@example.com,Ashley,Male,Premium,1
00964,joneslynn@example.com,Nicole,Female,Standard,1
00965,mccoydonna@example.com,Melissa,Female,Basic,1
00966,wallersarah@example.com,Amanda,Female,Premium,0
00967,bryanjohnson@example.net,Robert,Female,Premium,1
00968,williamporter@example.net,Lacey,Male,Premium,0
00969,jennifergreen@example.org,Daniel,Female,Standard,0
00970,owhite@example.org,Jacqueline,Female,Premium+,1
00971,wallaceeric@example.com,Paul,Female,Basic,1
00972,amanda88@example.org,Nicole,,Premium,0
00973,evansjason@example.org,Michael,Female,Premium,0
00974,hullmanuel@example.net,Richard,Female,Standard,1
00975,heidihill@example.net,Richard,Female,Premium,0
00976,collinmiller@example.com,Zachary,Female,Basic,1
00977,gcollins@example.com,Haley,Male,Basic,1
00978,kirkkimberly@example.com,Heidi,Male,Basic,1
00979,robertwright@example.net,Craig,Male,Standard,0
00980,harold46@example.com,Kristen,Female,Premium,1
00981,vavila@example.net,Ashley,Female,Premium,1
00982,lauren62@example.net,Kaylee,Male,Standard,1
00983,melissawilson@example.org,Herbert,Female,Standard,1
00984,juanlucero@example.org,Renee,Female,Premium,0
00985,jamesmiller@example.net,Scott,Male,Premium,1
00986,brianrice@example.org,Matthew,Male,Premium,0
00987,wesleyjohns@example.com,Brandon,Male,Premium,1
00988,sarahrollins@example.com,Evelyn,Female,Standard,1
00989,lorihurst@example.com,Diana,Other,Premium,1
00990,jennifer82@example.com,Mark,Female,Premium,1
00991,kirbymichael@example.org,Jonathan,Male,Premium,1
00992,jbush@example.org,Darlene,Female,Standard,1
00993,nicoleduran@example.net,Kevin,Male,Premium,1
00994,lpage@example.com,Rebecca,Other,Premium,1
00995,myerslisa@example.net,Tonya,Male,Premium,1
00996,brownalexa@example.com,Nicolas,Male,Standard,1
00997,bryan38@example.com,Debra,Female,Standard,1
00998,johnsonjames@example.org,Mary,Female,Standard,1
00999,andrew06@example.com,Robert,Male,Premium,1
01000,gweaver@example.com,Kelsey,Male,Basic,1
01001,kferguson@example.net,Erik,Male,Premium,1
01002,anthony96@example.org,Shawn,Female,Standard,1
01003,osweeney@example.net,Omar,Female,Standard,1
01004,stucker@example.net,Emily,Male,Standard,1
01005,gregory29@example.com,William,Female,Standard,1
01006,cbass@example.com,Kimberly,Male,Basic,1
01007,chenjeffrey@example.net,Robert,Male,Premium,1
01008,adam17@example.net,Eugene,Female,Standard,1
01009,hartmansherry@example.net,Christopher,Female,Basic,1
01010,jeremy70@example.net,James,,Premium,1
01011,holly32@example.net,Robert,Male,Standard,1
01012,tiffanyharris@example.com,Jason,Female,Basic,1
01013,tarabowers@example.net,Samuel,Male,Premium,1
01014,jlee@example.org,Patricia,Male,Standard,1
01015,brian74@example.net,Phillip,Other,Standard,1
01016,daniel74@example.net,Elizabeth,Female,Premium+,1
01017,dfleming@example.net,Gary,Female,Premium,1
01018,estradaian@example.com,Monica,Male,Premium,1
01019,scott95@example.org,Justin,Female,Standard,1
01020,williamstoni@example.com,Tara,Male,Standard,1
01021,mosesveronica@example.com,Susan,Male,Basic,0
01022,kstuart@example.net,Dawn,Male,Standard,0
01023,jenniferhuber@example.net,Ashley,Male,Premium,1
01024,ethanbailey@example.org,Trevor,,Standard,1
01025,jefferywalker@example.com,Chad,Prefer not to say,Standard,1
01026,cruzscott@example.org,Juan,Male,Basic,1
01027,gary03@example.org,Emily,Female,Basic,1
01028,aaronwallace@example.org,Meagan,Male,Premium+,1
01029,rsharp@example.com,Ryan,Male,Premium+,1
01030,sjackson@example.org,Angela,Female,Standard,1
01031,znolan@example.net,Martin,Prefer not to say,Premium,0
01032,amanda32@example.net,Brian,Other,Premium,1
01033,nunezjill@example.net,David,Female,Standard,0
01034,sanchezjennifer@example.org,Wesley,Male,Standard,1
01035,wbryant@example.com,Cheryl,Female,Premium,1
01036,valenciaerik@example.net,David,Male,Standard,1
01037,dsmith@example.com,Angela,,Basic,1
01038,dcox@example.com,Kimberly,Female,Premium,1
01039,alan96@example.org,James,Male,Standard,1
01040,joseph21@example.net,Amanda,Female,Standard,0
01041,jeffrey85@example.org,Jennifer,Female,Standard,1
01042,chrismccarthy@example.com,Richard,,Basic,1
01043,stacey53@example.com,Anne,Male,Standard,1
01044,armstrongsara@example.net,William,Male,Premium+,1
01045,daniellivingston@example.org,Molly,Female,Basic,1
01046,lauramoore@example.com,Kevin,Male,Premium,1
01047,wbentley@example.org,Sarah,Female,Premium,1
01048,gsmall@example.com,Joseph,Male,Premium,1
01049,rebeccaford@example.org,Richard,Female,Premium,1
01050,lisarandolph@example.org,Sara,Other,Premium+,1
01051,mbates@example.org,Anthony,Female,Premium,1
01052,gonzalezcindy@example.com,April,Female,Basic,1
01053,margaret33@example.org,Edward,Female,Premium+,1
01054,jeremysimmons@example.net,Teresa,Female,Standard,1
01055,patrickgarcia@example.com,Eric,Female,Standard,1
01056,kimberly73@example.com,Karen,Female,Premium,1
01057,ann92@example.net,Gregory,,Standard,1
01058,plin@example.org,Amanda,,Premium+,1
01059,delgadomario@example.org,Jeffrey,Male,Premium,1
01060,uwilliams@example.com,Lauren,Male,Premium+,1
01061,nvargas@example.net,Shannon,Male,Standard,1
01062,deandenise@example.org,Jessica,,Standard,1
01063,hjohnson@example.com,Charles,Male,Premium,1
01064,shaley@example.net,Deborah,Female,Basic,1
01065,jessethomas@example.org,Brenda,Female,Standard,1
01066,dsmith@example.org,Robert,Female,Basic,0
01067,yvelasquez@example.com,Hannah,,Premium+,1
01068,annette92@example.com,Christian,Male,Premium,1
01069,martinevan@example.com,Ronald,Female,Premium+,1
01070,vwright@example.com,Julie,Male,Standard,1
01071,beth43@example.net,Natalie,Male,Standard,1
01072,vanessacaldwell@example.net,Cory,Prefer not to say,Basic,1
01073,james65@example.com,Lauren,Female,Basic,1
01074,jenniferwalker@example.org,Donald,Female,Premium+,1
01075,markrogers@example.net,Tamara,Female,Standard,1
01076,fhughes@example.org,Sarah,Male,Premium,1
01077,kylecarter@example.com,Jared,Male,Standard,1
01078,ashleyramirez@example.net,Eric,Female,Standard,1
01079,mooreamanda@example.com,Frank,Male,Standard,1
01080,albertsmith@example.com,Ashley,Female,Premium+,1
01081,xlogan@example.org,Melissa,Male,Basic,1
01082,reneenavarro@example.net,Lisa,Female,Standard,1
01083,gibsonfrank@example.org,Kelly,Female,Basic,1
01084,qmorris@example.com,Cindy,Other,Premium+,1
01085,matthewbrennan@example.org,Eric,,Premium,0
01086,courtneyhayes@example.org,Cory,Female,Premium,1
01087,caldwellpatricia@example.org,Melissa,Female,Standard,1
01088,jill17@example.org,Gregory,Other,Basic,1
01089,danielthompson@example.net,Gina,Male,Premium+,1
01090,kevin04@example.net,William,,Premium,0
01091,kristinwest@example.com,Ray,Female,Premium+,1
01092,rhondabradley@example.org,Christopher,Female,Standard,1
01093,jonessandra@example.com,Bobby,Male,Premium,1
01094,bradbennett@example.com,Cindy,Female,Premium+,1
01095,calebday@example.org,Clinton,Male,Basic,1
01096,aevans@example.org,Alyssa,Male,Premium,1
01097,ashleyshaw@example.com,Danielle,Male,Basic,1
01098,nramsey@example.com,Daniel,Male,Standard,1
01099,amanda14@example.net,Sharon,Prefer not to say,Premium,1
01100,mossandrew@example.org,Robert,,Standard,0
01101,smithcrystal@example.com,Joseph,Female,Standard,1
01102,hayesamanda@example.com,Lynn,Male,Premium+,1
01103,lisarussell@example.net,William,Female,Premium,1
01104,dudleyjames@example.net,James,Female,Basic,1
01105,wnguyen@example.net,Richard,Male,Premium,1
01106,kaylahowell@example.com,Sue,Male,Standard,1
01107,jessicasmith@example.net,Jacqueline,Female,Standard,1
01108,mark94@example.net,Courtney,,Basic,1
01109,tgarza@example.org,Audrey,Female,Premium,1
01110,leahpham@example.com,Robert,Other,Standard,1
01111,kelly09@example.org,Nancy,Prefer not to say,Basic,1
01112,larsenharold@example.net,Michael,Other,Standard,1
01113,vgreen@example.org,Robert,Male,Standard,1
01114,vargasmolly@example.net,Deanna,Female,Premium,1
01115,dcole@example.net,Robin,Male,Standard,0
01116,hallsamantha@example.com,David,Male,Standard,1
01117,xthomas@example.org,Mario,Male,Basic,1
01118,joe47@example.org,Victor,Female,Basic,1
01119,amandaedwards@example.com,Tara,Male,Premium,1
01120,ariascarlos@example.net,Joel,Male,Standard,1
01121,george94@example.org,Donald,Male,Basic,1
01122,kyle14@example.com,Kyle,Female,Premium,1
01123,kellykevin@example.net,James,,Premium,0
01124,russocasey@example.org,Margaret,Female,Standard,1
01125,alecwilcox@example.com,Leslie,Male,Basic,1
01126,yburnett@example.net,Craig,Female,Standard,1
01127,brittanysanders@example.org,Jeffrey,Other,Premium+,1
01128,rodriguezamanda@example.net,Timothy,Female,Standard,1
01129,peter88@example.com,Brandi,Male,Premium+,1
01130,whitecharles@example.net,Jessica,Male,Standard,0
01131,ruth45@example.org,Laura,Male,Basic,1
01132,karen81@example.org,Chelsea,Male,Standard,1
01133,griffinbarbara@example.com,Dylan,Female,Standard,1
01134,awoodward@example.net,James,Other,Premium,1
01135,dennis55@example.org,Jennifer,Female,Standard,1
01136,jenniferclark@example.org,Sarah,Male,Standard,1
01137,john90@example.net,Courtney,Female,Standard,1
01138,fallen@example.net,Michael,Male,Premium,1
01139,kjohnson@example.net,Wendy,Male,Standard,1
01140,johnsondaniel@example.net,Susan,Prefer not to say,Standard,1
01141,lopezann@example.org,Tracy,Male,Premium+,1
01142,shawn89@example.org,Laura,Female,Standard,1
01143,uhubbard@example.com,Melissa,Male,Standard,1
01144,mccormickkatherine@example.com,James,Male,Standard,1
01145,jasoncampbell@example.com,Alexander,Female,Basic,1
01146,randybailey@example.org,Sandra,,Basic,1
01147,smithjasmine@example.com,Cory,Male,Standard,1
01148,blevinssandra@example.org,Amy,Male,Premium,0
01149,christian74@example.org,Keith,Female,Standard,1
01150,wattsjason@example.com,Edward,Female,Premium,1
01151,chadward@example.com,Alejandro,Male,Premium,0
01152,christinadavis@example.org,George,Male,Premium+,1
01153,molly46@example.org,Daniel,Male,Basic,1
01154,katherinecarter@example.org,Michael,Male,Basic,1
01155,kevin77@example.org,Christina,Female,Premium,1
01156,wallererica@example.com,Margaret,Prefer not to say,Premium,1
01157,lindafernandez@example.com,Jessica,Female,Premium+,1
01158,stephen08@example.net,Samuel,Prefer not to say,Standard,1
01159,philliphayden@example.net,Martha,Female,Standard,1
01160,audreyrose@example.com,Ryan,Male,Premium,0
01161,howardmark@example.org,Aaron,Male,Standard,1
01162,martinezdavid@example.org,Bethany,Male,Premium,1
01163,ysmith@example.net,Kevin,Female,Standard,1
01164,johnwilson@example.org,Stephanie,Female,Standard,1
01165,teresalopez@example.com,Casey,Male,Standard,0
01166,jreynolds@example.net,Cody,Female,Premium,1
01167,xcarlson@example.com,Edward,Male,Premium,0
01168,ocollins@example.com,Andre,Female,Premium+,1
01169,michael04@example.net,Danny,Prefer not to say,Premium,1
01170,stephenjohnson@example.net,James,Female,Premium,1
01171,owalton@example.net,Larry,Male,Premium,0
01172,howellmason@example.org,Victor,Male,Premium,1
01173,frankstewart@example.org,Margaret,,Premium+,1
01174,tonya97@example.com,William,Female,Premium+,1
01175,gproctor@example.net,Vincent,Female,Premium,0
01176,hkelley@example.org,Matthew,,Standard,1
01177,dawn11@example.org,Kim,Female,Premium,1
01178,jenniferrice@example.com,Amanda,Male,Basic,0
01179,james41@example.net,John,Male,Premium,0
01180,dbrown@example.org,Bryan,Female,Standard,1
01181,allenkaren@example.com,Brittany,Female,Premium,1
01182,corey47@example.net,Michelle,Male,Basic,0
01183,amills@example.com,Kimberly,Female,Premium,1
01184,patriciarhodes@example.net,John,Female,Basic,1
01185,whitejustin@example.org,Kristen,Female,Premium,0
01186,francisholloway@example.com,Kristina,Female,Standard,1
01187,carl91@example.org,Heidi,Male,Standard,1
01188,jameswilliams@example.net,Patricia,Male,Basic,1
01189,smithroberta@example.net,Caroline,Male,Basic,1
01190,zwolfe@example.net,Jerry,Female,Premium,1
01191,zwagner@example.net,Melissa,Prefer not to say,Premium+,1
01192,lindsay23@example.net,Kathy,Female,Premium+,1
01193,hernandezkristin@example.com,Kelsey,Female,Standard,1
01194,wardlinda@example.net,Amanda,Female,Standard,0
01195,lori48@example.com,Emily,Male,Basic,1
01196,westroy@example.org,Sean,Male,Standard,1
01197,cassandra38@example.com,Catherine,Male,Standard,1
01198,kimberly40@example.com,Grace,Female,Standard,1
01199,vcole@example.com,Vincent,Male,Basic,1
01200,zclark@example.net,Stanley,,Premium,1
01201,hsimmons@example.com,Rodney,Female,Standard,1
01202,houstonstephanie@example.org,Breanna,Female,Standard,1
01203,tyler10@example.com,Miranda,Male,Premium,1
01204,gina04@example.net,Jason,Female,Standard,0
01205,phamilton@example.net,Amber,Female,Premium,1
01206,stevenmoore@example.com,Amber,Male,Basic,1
01207,pchavez@example.com,Shawn,Female,Premium,1
01208,aturner@example.com,Victoria,Female,Basic,0
01209,kelseystrong@example.com,Christine,Other,Premium+,1
01210,johnjones@example.org,Rebecca,Male,Premium,1
01211,heather39@example.org,James,Male,Basic,1
01212,martineztammy@example.com,Christopher,Male,Standard,1
01213,charlesstevens@example.net,Joshua,Male,Premium+,1
01214,willishenry@example.com,Jacqueline,Male,Premium,1
01215,patrick20@example.net,David,Female,Premium,0
01216,hayley55@example.org,Clinton,Female,Basic,0
01217,dlowery@example.net,Jose,Female,Premium,1
01218,garzajill@example.org,Kelsey,Female,Standard,1
01219,cody90@example.org,Tanner,Male,Premium+,1
01220,holly72@example.com,Andrew,,Basic,1
01221,kjackson@example.org,Molly,Male,Standard,0
01222,briannaking@example.org,Christopher,Male,Premium+,1
01223,sjackson@example.com,Dennis,Male,Standard,1
01224,christinawilliams@example.org,John,Female,Basic,1
01225,barnesandrew@example.net,Steven,Female,Standard,1
01226,jeffery85@example.org,Ashley,Male,Standard,1
01227,kristinwilson@example.net,Justin,Other,Premium,0
01228,ewhite@example.net,Alexandra,Female,Standard,1
01229,nichole17@example.com,Craig,Female,Premium,1
01230,ann74@example.com,Christian,Male,Standard,0
01231,martinmorgan@example.net,Julie,Prefer not to say,Basic,1
01232,bryan00@example.net,Jeremy,Male,Premium,1
01233,perkinsjeffrey@example.net,Jose,Prefer not to say,Standard,1
01234,fosternicholas@example.net,Megan,Male,Basic,1
01235,donna18@example.com,Shawna,Male,Standard,1
01236,robertsjoel@example.com,Arthur,Female,Standard,1
01237,andrewsullivan@example.net,Amy,Male,Standard,1
01238,gmurphy@example.com,Paul,Male,Standard,1
01239,melanie49@example.org,Maria,,Standard,1
01240,moralesfrancisco@example.net,Thomas,Male,Premium+,1
01241,stevenellis@example.org,Lynn,Male,Standard,0
01242,susanturner@example.net,Daniel,Male,Premium,1
01243,aarongreen@example.net,Susan,Male,Standard,1
01244,aruiz@example.com,Stephanie,Male,Standard,1
01245,murphyjames@example.com,Danny,Male,Premium+,1
01246,gibsonrichard@example.net,Caroline,Other,Standard,1
01247,darleneowens@example.com,Charles,Male,Basic,1
01248,maryallen@example.org,Brian,Other,Premium,1
01249,dawncook@example.net,Rachel,Female,Standard,1
01250,stephenwright@example.org,Ashley,Male,Standard,1
01251,meganvance@example.com,Michael,Female,Standard,1
01252,rwilcox@example.net,David,Male,Premium,1
01253,zjohnson@example.com,Justin,Female,Standard,1
01254,gabrieljenkins@example.net,Alex,Male,Premium,1
01255,maliktran@example.com,Angela,Male,Premium,0
01256,millsmichelle@example.com,Cody,Other,Standard,1
01257,jspears@example.net,Sue,Male,Premium,1
01258,edwin87@example.org,Brittany,Female,Standard,1
01259,stonejesus@example.org,Ashley,Male,Premium,1
01260,aferguson@example.org,Donna,Male,Standard,1
01261,katherinepearson@example.net,Melissa,Female,Basic,1
01262,melissa10@example.org,Tracy,Male,Standard,1
01263,thomasmatthew@example.net,Brittany,Female,Basic,1
01264,andrea04@example.com,Anthony,Male,Premium,0
01265,ssoto@example.net,Christopher,Male,Basic,1
01266,william55@example.net,Jessica,,Premium,1
01267,anicholson@example.org,Alex,,Premium,0
01268,gregorybrock@example.org,Brianna,Female,Standard,1
01269,aferguson@example.org,Marc,Male,Standard,1
01270,brianlee@example.com,Joseph,Female,Basic,1
01271,greenechristina@example.net,Michelle,Female,Premium,1
01272,laurenallen@example.net,Daniel,Male,Standard,1
01273,xcrane@example.net,Kenneth,Male,Premium,0
01274,barbarafisher@example.com,Whitney,Male,Premium,1
01275,kaitlynjones@example.net,Allen,Male,Premium,0
01276,bfoster@example.org,Bradley,Female,Premium,1
01277,brianyang@example.net,Douglas,Male,Premium+,1
01278,meredithandrews@example.org,Bobby,Male,Premium,1
01279,floresjulie@example.net,Heather,Male,Standard,0
01280,justincombs@example.com,Raymond,Female,Basic,0
01281,agarcia@example.org,Amber,Male,Premium,1
01282,lauren15@example.net,Anthony,Male,Premium,1
01283,alisha90@example.com,Harold,Other,Premium,1
01284,coltoncain@example.net,Brandy,Male,Standard,1
01285,russellprice@example.org,James,Male,Basic,1
01286,ingramtara@example.net,Melanie,Female,Standard,0
01287,jakeroth@example.net,Jason,Female,Premium+,0
01288,lwilliamson@example.net,Jonathan,Male,Standard,0
01289,johnstonjohn@example.org,Rodney,Male,Premium,1
01290,marshtimothy@example.com,Mark,Male,Standard,1
01291,johnsonjennifer@example.com,Traci,Female,Premium,1
01292,perryjessica@example.net,Stephanie,Female,Premium,1
01293,gavin84@example.org,Christopher,Female,Basic,1
01294,ronniefisher@example.com,Meagan,Male,Basic,1
01295,sdaniel@example.net,Joseph,,Premium,1
01296,carol86@example.org,Lisa,Prefer not to say,Premium,1
01297,patricia12@example.org,Jennifer,Male,Premium+,1
01298,ginakim@example.net,Derrick,Male,Standard,0
01299,boonekim@example.net,Regina,Female,Premium,1
01300,heidiscott@example.net,Richard,Male,Basic,1
01301,nicoleweaver@example.org,Eric,Female,Premium,1
01302,michael57@example.net,Stephanie,Female,Standard,1
01303,adam06@example.net,Matthew,Male,Premium,1
01304,gregoryscott@example.com,Casey,Prefer not to say,Premium+,1
01305,huntjesus@example.com,Michelle,Female,Standard,1
01306,thompsonlaura@example.com,Amber,Female,Basic,1
01307,kparrish@example.com,Mary,,Premium,1
01308,fwalton@example.com,Ashley,Male,Basic,1
01309,dylan03@example.org,Rhonda,Male,Basic,1
01310,iruiz@example.com,Michael,Female,Standard,1
01311,kristin86@example.net,Daniel,Female,Basic,1
01312,stephenroberson@example.com,Corey,Male,Premium,1
01313,jfernandez@example.com,Olivia,Male,Premium,0
01314,jeffreywells@example.com,Tina,Male,Premium,1
01315,ljoyce@example.com,Chad,Male,Standard,1
01316,wpalmer@example.net,Luke,Male,Basic,1
01317,bharris@example.org,Gina,,Premium,1
01318,paynelindsay@example.org,Sarah,,Premium+,0
01319,williamsbrenda@example.org,Kimberly,Male,Standard,1
01320,bradley75@example.com,Michelle,Female,Premium,1
01321,marybarrett@example.org,Marcus,,Standard,1
01322,jennifer44@example.org,Michael,Male,Standard,1
01323,melissa36@example.net,Daniel,Male,Premium,0
01324,michael84@example.com,Tiffany,Female,Premium+,1
01325,timothy78@example.net,Misty,Other,Premium,1
01326,jennifertaylor@example.org,Angie,,Standard,0
01327,amanda96@example.com,Stacey,Female,Standard,1
01328,debra74@example.net,Roger,Female,Basic,1
01329,perezkathryn@example.com,Paul,,Premium,1
01330,oroberts@example.org,Kelli,Female,Standard,1
01331,dbennett@example.org,Veronica,,Standard,1
01332,erinirwin@example.com,Charles,Female,Standard,1
01333,cynthiahill@example.com,Joshua,Other,Standard,1
01334,donald60@example.org,John,Male,Standard,1
01335,qbennett@example.org,Cathy,Female,Basic,1
01336,sara48@example.com,Donald,Male,Premium,1
01337,gloria49@example.org,Michael,Female,Premium+,1
01338,john76@example.com,Willie,Female,Basic,0
01339,christopher14@example.org,Timothy,Female,Basic,1
01340,vturner@example.com,Richard,Female,Standard,1
01341,powellbrian@example.org,Jackson,Male,Premium,1
01342,powelltimothy@example.org,Charles,Female,Basic,0
01343,derektaylor@example.org,Vickie,Male,Standard,1
01344,wilsonjared@example.net,Jason,,Premium,1
01345,marisa64@example.com,Jay,,Standard,1
01346,julieblair@example.net,John,Female,Standard,1
01347,fdavenport@example.com,Wendy,Male,Standard,1
01348,gbutler@example.com,Kirsten,Male,Basic,1
01349,matthewhoffman@example.net,David,Female,Standard,1
01350,pmiller@example.com,Stephanie,Male,Basic,1
01351,jcross@example.com,Brittany,Male,Premium,1
01352,sancheztyler@example.org,David,Male,Premium,1
01353,kdennis@example.org,David,Male,Standard,1
01354,paulpark@example.com,Jamie,Female,Standard,1
01355,holderdaniel@example.net,Jacqueline,Male,Standard,0
01356,johnsonstephanie@example.org,Michael,Male,Premium,1
01357,thomaswade@example.com,Susan,Male,Standard,1
01358,cburke@example.org,Regina,Female,Basic,0
01359,hernandezanna@example.com,Sara,Female,Premium,1
01360,angela20@example.org,James,Male,Standard,1
01361,sgarcia@example.org,Darren,Female,Standard,1
01362,tarameyer@example.net,Keith,Other,Premium,1
01363,travis46@example.org,John,Male,Premium+,1
01364,baileynatalie@example.org,Christopher,Male,Premium+,1
01365,gary52@example.net,Jodi,Male,Premium,1
01366,smyers@example.net,Tina,Male,Standard,1
01367,flittle@example.com,Peter,Male,Premium,1
01368,carteryolanda@example.com,Mary,Female,Premium,0
01369,smithdanielle@example.com,Amber,Male,Standard,1
01370,belllaura@example.org,Jerome,,Standard,1
01371,anthony41@example.org,Shaun,Male,Standard,1
01372,sandrasmith@example.com,David,Female,Standard,1
01373,curtis45@example.org,Chris,Female,Standard,1
01374,thompsondarlene@example.net,Andrew,Male,Standard,1
01375,sarah36@example.net,Luis,,Premium,1
01376,barbaradoyle@example.com,Ashley,Male,Basic,1
01377,robert33@example.com,Nathan,Male,Premium+,1
01378,michaelreid@example.net,James,Female,Premium,1
01379,leah08@example.com,John,Female,Premium,1
01380,cortezmatthew@example.com,Mark,,Basic,1
01381,allenkathryn@example.org,Christine,Female,Premium,1
01382,ramirezrhonda@example.org,Philip,Female,Standard,0
01383,xweaver@example.org,Michael,Male,Standard,0
01384,davidhall@example.org,Kevin,Other,Premium,1
01385,christine79@example.com,Cassandra,Male,Premium,1
01386,rbaldwin@example.com,Caleb,Female,Standard,1
01387,juliamiller@example.com,Steven,Female,Premium,1
01388,ericalyons@example.org,Elizabeth,,Standard,0
01389,angelaunderwood@example.net,Thomas,Female,Premium,0
01390,pharris@example.org,James,Female,Standard,1
01391,fwalker@example.org,Justin,,Standard,1
01392,jacquelinejones@example.org,Samuel,Male,Basic,1
01393,epeterson@example.com,Samantha,Male,Premium,1
01394,jack73@example.com,Linda,Female,Standard,1
01395,aaustin@example.com,William,Male,Premium,1
01396,tarabarnes@example.com,Michele,Female,Standard,0
01397,jacqueline97@example.net,Jonathan,Female,Basic,1
01398,kristincarter@example.com,Andrea,Male,Standard,0
01399,ojohnson@example.net,Clayton,,Premium,0
01400,uross@example.com,Randall,,Standard,1
01401,wesley42@example.com,Kerri,Prefer not to say,Basic,1
01402,ocummings@example.org,Patrick,Male,Premium,1
01403,wilsonjacob@example.com,Kathryn,Male,Basic,1
01404,hcooper@example.net,Amber,Female,Premium,1
01405,gcruz@example.com,Gloria,Female,Premium,0
01406,bobbyfowler@example.org,Zachary,Male,Standard,1
01407,sullivancatherine@example.net,Timothy,Female,Basic,1
01408,lgonzales@example.net,Elizabeth,Female,Premium+,1
01409,dawn19@example.com,Mark,Female,Standard,0
01410,mcdonaldkimberly@example.com,Anita,Male,Premium+,1
01411,ericpetersen@example.org,Karen,Female,Premium,1
01412,ronald30@example.net,Lisa,Male,Basic,1
01413,eleon@example.com,David,Male,Premium,0
01414,charleswilcox@example.net,Donald,Female,Premium+,1
01415,ndavis@example.net,Sarah,,Premium,1
01416,jamesmaxwell@example.org,Christina,Male,Standard,1
01417,maryriley@example.com,Tracey,Female,Standard,0
01418,velezmark@example.net,Bradley,Female,Basic,1
01419,megan59@example.com,Jeffrey,Female,Basic,1
01420,patrick86@example.net,Melissa,Female,Premium,1
01421,lanceryan@example.com,Vanessa,Female,Premium+,0
01422,floresbridget@example.net,Joshua,Prefer not to say,Premium,0
01423,nkirk@example.com,Lisa,Female,Premium,1
01424,melissa80@example.org,Matthew,Male,Basic,1
01425,kaylalong@example.net,William,Female,Premium,1
01426,rhonda31@example.org,Tiffany,,Premium,1
01427,burgessdonald@example.com,Thomas,Female,Premium+,0
01428,ikane@example.net,Robert,Female,Standard,0
01429,ronaldgraham@example.net,Ashley,Male,Standard,1
01430,ariana12@example.com,Cindy,Male,Basic,1
01431,stewartsandra@example.net,David,Female,Premium,1
01432,fbell@example.net,Christopher,Female,Standard,1
01433,fhoffman@example.com,Victoria,Female,Standard,1
01434,snydergeorge@example.org,Dorothy,Female,Basic,0
01435,cjackson@example.org,Danielle,Female,Premium+,1
01436,virginia57@example.net,Lindsay,Other,Premium+,1
01437,michaeltorres@example.com,Jonathan,Male,Standard,1
01438,donnamcintosh@example.net,Crystal,,Premium,1
01439,ediaz@example.org,John,Other,Premium+,1
01440,lauren50@example.net,Amanda,Male,Basic,0
01441,megangarza@example.com,Elizabeth,Male,Premium,1
01442,victoria02@example.net,Larry,,Premium,1
01443,christiangriffith@example.org,Douglas,Female,Premium,1
01444,lindacooper@example.net,Alexandra,,Standard,1
01445,mariomiller@example.net,Maurice,Female,Premium,1
01446,scottcruz@example.org,Elizabeth,Male,Standard,1
01447,dixonkristen@example.com,Ernest,Male,Premium,1
01448,grahamtroy@example.org,Matthew,Prefer not to say,Basic,1
01449,kimberly88@example.net,Kyle,Male,Premium,1
01450,trevinoduane@example.org,Daniel,Female,Premium,1
01451,brittany44@example.org,Adrienne,Female,Standard,1
01452,rwebb@example.net,Malik,Male,Standard,1
01453,wilkinsondonald@example.net,Julia,Male,Standard,0
01454,eringraham@example.com,Kendra,Female,Standard,1
01455,kinglouis@example.org,Adam,Male,Standard,0
01456,brookeshaw@example.com,Brandon,Male,Standard,1
01457,kristinaweaver@example.org,Charles,,Standard,1
01458,gardnererik@example.org,Jimmy,Male,Premium+,1
01459,cummingsdana@example.org,Maureen,,Standard,1
01460,clopez@example.org,David,Female,Basic,1
01461,dalton37@example.org,Christopher,Female,Premium+,0
01462,christinacooper@example.com,Carol,Male,Standard,1
01463,brendamorales@example.org,Kathy,Male,Premium+,1
01464,madeline02@example.net,Jeff,Female,Standard,1
01465,phillipserin@example.org,Robert,Female,Premium,1
01466,paigeperry@example.com,Meagan,Male,Standard,0
01467,tommorrison@example.net,Richard,Male,Premium+,1
01468,ydonovan@example.com,Joshua,Male,Standard,1
01469,timothy83@example.org,Amanda,Male,Basic,1
01470,bonnie79@example.net,Leslie,Male,Standard,1
01471,cooleypatricia@example.org,Chase,Male,Premium,1
01472,marissa72@example.net,Dale,Male,Standard,1
01473,kmoreno@example.net,Daniel,Female,Standard,0
01474,robertmartinez@example.org,Theodore,Female,Basic,1
01475,zachary58@example.org,Heather,,Premium,1
01476,daniel41@example.net,Marcus,Other,Standard,1
01477,martinezamber@example.org,Michael,Female,Basic,1
01478,hharper@example.net,Kimberly,Male,Premium,1
01479,jacquelinemurray@example.net,Mark,Male,Premium+,1
01480,mendozajeremy@example.com,Jasmine,Female,Basic,1
01481,pnunez@example.org,Ryan,Male,Premium+,1
01482,heathersanchez@example.com,Heidi,Prefer not to say,Basic,1
01483,salazarbarbara@example.org,Troy,Female,Premium,1
01484,cohencindy@example.net,Paul,Female,Premium,1
01485,waltersgreg@example.com,Jennifer,Female,Premium,1
01486,davenportcolleen@example.net,Chelsea,Female,Basic,1
01487,robert34@example.net,Stephanie,Female,Premium+,1
01488,gregory38@example.org,Sherry,Female,Standard,1
01489,natasha70@example.org,Lindsay,Female,Standard,1
01490,johnsonbrittany@example.net,Joshua,Male,Premium,0
01491,ssmith@example.org,Isabella,Male,Basic,1
01492,zgarcia@example.com,Robert,Female,Premium,1
01493,anna23@example.com,Tara,Male,Basic,1
01494,kvincent@example.org,Matthew,,Premium+,0
01495,turnerarthur@example.org,Brian,Male,Standard,1
01496,ashley68@example.org,James,Male,Premium,1
01497,aaroncarter@example.net,Dylan,Female,Premium,1
01498,tlewis@example.net,Jason,Male,Standard,1
01499,ffrazier@example.com,Shane,Female,Basic,1
01500,paulhahn@example.com,Heather,Female,Standard,0
01501,brianaallison@example.com,Kristin,Female,Premium,0
01502,wfisher@example.org,Candice,Other,Basic,1
01503,joanna65@example.com,Jessica,Female,Standard,1
01504,robinhancock@example.org,Russell,Male,Premium,1
01505,mmiller@example.net,Martha,Female,Premium,1
01506,fwest@example.net,William,Male,Premium,0
01507,richard99@example.com,Alison,Other,Standard,1
01508,stewartmary@example.net,Cindy,Female,Basic,1
01509,pparker@example.org,Jon,Male,Standard,1
01510,sabrinaperez@example.net,Deanna,Female,Premium,1
01511,charles30@example.org,Willie,,Standard,1
01512,upierce@example.com,Lisa,,Premium,1
01513,jasonharris@example.org,Larry,Female,Premium,1
01514,robin19@example.com,Julie,Male,Basic,1
01515,jennifer13@example.org,Martin,Male,Premium+,0
01516,powerscory@example.org,Michael,,Premium,0
01517,loganjudy@example.org,Donald,Other,Standard,1
01518,fvaughn@example.org,Paula,Male,Premium,0
01519,gloriachen@example.com,Sarah,Male,Standard,1
01520,smithashley@example.org,Travis,Female,Basic,0
01521,christina24@example.org,Sheila,,Basic,1
01522,ysmith@example.org,Andrea,Male,Premium,1
01523,bobby90@example.com,Cynthia,Female,Premium,0
01524,zacharyvasquez@example.net,Jessica,Male,Standard,1
01525,gaylauren@example.org,Albert,Female,Standard,0
01526,melody89@example.com,Ann,Male,Standard,0
01527,briannaandrade@example.net,Thomas,Female,Standard,1
01528,vdavenport@example.com,Brittany,Female,Standard,1
01529,nathanielwilliams@example.net,Ronald,Male,Standard,1
01530,ubeltran@example.com,Mariah,Male,Basic,1
01531,sandragraves@example.com,Amanda,Female,Premium+,0
01532,combsdenise@example.net,Roger,Other,Basic,1
01533,malexander@example.com,Savannah,Male,Premium,1
01534,millerjill@example.net,Denise,Female,Premium,1
01535,bradleyapril@example.com,Diana,Male,Premium,1
01536,samuelallen@example.net,Ricardo,Female,Premium,0
01537,rwashington@example.net,Cynthia,Female,Basic,1
01538,riley28@example.com,George,Female,Standard,1
01539,christophermoore@example.org,Jordan,Female,Standard,1
01540,wadepatricia@example.net,Catherine,Female,Basic,1
01541,jamie16@example.com,Abigail,Male,Standard,0
01542,usmith@example.com,Deborah,Female,Premium,1
01543,stephanieswanson@example.net,Katrina,Female,Standard,1
01544,rodriguezstephanie@example.net,Steven,Male,Standard,1
01545,taylor85@example.com,Dale,Male,Premium,1
01546,johnthomas@example.com,Michael,Female,Basic,1
01547,moorerachael@example.net,Courtney,Female,Basic,1
01548,richard97@example.net,Jonathan,Female,Standard,1
01549,xmcmillan@example.net,Benjamin,Female,Standard,1
01550,bentleysteve@example.net,Autumn,Female,Standard,1
01551,elizabethtownsend@example.net,Sean,Female,Standard,1
01552,burnsshawn@example.org,Joseph,Male,Standard,1
01553,frederick49@example.org,Richard,Male,Basic,0
01554,sloanemily@example.org,Kim,Male,Premium,1
01555,pennyruiz@example.net,Jasmine,Female,Standard,1
01556,bakerdiane@example.com,Linda,Female,Premium,0
01557,nicholas53@example.org,Glenda,Male,Premium,1
01558,mcdanieldrew@example.org,Hannah,Other,Standard,0
01559,anthonyjones@example.net,James,Female,Standard,1
01560,dmora@example.com,Jessica,Other,Basic,1
01561,webbdestiny@example.net,Dana,Female,Standard,1
01562,bradleymercado@example.net,Paul,Female,Standard,1
01563,chelseasmith@example.com,Tammy,Female,Premium+,1
01564,lopezvictoria@example.org,Steven,Female,Premium,1
01565,richardsmith@example.org,Rodney,Female,Premium+,1
01566,katelyncarey@example.org,Adam,Female,Premium,1
01567,torresrebecca@example.org,Rhonda,Female,Basic,1
01568,fgarcia@example.org,Holly,Male,Premium,1
01569,riverasylvia@example.com,Kathleen,Male,Premium,0
01570,smithjoshua@example.com,Shelly,Male,Premium,0
01571,wcook@example.com,Virginia,Female,Standard,1
01572,weavervicki@example.com,Melissa,Female,Premium,0
01573,garciabrett@example.net,Philip,Male,Standard,1
01574,william40@example.org,Chelsea,Female,Basic,1
01575,robinsondavid@example.com,Arthur,Female,Standard,1
01576,nicholascrawford@example.net,Natasha,Male,Basic,1
01577,pfernandez@example.org,James,Female,Standard,1
01578,davenportstephanie@example.com,Jasmine,Male,Premium+,1
01579,williamsanchez@example.net,Antonio,,Premium+,1
01580,danielnixon@example.net,Jonathan,Male,Premium,1
01581,michaelowen@example.com,Andrea,,Basic,1
01582,winterschristopher@example.net,Ann,Female,Premium,1
01583,laurie49@example.com,Glenn,Male,Premium+,0
01584,usmith@example.org,Harold,Male,Premium+,0
01585,kenneth41@example.com,Alyssa,,Standard,1
01586,kellyrichard@example.net,Johnny,Female,Premium,1
01587,pthomas@example.net,Raymond,Female,Standard,0
01588,oliversteven@example.org,Bradley,Other,Basic,1
01589,david32@example.net,Meagan,Female,Standard,1
01590,lisa16@example.org,Christopher,Female,Premium+,0
01591,kerrycochran@example.org,Eric,Male,Standard,1
01592,derickson@example.com,Nicole,Male,Basic,1
01593,hcox@example.com,Karen,Prefer not to say,Premium,1
01594,david79@example.com,Courtney,Female,Basic,1
01595,xreyes@example.net,David,Male,Premium+,1
01596,gaineserika@example.org,John,Female,Premium,1
01597,waltersaimee@example.org,Jeff,Female,Premium,1
01598,scohen@example.com,Laura,Male,Standard,1
01599,cnguyen@example.net,Douglas,Male,Standard,1
01600,vwright@example.net,Louis,Other,Basic,1
01601,xramos@example.com,Christy,Male,Premium,1
01602,matthewgonzalez@example.net,Patricia,Male,Standard,1
01603,elijahchang@example.com,Cynthia,Male,Premium,1
01604,lorrainemurphy@example.org,Jeanne,Female,Basic,0
01605,stacey64@example.org,Brittney,Other,Premium,1
01606,rebecca53@example.net,Cheryl,Female,Basic,1
01607,lsalinas@example.net,Tina,Male,Standard,1
01608,sawyeraaron@example.com,Larry,Male,Premium,0
01609,ginaschwartz@example.com,Robin,Male,Premium,1
01610,hguerra@example.net,Amanda,Female,Premium,1
01611,rosegina@example.com,Victoria,Female,Standard,1
01612,tavery@example.com,Madison,Female,Standard,1
01613,jessicajoseph@example.org,Brandon,Female,Standard,1
01614,anne66@example.net,Shannon,Female,Basic,1
01615,tclark@example.org,William,Prefer not to say,Premium,1
01616,polson@example.org,Cory,Female,Premium,1
01617,thomaselizabeth@example.org,Stephanie,Male,Premium,1
01618,pwelch@example.net,Derek,Male,Premium,1
01619,jeffrey29@example.com,Valerie,Male,Basic,1
01620,williamcrawford@example.org,Cory,Female,Premium,1
01621,jeffreyfinley@example.org,Patrick,Male,Basic,1
01622,kelseyhunter@example.org,Chad,Male,Basic,1
01623,silvapatrick@example.org,Christopher,Female,Standard,1
01624,amanda63@example.net,John,Female,Standard,0
01625,omarjames@example.net,Samantha,Male,Standard,1
01626,olsenlinda@example.net,Jessica,Male,Premium,1
01627,christopher18@example.org,Sherry,Other,Standard,1
01628,larry08@example.com,Aaron,Female,Standard,1
01629,lisa56@example.com,Thomas,Female,Standard,1
01630,jonathan99@example.net,Adam,Female,Premium,1
01631,bassandre@example.org,Katherine,Other,Standard,1
01632,kenneth12@example.com,Randy,Male,Premium,1
01633,william81@example.com,Rachael,Male,Premium,1
01634,tedwards@example.net,Lisa,Female,Standard,1
01635,sandraadams@example.com,Shirley,Male,Basic,1
01636,nathaniel23@example.net,Timothy,Female,Standard,1
01637,jason61@example.net,Deborah,,Basic,1
01638,sarahgonzalez@example.net,Megan,,Standard,1
01639,joshuagonzalez@example.org,Samantha,Female,Premium+,0
01640,davidlove@example.com,Matthew,Female,Standard,1
01641,michael03@example.net,John,Male,Standard,1
01642,andrew26@example.org,Brandon,Female,Standard,1
01643,tammy98@example.org,Stacey,Other,Standard,1
01644,randerson@example.org,Bryan,Male,Premium+,1
01645,obriendavid@example.org,Natasha,Female,Standard,1
01646,robertduran@example.net,Cathy,Female,Standard,0
01647,donnamadden@example.org,Nicole,,Premium,1
01648,sharonedwards@example.net,Kathleen,Male,Premium,1
01649,parkertasha@example.org,Ronald,Male,Premium,1
01650,khale@example.com,Sarah,,Standard,1
01651,olivialevy@example.com,Javier,Female,Premium,1
01652,ycordova@example.net,Carolyn,Female,Standard,1
01653,mendozajay@example.com,Alexander,Male,Premium,0
01654,jamiejohnson@example.org,Michael,Female,Standard,1
01655,williamsthomas@example.net,Christopher,Male,Standard,1
01656,williamsonmegan@example.net,Devin,Male,Basic,1
01657,knguyen@example.net,Michael,Female,Basic,0
01658,nwiley@example.net,Alexander,Other,Premium+,0
01659,felicia43@example.com,Lindsay,Female,Premium,1
01660,ehuff@example.net,Albert,Other,Standard,1
01661,betty00@example.net,Kelly,Prefer not to say,Basic,1
01662,zacharywillis@example.com,David,Male,Standard,1
01663,nathan32@example.org,Mark,Female,Premium,1
01664,shawnareese@example.net,Caitlin,Female,Premium,0
01665,jpadilla@example.net,Richard,Male,Standard,1
01666,iwilson@example.com,Lauren,,Premium+,1
01667,caitlyn20@example.com,Anna,Male,Premium+,1
01668,cmata@example.com,Katie,Prefer not to say,Premium,1
01669,donna22@example.org,James,Female,Standard,1
01670,peter11@example.net,Jessica,Female,Basic,1
01671,nicole28@example.com,William,Female,Premium,1
01672,tylermitchell@example.net,Kimberly,Female,Premium,1
01673,vbowman@example.com,Kenneth,Prefer not to say,Premium,1
01674,murraycatherine@example.net,Michael,Male,Premium,1
01675,erica73@example.org,Denise,Female,Premium+,1
01676,nromero@example.com,Edgar,Female,Standard,1
01677,lunajeffrey@example.org,Leslie,Female,Standard,1
01678,josephfreeman@example.com,Laura,Prefer not to say,Standard,1
01679,williamsdaniel@example.com,James,Male,Basic,0
01680,fryedylan@example.net,Megan,Female,Standard,1
01681,robert53@example.net,Sharon,Female,Standard,1
01682,mtate@example.net,Sandra,Male,Basic,0
01683,richardbennett@example.net,Stacy,Female,Standard,1
01684,xgarcia@example.net,Ryan,,Premium,1
01685,egraham@example.org,Patrick,Male,Premium,1
01686,nlogan@example.org,Aaron,Male,Premium,0
01687,rwallace@example.org,Kimberly,Prefer not to say,Standard,1
01688,erikkeller@example.net,Susan,Female,Standard,1
01689,kortiz@example.com,Deborah,Female,Premium,1
01690,ikelley@example.com,Scott,Male,Basic,1
01691,eric80@example.net,William,Female,Basic,1
01692,yjohnson@example.net,Amy,Female,Basic,1
01693,beardkathleen@example.com,Angela,,Standard,1
01694,boydaaron@example.net,Thomas,Male,Premium,1
01695,mitchelljeffrey@example.net,Jessica,Female,Standard,1
01696,rhodesbrent@example.org,Angela,Other,Premium,1
01697,antoniosmith@example.net,Christine,Prefer not to say,Standard,1
01698,jonathan25@example.org,Elizabeth,Male,Basic,1
01699,christopher33@example.com,Miranda,Female,Premium,1
01700,tyler17@example.com,Lauren,Male,Premium,1
01701,jessica57@example.com,Mark,Male,Premium,1
01702,holtbrian@example.net,Lauren,Female,Premium,1
01703,qwilson@example.org,Lori,Female,Premium+,1
01704,wbaker@example.net,Elaine,Female,Premium,0
01705,nashlinda@example.com,Chelsea,Male,Premium,1
01706,lhatfield@example.org,Russell,Male,Standard,1
01707,vshepard@example.com,Mark,Male,Standard,1
01708,sydney62@example.net,Marvin,Male,Premium,0
01709,timothy36@example.net,Richard,Male,Basic,0
01710,sandovalmatthew@example.com,Michelle,Male,Premium,1
01711,lindseymcintyre@example.net,Carlos,Female,Basic,1
01712,connieclark@example.net,Travis,,Premium,1
01713,michaelnguyen@example.com,Alexandra,Female,Premium,1
01714,peter98@example.com,Amanda,Male,Premium,1
01715,udavis@example.org,Julie,Male,Standard,1
01716,sduffy@example.net,Jacob,Male,Standard,1
01717,fryeadrian@example.org,Madison,Female,Premium,1
01718,xnewman@example.org,Jonathan,Female,Premium,1
01719,blivingston@example.com,Kristina,Male,Premium,1
01720,sbanks@example.org,Robert,Male,Premium,0
01721,tamara48@example.net,Julie,Male,Premium,1
01722,amanda70@example.org,Patricia,Female,Standard,1
01723,jjohnson@example.net,Jamie,Male,Standard,1
01724,camachonicholas@example.net,John,Male,Premium,1
01725,jamieramirez@example.org,Richard,Female,Standard,1
01726,steven94@example.com,Matthew,Female,Standard,1
01727,annawelch@example.com,Kevin,Female,Basic,1
01728,lisabrown@example.com,Kimberly,Female,Premium+,1
01729,eduardo30@example.net,Thomas,Female,Standard,1
01730,geraldpineda@example.org,Natalie,Female,Basic,1
01731,lauradavis@example.net,Michael,Male,Premium,1
01732,richard18@example.net,Stephanie,Female,Premium+,1
01733,patriciapatterson@example.com,Jacob,Male,Premium+,1
01734,davisbrittany@example.com,Francisco,Male,Basic,1
01735,palmerchad@example.org,Manuel,Male,Premium,1
01736,pmiller@example.org,Christine,Male,Premium,1
01737,russell71@example.com,Kayla,Female,Premium+,0
01738,navila@example.org,Anthony,Female,Premium,1
01739,kathleenberry@example.com,Bruce,Other,Premium,1
01740,valeriewright@example.net,Brian,Male,Premium,1
01741,ianevans@example.org,Matthew,Other,Premium+,0
01742,ginapierce@example.com,Michael,Female,Premium+,1
01743,jsimpson@example.org,James,Female,Standard,1
01744,rroach@example.net,Joann,Female,Premium+,1
01745,baileycastillo@example.org,Jorge,Male,Basic,1
01746,jacquelinesnow@example.org,Amber,Female,Premium,1
01747,matthew46@example.com,Gregory,Male,Premium,1
01748,kellylloyd@example.com,Juan,Male,Premium,1
01749,ischneider@example.org,Kimberly,Female,Standard,1
01750,oyates@example.net,Dominique,Male,Premium+,0
01751,stephenschad@example.com,Melissa,Female,Premium,1
01752,jennifer95@example.net,Kevin,Male,Standard,1
01753,skirby@example.com,David,Male,Standard,1
01754,brenda35@example.net,Lisa,Female,Premium,1
01755,marshalltammy@example.org,Felicia,Female,Premium,1
01756,christopher42@example.net,Lawrence,Female,Premium+,1
01757,brandontaylor@example.com,Joshua,Male,Basic,1
01758,leonardaimee@example.net,Charles,Male,Premium,1
01759,kiddmelissa@example.org,Katherine,Female,Standard,1
01760,tylergriffith@example.com,Anita,,Basic,1
01761,christophersantos@example.net,Andrea,Female,Basic,1
01762,amberward@example.net,Andrea,Female,Premium,1
01763,lopezvictoria@example.com,Marilyn,Female,Standard,1
01764,benjaminmcbride@example.net,Ashley,Female,Premium,1
01765,christinabailey@example.com,Emily,Female,Standard,1
01766,griffinbrenda@example.com,Barbara,Male,Premium+,1
01767,ocarr@example.org,David,Female,Basic,0
01768,qmolina@example.org,Jeremy,Male,Premium,1
01769,jean37@example.net,Bryan,Female,Premium+,1
01770,david85@example.net,Erik,Female,Standard,1
01771,jennifersummers@example.net,Adam,Male,Premium,1
01772,oliviagonzalez@example.org,Amanda,Male,Premium,0
01773,woodsrobert@example.net,Amber,Prefer not to say,Premium,1
01774,uroberts@example.org,Crystal,Female,Premium+,1
01775,carrieaustin@example.net,Robin,Male,Standard,1
01776,lauren10@example.org,Alexander,Female,Premium+,1
01777,jwright@example.net,Jennifer,Female,Standard,1
01778,nguyenashlee@example.com,Rebecca,Male,Standard,0
01779,kristin46@example.com,Kimberly,Male,Premium,0
01780,ycase@example.net,Jeffrey,Male,Premium+,1
01781,anne91@example.com,Adam,Female,Premium,1
01782,roberttorres@example.com,Elizabeth,,Premium,1
01783,rose58@example.org,Justin,Female,Standard,1
01784,dtate@example.net,David,Male,Premium+,1
01785,watkinssandra@example.net,Tiffany,Female,Premium,1
01786,hernandezbrandon@example.net,Juan,Female,Basic,1
01787,lopezcurtis@example.com,Antonio,Male,Premium,1
01788,tsmith@example.net,Jason,Male,Standard,1
01789,darrellmorgan@example.org,Holly,Male,Premium,0
01790,jayanderson@example.net,Jennifer,Female,Standard,1
01791,kristinesmith@example.org,Jack,Male,Basic,1
01792,robingarrett@example.net,Barry,Female,Premium,1
01793,webbamanda@example.net,Chelsey,Female,Premium,1
01794,sydneyrobinson@example.org,Kathryn,Other,Premium,0
01795,esalas@example.com,Michael,,Standard,1
01796,santossabrina@example.com,Sherry,Female,Premium,0
01797,michellepage@example.org,James,Other,Premium+,1
01798,speters@example.net,Megan,Other,Standard,1
01799,hsmith@example.com,Kimberly,Female,Basic,0
01800,juan50@example.com,Brittany,Male,Standard,1
01801,ashley07@example.com,Charlene,Female,Standard,0
01802,shawn69@example.org,James,,Premium,0
01803,brandi02@example.net,David,Male,Premium,0
01804,lindsey68@example.net,Timothy,Female,Standard,1
01805,lydia72@example.org,Jennifer,Male,Standard,1
01806,julie89@example.com,Natalie,Male,Premium+,1
01807,jenniferrobertson@example.com,Allen,Female,Premium,1
01808,pamela31@example.com,Juan,Male,Standard,1
01809,hannahtorres@example.org,Sarah,Male,Standard,1
01810,michellemartin@example.com,Victoria,Male,Basic,1
01811,katrinaturner@example.net,James,Male,Premium,1
01812,rcordova@example.net,Angela,Male,Standard,1
01813,bsanders@example.com,Jeanette,Male,Premium,0
01814,jared36@example.net,Cassandra,Prefer not to say,Premium,1
01815,adamfuentes@example.org,Christopher,,Premium+,1
01816,cochranfrances@example.com,Jeremy,Male,Standard,1
01817,jeremy49@example.net,Michael,Female,Premium+,1
01818,darrellarmstrong@example.org,Catherine,Male,Basic,1
01819,jacobpitts@example.com,Angela,Male,Premium,1
01820,steve74@example.org,Andrew,Female,Standard,1
01821,grimeshenry@example.net,David,Female,Premium,1
01822,jamessmith@example.com,Dawn,Female,Basic,1
01823,jamesvaldez@example.com,Yolanda,Prefer not to say,Premium,1
01824,dcurry@example.net,Thomas,Male,Standard,1
01825,joanna85@example.net,Garrett,Female,Premium,0
01826,tracymurray@example.net,Thomas,Male,Premium+,1
01827,choidenise@example.com,Ryan,Male,Premium+,1
01828,davischristopher@example.net,Matthew,Female,Standard,1
01829,smithjessica@example.com,Lauren,Male,Standard,1
01830,alyssaweeks@example.com,Christie,Male,Basic,0
01831,ryanwalker@example.org,Michael,Female,Basic,1
01832,ericwalter@example.com,David,Female,Premium,1
01833,richard88@example.net,Karen,Male,Premium+,1
01834,stacymoon@example.com,Joseph,Prefer not to say,Standard,1
01835,april66@example.net,Lori,Female,Premium,1
01836,jonhampton@example.org,Tyler,Female,Premium,1
01837,angela07@example.net,Nicholas,Female,Premium,1
01838,lisa07@example.org,Jason,Female,Standard,0
01839,oward@example.net,Crystal,Female,Standard,0
01840,jefferyvincent@example.org,James,Male,Basic,1
01841,whitetracy@example.org,Linda,,Basic,1
01842,aprilforbes@example.org,Christopher,Female,Premium,1
01843,andrew52@example.com,Jacob,Female,Basic,1
01844,nicoleross@example.org,Ashley,Other,Standard,1
01845,tyronemcconnell@example.com,Matthew,Female,Basic,1
01846,crawfordtammy@example.net,Kathleen,Male,Basic,0
01847,donna04@example.com,Timothy,Female,Basic,1
01848,jodimiller@example.com,Julie,Male,Premium,1
01849,murraypaige@example.com,Megan,Male,Standard,1
01850,chunglynn@example.org,Michael,Male,Standard,1
01851,feliciaclark@example.org,David,Female,Premium,1
01852,lindseybrown@example.net,Kimberly,Female,Basic,1
01853,ldyer@example.net,Joseph,Male,Premium,1
01854,samuelhill@example.org,Miranda,Female,Premium,1
01855,sanchezsharon@example.org,Jessica,Male,Premium,1
01856,dyermegan@example.net,William,Female,Premium+,1
01857,michael59@example.net,Micheal,Prefer not to say,Premium+,0
01858,rpeck@example.com,Mitchell,Female,Standard,0
01859,sbrown@example.com,Carol,Other,Basic,1
01860,fhopkins@example.org,Mark,Male,Premium,0
01861,rhondaodom@example.com,Erin,,Standard,1
01862,morgansusan@example.com,Kristy,Female,Premium,1
01863,dperry@example.net,Katherine,Male,Standard,1
01864,xhansen@example.org,Connie,Female,Basic,1
01865,pettyarthur@example.com,Carla,Male,Premium+,1
01866,shelbyhamilton@example.com,Jackson,Female,Premium,0
01867,mullinsrobert@example.com,Richard,Male,Basic,1
01868,rcarter@example.org,Kurt,Female,Basic,1
01869,vegaandrea@example.com,Joseph,Male,Premium,1
01870,christophermurphy@example.com,Larry,,Basic,1
01871,zbarnes@example.net,Susan,Male,Basic,0
01872,jacobwilliams@example.com,Jerry,Female,Premium,0
01873,hebertkristin@example.com,Glenda,Male,Basic,1
01874,carlos26@example.net,Denise,Male,Standard,1
01875,qkelly@example.com,Bobby,Male,Premium+,1
01876,emily05@example.com,Courtney,Male,Basic,1
01877,njenkins@example.org,Emily,Male,Premium,0
01878,johnsonedward@example.net,Allison,Male,Standard,1
01879,christina61@example.org,Jason,Female,Standard,1
01880,danielpierce@example.com,Matthew,Male,Standard,1
01881,zcampbell@example.org,Robert,Female,Premium+,1
01882,qfarmer@example.com,Martin,Female,Basic,1
01883,rebecca68@example.com,Ronald,Other,Basic,1
01884,teresadiaz@example.org,Kathleen,Male,Premium,1
01885,mperkins@example.org,Jasmin,Female,Standard,0
01886,berrydouglas@example.org,Casey,Male,Premium+,1
01887,tinaharris@example.org,Leslie,Other,Standard,1
01888,shannoncole@example.net,Cody,Female,Standard,0
01889,samanthaburton@example.net,Christopher,Female,Premium,1
01890,anthonymiles@example.org,Jennifer,,Premium,1
01891,stonejennifer@example.com,Bradley,Male,Standard,1
01892,ahancock@example.net,Philip,Prefer not to say,Basic,1
01893,efrench@example.org,William,Female,Basic,1
01894,mwilliams@example.org,Hannah,Female,Basic,1
01895,heidihunter@example.org,Anna,Prefer not to say,Basic,1
01896,kdominguez@example.net,Veronica,Female,Basic,0
01897,bkelly@example.com,Natasha,Female,Basic,0
01898,sacevedo@example.com,Catherine,Other,Premium,1
01899,duane01@example.net,Bryan,Male,Premium,1
01900,mikegregory@example.org,John,Female,Standard,1
01901,megan26@example.net,Brian,Male,Standard,1
01902,julie17@example.org,Lauren,Female,Premium,1
01903,wbrooks@example.net,Leslie,Other,Standard,0
01904,jason53@example.com,Wesley,Female,Basic,1
01905,quinnjacob@example.net,Shannon,Prefer not to say,Standard,1
01906,drakeamanda@example.com,Ricardo,Male,Premium,1
01907,cindy54@example.net,Danny,Male,Standard,1
01908,allisonhogan@example.net,Craig,Male,Standard,1
01909,mckenzie26@example.org,Marilyn,,Premium,1
01910,sdean@example.org,Elizabeth,Female,Basic,0
01911,thomas00@example.com,Laura,Female,Basic,1
01912,singhaaron@example.org,Kelly,Female,Standard,1
01913,david33@example.com,Michael,Prefer not to say,Premium,1
01914,arielpadilla@example.org,Brittany,Male,Premium,1
01915,robinsonwilliam@example.com,Rachel,,Standard,1
01916,colepamela@example.org,Christine,Male,Premium,1
01917,ebonybryant@example.net,Stacy,Other,Premium,1
01918,castroanthony@example.org,James,Male,Standard,1
01919,acostadylan@example.net,Ralph,Male,Premium,1
01920,cmarsh@example.com,Anthony,Male,Standard,1
01921,eboyer@example.org,Debra,Male,Standard,1
01922,justinmurray@example.org,Joshua,Female,Standard,1
01923,beverlyflores@example.org,Angela,Prefer not to say,Standard,1
01924,mendozatonya@example.org,Henry,Female,Premium+,1
01925,emilycurtis@example.com,Larry,Female,Premium,1
01926,donna99@example.com,Kimberly,,Basic,1
01927,carrmadeline@example.net,Jodi,Male,Standard,1
01928,bellcole@example.com,Donna,Female,Standard,1
01929,richardkelly@example.net,Sherri,Female,Basic,0
01930,coneill@example.net,Nicole,Male,Premium,1
01931,vharmon@example.com,Stephanie,Male,Premium,1
01932,millercatherine@example.org,Vicki,Female,Premium,1
01933,johnsonlisa@example.net,William,Female,Premium,1
01934,charles40@example.net,Seth,Male,Standard,1
01935,ashley97@example.org,Elizabeth,Male,Basic,1
01936,harrelllinda@example.com,Aaron,Male,Standard,1
01937,lekathleen@example.org,Erika,Female,Standard,0
01938,ehenry@example.net,Samantha,Male,Basic,1
01939,zday@example.org,Joshua,Male,Premium,0
01940,oclayton@example.com,Amanda,Other,Premium+,1
01941,william93@example.net,Katrina,Prefer not to say,Premium,1
01942,kmiller@example.com,Anthony,Male,Basic,1
01943,james84@example.org,Gloria,,Premium,0
01944,gmcdonald@example.net,Dawn,,Premium+,1
01945,ewolf@example.org,Kenneth,Female,Standard,1
01946,fortiz@example.net,Jonathan,,Standard,1
01947,zmiller@example.org,Wayne,Female,Standard,1
01948,tsanchez@example.com,Kendra,,Standard,0
01949,mramos@example.net,Jose,Male,Standard,1
01950,john31@example.com,Hannah,Male,Standard,1
01951,john74@example.org,Michael,Male,Premium,1
01952,davidunderwood@example.com,Dana,Male,Basic,1
01953,bowersmichael@example.org,Charles,Female,Standard,1
01954,awilson@example.org,Elizabeth,Female,Premium+,1
01955,amanda26@example.net,Jennifer,,Premium,1
01956,michaelwood@example.org,William,Male,Standard,1
01957,willisnicole@example.net,Lindsey,Male,Basic,1
01958,lbaker@example.org,Kevin,Female,Basic,1
01959,linda37@example.com,Kristen,Male,Premium,1
01960,jon53@example.net,Bradley,Male,Basic,1
01961,michaelhurley@example.org,Kenneth,Female,Standard,1
01962,sharon78@example.net,Eric,Female,Standard,1
01963,megan81@example.org,Jessica,Female,Standard,1
01964,martincarol@example.org,Michelle,,Standard,1
01965,xrogers@example.org,Frank,Male,Standard,1
01966,briana28@example.net,Scott,Prefer not to say,Basic,1
01967,ylee@example.org,Abigail,Male,Standard,1
01968,carloslee@example.net,Stephanie,Other,Basic,0
01969,kellyadam@example.net,Cameron,,Premium,1
01970,rzhang@example.org,Zachary,Female,Standard,1
01971,lawsonthomas@example.org,Ann,Other,Basic,1
01972,jimmyjones@example.com,Sophia,Female,Basic,0
01973,marshallalexander@example.net,David,Male,Premium,1
01974,matthew85@example.org,Bailey,Male,Standard,1
01975,landerson@example.net,Stephanie,Female,Premium,1
01976,robin46@example.org,Tony,Male,Premium,1
01977,rpeters@example.net,Anne,Female,Premium,1
01978,froberts@example.net,Colleen,Female,Premium,1
01979,wyang@example.net,Sara,Other,Premium,1
01980,ybrooks@example.net,Valerie,Other,Basic,1
01981,ebranch@example.org,Adam,Other,Standard,1
01982,hutchinsonmatthew@example.com,Richard,Female,Premium,1
01983,destiny29@example.net,Ryan,Female,Premium+,1
01984,sheila14@example.org,Monica,Male,Premium,0
01985,kellerdana@example.com,William,Female,Standard,1
01986,hpatterson@example.org,Kathleen,Male,Basic,1
01987,robertfletcher@example.net,Christopher,Female,Premium,0
01988,robertsjoshua@example.net,Sandra,Male,Premium+,1
01989,usmith@example.com,Barbara,Male,Premium,1
01990,lisa66@example.com,Timothy,Male,Premium+,1
01991,nicole21@example.com,Bryan,,Premium,1
01992,perrycatherine@example.net,Kristen,Female,Standard,1
01993,breannasanchez@example.org,John,Male,Basic,0
01994,moralesjohn@example.net,Matthew,Male,Basic,1
01995,wmayer@example.com,Logan,Female,Standard,1
01996,dianeharris@example.net,Jennifer,Female,Standard,1
01997,hamptonsabrina@example.com,Joseph,Female,Premium+,0
01998,washingtonbrittany@example.org,Timothy,Female,Standard,1
01999,marylopez@example.net,Erik,Female,Standard,1
02000,robert22@example.org,Peter,Other,Premium+,1
02001,emilydavis@example.com,Jimmy,Female,Premium,0
02002,brandon45@example.org,Joan,Female,Premium,1
02003,qwashington@example.net,Joe,Prefer not to say,Premium,1
02004,jonathan61@example.com,Scott,Male,Premium,1
02005,vpatterson@example.net,Betty,Female,Basic,1
02006,danahudson@example.com,Thomas,Male,Premium+,0
02007,hernandezscott@example.net,Ashley,Female,Standard,1
02008,ugates@example.net,Carly,Female,Premium,1
02009,qchapman@example.org,Hannah,Male,Standard,0
02010,boonewilliam@example.com,Elizabeth,Female,Premium,1
02011,ilewis@example.com,Deanna,Female,Basic,0
02012,ppena@example.com,Linda,Male,Standard,1
02013,masonowens@example.com,Lee,Female,Premium,1
02014,amurphy@example.org,Kristen,Male,Basic,1
02015,elliottjack@example.org,Christopher,Female,Standard,1
02016,nelsonjustin@example.com,Jason,Female,Basic,0
02017,danielle24@example.net,Catherine,Female,Premium,1
02018,james08@example.com,Donna,Male,Premium,1
02019,reginald66@example.net,Gwendolyn,Female,Standard,1
02020,matthew25@example.net,Frederick,Male,Premium,1
02021,tsanchez@example.net,Sandra,Prefer not to say,Standard,0
02022,csanders@example.com,Sharon,Male,Premium+,1
02023,josephking@example.com,Karen,,Premium,1
02024,mistystephens@example.net,David,Female,Standard,0
02025,parsonsnancy@example.org,Chase,Male,Basic,0
02026,hebertjohn@example.com,Erika,Male,Premium,1
02027,whitemichael@example.org,Connor,Other,Standard,1
02028,vbennett@example.org,Sheila,Female,Basic,1
02029,ryan11@example.com,Rachael,Female,Standard,1
02030,callahanamy@example.net,Justin,Female,Standard,0
02031,dominicfitzgerald@example.com,Jennifer,Male,Premium,1
02032,garyhughes@example.net,Craig,Male,Premium+,1
02033,jacob64@example.org,Scott,Female,Basic,1
02034,latoya19@example.net,Kimberly,Male,Basic,1
02035,chickman@example.org,Kimberly,Female,Premium+,1
02036,morganwilliam@example.com,Jennifer,Female,Basic,1
02037,bradfordamy@example.org,Alex,Male,Standard,1
02038,coxguy@example.org,Leroy,Male,Standard,1
02039,gknight@example.net,Stephanie,Female,Premium+,0
02040,sloancory@example.com,Holly,Female,Standard,1
02041,jwilliams@example.org,Robert,Female,Standard,1
02042,susan47@example.net,Scott,Male,Premium,0
02043,michaelshaw@example.org,Susan,,Premium+,0
02044,mwade@example.net,Katie,Female,Basic,1
02045,jennifermorrison@example.net,Doris,Female,Premium,1
02046,christianrobert@example.org,Joseph,Female,Standard,0
02047,richardmarsh@example.net,Hunter,Female,Standard,1
02048,josephroberts@example.org,Chris,Female,Premium,1
02049,hayden46@example.org,Rachel,Female,Premium,1
02050,jonchandler@example.com,Denise,Female,Basic,1
02051,melissacastillo@example.net,Samantha,Prefer not to say,Premium,1
02052,johnpetty@example.org,Amanda,,Premium,1
02053,bwilson@example.com,John,Male,Premium,0
02054,bmorgan@example.org,Samuel,Male,Standard,1
02055,lopeztonya@example.org,Kristina,Female,Basic,1
02056,wmontgomery@example.com,William,Male,Basic,1
02057,tjackson@example.net,Carlos,Male,Basic,1
02058,mpark@example.net,Brittany,Male,Basic,1
02059,williamsbrenda@example.net,Jessica,Male,Premium,1
02060,katrina69@example.net,Ronald,Other,Standard,1
02061,megan21@example.org,Vincent,,Premium,1
02062,bruce59@example.net,Marc,Male,Premium,0
02063,xmorse@example.com,Paula,Female,Premium,1
02064,lellis@example.net,Christopher,Male,Basic,1
02065,kristinsanders@example.com,Douglas,Female,Premium,1
02066,justinperry@example.net,Terry,Male,Basic,1
02067,ijones@example.net,Julie,Male,Basic,1
02068,jlopez@example.net,Debra,Female,Premium,1
02069,riddlejames@example.net,Bruce,Male,Premium,1
02070,walkerrenee@example.net,Jessica,Male,Standard,1
02071,kathy76@example.com,Michael,Male,Basic,1
02072,wintersdonald@example.net,Audrey,Female,Premium+,1
02073,terri85@example.com,Steven,Male,Premium,0
02074,franciskenneth@example.net,Samuel,Female,Premium,0
02075,brianaguilar@example.org,Ashley,Male,Premium+,1
02076,hmurray@example.org,Amy,Female,Premium,1
02077,lee64@example.com,John,Male,Premium,1
02078,vmedina@example.com,Pamela,Male,Premium,1
02079,rodneythomas@example.net,Rebecca,Male,Standard,1
02080,josephjefferson@example.org,Daniel,Male,Premium,0
02081,tonyroberts@example.org,Misty,Male,Basic,1
02082,schwartzmichael@example.com,Christopher,Male,Standard,1
02083,david61@example.org,Jamie,,Basic,1
02084,watkinschristopher@example.org,Rebecca,Female,Standard,1
02085,dspears@example.com,Troy,Male,Basic,1
02086,adammartinez@example.com,Richard,Male,Premium+,1
02087,elizabeth36@example.org,Kristin,Male,Premium+,1
02088,soliver@example.org,Lauren,Male,Standard,1
02089,jennatorres@example.net,Jamie,Female,Standard,1
02090,mcdanielruben@example.net,William,Female,Premium,1
02091,mwashington@example.org,Dana,Female,Basic,1
02092,ulynn@example.net,Matthew,,Standard,1
02093,elizabethrodriguez@example.org,Jennifer,Male,Basic,1
02094,dpeters@example.org,Jacqueline,Female,Premium+,0
02095,meadowscharles@example.org,Brenda,Male,Premium,1
02096,williamcarney@example.org,Daniel,,Premium+,1
02097,stephen66@example.org,Samantha,Female,Basic,1
02098,donaldclark@example.net,Susan,Female,Standard,0
02099,emily60@example.net,Amanda,Female,Basic,1
02100,bphelps@example.org,Frank,Male,Standard,0
02101,stevenscraig@example.net,Michael,Male,Basic,1
02102,carolynjones@example.com,Brittany,Female,Premium,1
02103,markpollard@example.org,Roberto,Male,Standard,1
02104,paul59@example.com,Blake,Female,Standard,1
02105,jessica43@example.com,Lori,Female,Basic,1
02106,danielhaley@example.com,David,Male,Standard,1
02107,michelle09@example.com,Dorothy,,Standard,0
02108,angelamckinney@example.net,Vanessa,Female,Standard,0
02109,hollandanne@example.com,Amanda,,Premium,1
02110,whitekaren@example.org,Natalie,Female,Premium,1
02111,cbrown@example.com,Megan,Male,Standard,0
02112,linda40@example.com,John,Male,Basic,1
02113,nicholaspeterson@example.com,Jaime,Female,Standard,1
02114,kathy57@example.net,Teresa,Female,Basic,0
02115,edwardsryan@example.org,Amy,Female,Basic,0
02116,walleramy@example.net,Victoria,Female,Basic,1
02117,pharris@example.org,John,Male,Standard,1
02118,ilee@example.org,Linda,Male,Premium,1
02119,timothy23@example.net,Angel,Male,Standard,1
02120,hoganeric@example.net,Christopher,Female,Basic,1
02121,mikayla18@example.com,Matthew,Male,Basic,1
02122,richard03@example.org,Ryan,Female,Standard,1
02123,christopherhernandez@example.net,Brian,Male,Standard,1
02124,andrewjackson@example.com,Gregory,Prefer not to say,Premium,1
02125,zmoore@example.org,Joe,Female,Standard,1
02126,hamiltonyolanda@example.com,Michele,Male,Standard,1
02127,michael54@example.org,Karen,Male,Premium,1
02128,ymiller@example.net,Julie,,Basic,1
02129,ivance@example.com,Charles,Male,Premium,1
02130,brian24@example.org,Kim,Male,Premium+,0
02131,jacksondonna@example.org,Danielle,Female,Premium,1
02132,qgallagher@example.com,Michael,Male,Premium,1
02133,kristi20@example.net,Dillon,Male,Premium+,1
02134,tdoyle@example.org,Kara,Male,Standard,1
02135,kristinaallen@example.org,Kenneth,,Premium,1
02136,jeffreyjohnson@example.com,Lori,Male,Basic,1
02137,vguerrero@example.net,Mary,Prefer not to say,Basic,1
02138,oarmstrong@example.net,Heather,Male,Premium,1
02139,emily73@example.com,Kimberly,Female,Premium,1
02140,dale08@example.org,James,,Standard,1
02141,moralesderrick@example.net,Timothy,Prefer not to say,Basic,1
02142,dmills@example.com,Jose,,Premium,1
02143,clarkclaudia@example.com,Carol,,Premium,1
02144,davisjonathan@example.net,Mary,Male,Standard,1
02145,eellis@example.net,Michael,Male,Standard,0
02146,cooperjamie@example.com,Sandra,Male,Premium,1
02147,kfoley@example.org,Dorothy,Female,Premium+,1
02148,johnsonamanda@example.com,Wendy,Female,Basic,1
02149,martintracy@example.net,Rhonda,Male,Basic,1
02150,james30@example.net,Jason,Male,Basic,0
02151,amy14@example.net,Aaron,Male,Premium,0
02152,tanya07@example.net,Erik,Female,Premium+,1
02153,jonathan97@example.net,Paula,Male,Basic,1
02154,shuff@example.net,Stephanie,Female,Premium,1
02155,umartinez@example.org,Aaron,,Standard,1
02156,rachelortiz@example.com,Steven,Female,Premium,1
02157,judithnguyen@example.com,Gregory,Other,Premium,1
02158,melaniegonzales@example.org,Larry,Male,Premium+,0
02159,patrick78@example.org,Evelyn,Female,Standard,1
02160,jonathanmiles@example.com,Clayton,Female,Standard,1
02161,jillwhite@example.org,Heather,Female,Basic,1
02162,diazpamela@example.org,Stephanie,Female,Standard,1
02163,dennis15@example.org,Scott,Female,Premium,1
02164,christopher35@example.net,Diana,Male,Premium+,1
02165,diaztimothy@example.net,Heather,Female,Premium,1
02166,kathy45@example.net,Elizabeth,Prefer not to say,Standard,1
02167,pcarrillo@example.org,David,Female,Premium,1
02168,gilbertamanda@example.org,John,Other,Standard,1
02169,morrisamber@example.net,Mark,Male,Premium,1
02170,nicholas35@example.net,Lisa,Female,Basic,1
02171,martinstephanie@example.com,Sydney,Male,Premium,0
02172,brenda59@example.org,Paul,Female,Standard,1
02173,fmyers@example.net,Jason,Male,Premium+,1
02174,ricedouglas@example.net,James,Male,Basic,1
02175,staffordelizabeth@example.net,Lisa,Male,Standard,1
02176,holmesmiguel@example.net,Mary,Female,Premium,0
02177,stephaniegraham@example.org,John,Male,Premium+,1
02178,martinsuzanne@example.org,Christopher,Female,Basic,0
02179,joseph35@example.net,Joshua,Male,Standard,1
02180,ogates@example.org,Robert,Female,Basic,1
02181,aaron38@example.com,Judith,Female,Premium,1
02182,deanlewis@example.org,Dennis,,Standard,1
02183,martindaniel@example.net,Jacob,Male,Basic,1
02184,gweaver@example.com,Lisa,Male,Premium,1
02185,gilmorebarbara@example.net,Felicia,,Basic,0
02186,tmarquez@example.net,Brittany,Prefer not to say,Premium,0
02187,mollynguyen@example.net,Kimberly,Female,Standard,1
02188,montgomerysteven@example.com,Ashley,Male,Standard,1
02189,ospencer@example.org,Andrew,Female,Premium,0
02190,morrismarcus@example.com,Jon,Male,Standard,1
02191,rmccullough@example.org,Timothy,Female,Standard,1
02192,bryantbrenda@example.org,Caleb,Female,Premium,0
02193,njimenez@example.com,Paul,Male,Premium,1
02194,ruizthomas@example.net,Michelle,Female,Standard,1
02195,rwall@example.com,Laura,Female,Premium,1
02196,ericsherman@example.com,Jennifer,Other,Premium,1
02197,alexandrawalker@example.net,Lisa,Male,Basic,1
02198,wiseralph@example.com,Preston,Female,Standard,1
02199,pearsonjames@example.org,Laura,Male,Premium,1
02200,harrisdestiny@example.org,Kaitlyn,Male,Standard,0
02201,smurray@example.org,Michael,Female,Premium,1
02202,williamsdavid@example.org,Kimberly,Male,Standard,1
02203,ryangardner@example.net,Charles,Other,Standard,1
02204,xgraham@example.com,Eric,Female,Premium,1
02205,laurakelly@example.org,Alison,Female,Standard,1
02206,radams@example.net,Manuel,Female,Premium,1
02207,vstewart@example.com,Karen,Other,Standard,0
02208,jon61@example.net,Sean,Male,Standard,1
02209,khill@example.com,James,Female,Premium+,1
02210,aaron37@example.com,Andrea,Other,Basic,1
02211,ejohnson@example.net,Frank,Male,Standard,1
02212,fpotter@example.net,Paul,Male,Premium,1
02213,marshcheryl@example.com,Joseph,Female,Premium,1
02214,joel21@example.org,William,Male,Standard,1
02215,jessicacervantes@example.org,Samantha,,Premium,1
02216,morrisashley@example.net,Joshua,Female,Standard,0
02217,mrogers@example.com,Nancy,Male,Basic,1
02218,hhendricks@example.com,Kathryn,Male,Premium+,1
02219,abruce@example.org,Diane,Female,Premium,1
02220,carolinemoore@example.net,Gina,,Standard,1
02221,paul05@example.net,Emily,,Basic,1
02222,hendrixemily@example.com,Troy,Female,Basic,1
02223,arthur70@example.com,Lauren,Male,Standard,1
02224,timothyblackburn@example.com,Shannon,Female,Premium,0
02225,ashleypoole@example.net,Alyssa,Other,Standard,1
02226,arogers@example.org,Thomas,Male,Basic,0
02227,imccullough@example.com,Kelly,Male,Standard,0
02228,katelyn72@example.org,Eric,Male,Premium,0
02229,pattersonerin@example.org,Matthew,,Standard,0
02230,matthew40@example.net,David,Male,Standard,1
02231,kristinalong@example.net,Richard,Female,Standard,1
02232,monica24@example.com,Richard,Female,Premium,1
02233,uchen@example.org,Alejandro,Male,Premium,1
02234,imontes@example.net,Jeffrey,,Basic,1
02235,sara62@example.com,Jesse,Female,Premium,1
02236,sarah94@example.com,Michael,Female,Premium,0
02237,englishgerald@example.org,Mary,Female,Premium,1
02238,tanya82@example.net,Joanna,Male,Standard,0
02239,ipoole@example.org,Lisa,Male,Standard,0
02240,donna14@example.com,Megan,Male,Premium,1
02241,mmiller@example.org,Jennifer,Male,Standard,0
02242,kendra75@example.org,Richard,Female,Standard,1
02243,antonio29@example.org,Alyssa,Female,Standard,1
02244,uwest@example.com,Kelly,Male,Premium,1
02245,joseph93@example.org,Robert,Male,Premium,1
02246,jerry67@example.net,Kathryn,Female,Standard,1
02247,hermanangela@example.net,Jaime,Prefer not to say,Standard,1
02248,savagejeffrey@example.net,Stephanie,Female,Premium,1
02249,bethany10@example.net,Kimberly,Male,Premium+,1
02250,lisacollins@example.com,Duane,Male,Premium,1
02251,antonio57@example.net,Sandra,Male,Standard,1
02252,brandon83@example.com,Kathryn,,Premium+,1
02253,bethlee@example.org,Anthony,Female,Standard,1
02254,umitchell@example.net,Cindy,Male,Premium,1
02255,derekchavez@example.net,Tamara,Female,Premium,1
02256,xcobb@example.net,Shawn,Female,Premium,1
02257,tiffany50@example.com,Amy,Female,Standard,1
02258,mccoychristian@example.org,Victoria,Male,Premium,0
02259,millerrichard@example.org,Vanessa,Male,Standard,1
02260,david66@example.org,Daryl,Male,Premium,1
02261,steven40@example.com,Cassandra,Female,Premium+,1
02262,xcuevas@example.net,Christopher,Female,Standard,1
02263,sandersmark@example.com,Gary,Female,Standard,1
02264,jrogers@example.org,Michelle,Male,Standard,1
02265,woodsdaniel@example.org,Carl,Female,Standard,1
02266,charleschambers@example.org,Charles,Female,Premium+,1
02267,danielsthomas@example.org,Jonathan,Male,Standard,1
02268,garciadavid@example.org,Mercedes,Female,Basic,0
02269,hudsonelizabeth@example.net,Kelly,Male,Basic,1
02270,kathryn24@example.net,Mary,Female,Standard,1
02271,skline@example.org,Laura,Female,Premium,1
02272,samantha66@example.com,Calvin,Female,Premium+,1
02273,jordankimberly@example.net,Dale,Male,Standard,1
02274,rdaniels@example.org,Amanda,Male,Standard,1
02275,danielle74@example.com,John,Prefer not to say,Basic,1
02276,marycox@example.org,Elizabeth,Female,Premium,1
02277,christine89@example.net,Joseph,Other,Standard,1
02278,schmidtsergio@example.org,Raymond,Male,Standard,1
02279,fthompson@example.net,William,Male,Standard,1
02280,jasonsosa@example.org,Peter,Male,Standard,1
02281,christopher42@example.com,Jacob,Female,Standard,1
02282,alexanderking@example.org,Brittney,Male,Standard,1
02283,jeremy09@example.com,Hannah,Female,Premium,1
02284,hendersonerin@example.org,Brandy,Female,Basic,1
02285,jacob02@example.com,Terri,Male,Standard,1
02286,alexandramorris@example.net,Brian,Female,Standard,1
02287,hwilliamson@example.org,Roger,Male,Basic,1
02288,tkirby@example.com,Amber,Male,Basic,1
02289,randall45@example.com,Anthony,,Premium+,1
02290,estradakimberly@example.org,Annette,Male,Premium+,1
02291,jeffrey15@example.com,Craig,Female,Standard,1
02292,kathyhall@example.org,Jennifer,Male,Premium,0
02293,halltrevor@example.org,Alan,Male,Standard,1
02294,brandonthomas@example.org,Ian,,Premium,1
02295,saunderssierra@example.org,Matthew,Female,Premium,1
02296,boonelee@example.net,Alex,Male,Premium,0
02297,lbaker@example.org,Jorge,,Basic,1
02298,mlindsey@example.net,Austin,,Premium+,1
02299,krista46@example.com,April,Female,Premium,0
02300,nrice@example.com,Michael,Other,Basic,1
02301,alyssahorton@example.net,Joanna,Male,Premium+,1
02302,ashlee90@example.com,Daniel,Female,Standard,1
02303,loriwhitaker@example.org,Hannah,Female,Basic,1
02304,gutierrezjonathan@example.com,Noah,Male,Premium,1
02305,rchen@example.net,Katrina,Male,Basic,1
02306,smallautumn@example.com,Matthew,Male,Premium+,1
02307,rwade@example.com,Leah,Male,Premium,1
02308,hendersonmelanie@example.net,Kristopher,Male,Basic,0
02309,frank42@example.com,Daniel,Other,Standard,0
02310,ngross@example.net,Todd,Prefer not to say,Basic,1
02311,taylormichael@example.net,Heidi,Prefer not to say,Premium,0
02312,tracydodson@example.com,Michael,Female,Standard,1
02313,ericksontonya@example.org,Stephanie,Female,Premium,1
02314,tbrown@example.net,Mckenzie,Male,Standard,1
02315,tgraham@example.com,Darlene,Male,Standard,1
02316,donald71@example.com,Anne,Female,Standard,1
02317,maxgarcia@example.net,Michael,Female,Basic,1
02318,thomasstacey@example.com,Jesse,Male,Premium,0
02319,wilsonheather@example.net,Robert,Female,Basic,1
02320,valdezanthony@example.org,Anna,Male,Premium,1
02321,rhoward@example.net,Olivia,Male,Standard,1
02322,iwells@example.net,Wendy,Male,Premium,0
02323,michelle48@example.org,Douglas,,Premium+,0
02324,fmartin@example.com,Tyler,Female,Basic,1
02325,manningtodd@example.org,Donald,Male,Standard,0
02326,lbrown@example.com,Samuel,Female,Standard,1
02327,johnsondaniel@example.com,Mike,Female,Premium,1
02328,ashley17@example.com,Stephanie,Other,Premium,1
02329,millernicole@example.org,Donna,Female,Standard,1
02330,mcgrathrobert@example.org,Matthew,Male,Standard,0
02331,maria11@example.net,Victoria,Female,Premium,1
02332,rivasedward@example.com,Lauren,Female,Premium,0
02333,ehernandez@example.com,Mary,Female,Premium,0
02334,melissa18@example.org,Kimberly,Female,Premium,0
02335,renee08@example.org,Travis,Female,Standard,1
02336,kaitlynsnyder@example.net,Alyssa,Male,Premium,0
02337,nhicks@example.com,Kelly,Female,Standard,1
02338,pattersonchristian@example.com,Ronald,Female,Standard,0
02339,benjamin76@example.org,Gwendolyn,,Standard,1
02340,hkim@example.net,Samantha,Female,Premium,1
02341,brenda14@example.org,Stephanie,Female,Premium+,0
02342,kristen08@example.net,George,Male,Standard,1
02343,brucerobinson@example.org,Michele,Female,Basic,1
02344,pereznathan@example.com,Nicole,Male,Standard,0
02345,amber63@example.com,David,Female,Premium,1
02346,brandon80@example.com,Andrew,Other,Standard,1
02347,fischertina@example.net,Samuel,Other,Premium+,1
02348,jacquelineedwards@example.net,Aaron,Female,Premium,1
02349,reidstacey@example.net,Brian,Female,Basic,1
02350,samantha01@example.net,Ruth,Female,Standard,0
02351,wallacemaxwell@example.org,Alexander,Prefer not to say,Standard,1
02352,owenangela@example.com,Alexander,Male,Premium+,0
02353,vasquezcrystal@example.org,Jessica,Male,Premium,1
02354,shane87@example.net,Bobby,Male,Premium+,1
02355,tmiller@example.org,Thomas,Male,Premium,1
02356,bevans@example.com,Christopher,Male,Standard,1
02357,yhaynes@example.net,Amanda,Male,Basic,1
02358,lisaholt@example.net,Dale,Female,Premium+,0
02359,kimpayne@example.com,Roy,Male,Premium,0
02360,gharris@example.org,Jamie,Female,Premium,1
02361,steven07@example.com,Alexandra,Female,Premium,1
02362,kstephens@example.com,Alexander,Male,Premium,1
02363,bmorris@example.com,Erica,,Premium+,1
02364,josephhardy@example.net,Nicole,Female,Basic,1
02365,dhardin@example.net,Paul,Male,Premium,1
02366,danielleschmidt@example.net,Meagan,Female,Premium,1
02367,mitchellpaula@example.com,Tommy,Female,Standard,1
02368,rhendrix@example.com,Tammy,Female,Standard,1
02369,cgraham@example.net,Mallory,Male,Standard,1
02370,darrylmendez@example.com,Megan,Female,Premium,1
02371,ashleybrown@example.com,Derek,Female,Premium,1
02372,olove@example.net,Emily,Male,Premium,1
02373,vbanks@example.com,Anna,Male,Premium,1
02374,tracyhowe@example.net,Marissa,Female,Standard,0
02375,yhensley@example.net,Brenda,Male,Standard,1
02376,benjamindavis@example.net,Melissa,Male,Standard,1
02377,elizabeth89@example.net,Glenda,Female,Standard,1
02378,bradybrian@example.net,Karen,Male,Premium,1
02379,jnelson@example.com,Rebekah,Male,Basic,1
02380,roneal@example.com,Christopher,Male,Standard,1
02381,greenchad@example.com,Frank,Male,Premium,1
02382,rellis@example.com,Jeremy,Female,Premium+,1
02383,phillipsmelissa@example.com,David,,Standard,1
02384,yhayes@example.net,Andrew,Prefer not to say,Basic,0
02385,rodneyhunter@example.net,Tara,Prefer not to say,Premium,0
02386,katie84@example.org,Erika,Male,Premium,1
02387,palmerandrew@example.net,Charles,Male,Premium,1
02388,moorefrank@example.net,Laura,,Standard,1
02389,dreid@example.org,Brian,Prefer not to say,Standard,1
02390,jennifer32@example.com,Shawn,,Standard,1
02391,kalvarado@example.net,Christine,Male,Premium,0
02392,shaun92@example.net,Ricardo,Prefer not to say,Basic,1
02393,iphelps@example.net,Susan,Male,Premium,1
02394,lisa56@example.org,Kara,Male,Premium,1
02395,elizabeth95@example.net,Brian,Female,Premium+,1
02396,ydavenport@example.net,George,Female,Basic,1
02397,burgessmichael@example.net,Katherine,Male,Premium,0
02398,wheeleranne@example.net,Leslie,,Standard,0
02399,shannon36@example.net,Adam,Male,Basic,0
02400,banderson@example.com,Beth,Male,Premium,1
02401,cortezbrian@example.com,Joseph,,Standard,1
02402,dcox@example.org,Brianna,Prefer not to say,Basic,1
02403,johnsalazar@example.com,Kathleen,Female,Premium,0
02404,marygibbs@example.com,Kimberly,Male,Basic,1
02405,bellbrian@example.org,Ryan,Female,Premium,1
02406,ksandoval@example.net,Scott,Female,Premium+,1
02407,royedward@example.net,Andrew,Female,Premium,1
02408,bmedina@example.org,Valerie,Female,Basic,1
02409,allen33@example.com,Michaela,Female,Premium,1
02410,karen64@example.net,Danielle,Male,Premium+,1
02411,taylorryan@example.org,Nicole,Male,Premium+,1
02412,sgross@example.net,Brian,Male,Standard,1
02413,deangina@example.com,Andrew,Male,Basic,1
02414,bmosley@example.net,Cody,Male,Standard,1
02415,joy58@example.org,Yolanda,Male,Premium,1
02416,halljames@example.com,Julie,,Basic,1
02417,brittany58@example.org,Wendy,Male,Standard,1
02418,eterry@example.org,Barbara,Female,Premium,1
02419,amanda21@example.org,David,Female,Premium,1
02420,cindyfarmer@example.com,Linda,Female,Basic,1
02421,lisahernandez@example.net,Dylan,Male,Standard,1
02422,andreahenry@example.org,Andrew,Female,Premium,1
02423,alvarezerika@example.org,Jacob,Male,Premium,1
02424,misty73@example.com,Alexandra,Male,Premium,1
02425,melinda11@example.com,Melissa,Female,Premium,1
02426,jilldavis@example.com,Alan,Male,Standard,1
02427,vowen@example.com,Megan,Male,Standard,1
02428,ericweaver@example.net,Kristen,,Standard,1
02429,moonryan@example.net,Cassie,Female,Standard,1
02430,lthomas@example.net,Alexis,,Basic,1
02431,pgeorge@example.net,Robin,Female,Standard,0
02432,foxchristopher@example.org,Cory,,Premium,1
02433,kimberly43@example.com,Kimberly,Male,Standard,0
02434,owenjesse@example.com,Brandon,Male,Basic,1
02435,cochranmelanie@example.com,Steven,Prefer not to say,Basic,1
02436,brianparks@example.org,Charles,,Standard,1
02437,patelcheryl@example.org,Robert,Male,Premium+,1
02438,andrewsjeffrey@example.org,Teresa,Female,Basic,1
02439,thompsonmelissa@example.net,Marissa,Prefer not to say,Premium+,1
02440,patriciamoore@example.net,Michael,Male,Standard,1
02441,markjones@example.com,Nicholas,Male,Standard,1
02442,lharris@example.org,Theresa,,Standard,1
02443,hperez@example.com,Joshua,Other,Premium,1
02444,bradley46@example.net,Deborah,Female,Standard,1
02445,brianshaw@example.net,Donald,Female,Premium,1
02446,ccannon@example.com,David,Other,Standard,0
02447,victoria96@example.com,Amanda,Male,Standard,1
02448,jeremy76@example.com,Johnny,Male,Premium,0
02449,michael80@example.org,Courtney,Female,Premium,1
02450,brittneyharris@example.net,Benjamin,Female,Premium+,1
02451,hernandezjames@example.org,Kenneth,Male,Basic,1
02452,jonathandavis@example.com,Victoria,Male,Standard,0
02453,wmendez@example.net,Angela,Male,Premium,1
02454,wpearson@example.com,Derrick,Female,Premium+,0
02455,djackson@example.net,Sandra,,Standard,1
02456,jwilson@example.net,Courtney,Male,Standard,1
02457,callahananna@example.net,Kimberly,Prefer not to say,Basic,1
02458,lisaperez@example.net,Andrew,,Premium+,1
02459,laneaustin@example.com,Kelly,Male,Premium+,1
02460,andreatorres@example.org,Julie,Male,Premium+,1
02461,jenniferrobinson@example.com,Tracy,Female,Standard,1
02462,james76@example.net,Edward,Female,Premium,1
02463,jacob36@example.net,Scott,,Premium,1
02464,ballardkara@example.org,David,Female,Premium+,1
02465,jessicacollins@example.com,Sarah,Female,Standard,1
02466,ohall@example.net,Alexander,Male,Standard,1
02467,stonetammy@example.net,Penny,,Premium,1
02468,josegray@example.net,Jeff,Male,Standard,0
02469,torresadam@example.org,Kimberly,Other,Standard,1
02470,harrisjesus@example.net,Deborah,Female,Premium,1
02471,gonzaleztommy@example.com,Denise,Male,Premium+,1
02472,smoore@example.net,Alyssa,Female,Basic,1
02473,olynch@example.net,Rebecca,,Basic,1
02474,brittneysanchez@example.com,John,Male,Basic,0
02475,victoriaroth@example.com,Angela,Male,Basic,1
02476,kenneth12@example.org,Katherine,Female,Basic,0
02477,castillojeffrey@example.org,Stephen,Female,Premium,1
02478,eward@example.com,Helen,Female,Premium,1
02479,michael57@example.com,Jennifer,Male,Premium+,0
02480,jamesharvey@example.com,Julian,Female,Basic,1
02481,christineclarke@example.net,Robin,Male,Standard,1
02482,jason41@example.net,Samuel,Male,Premium,1
02483,delacruzmelanie@example.net,Colleen,Other,Premium,0
02484,rachel16@example.com,Michael,Male,Premium+,1
02485,phillip55@example.com,Alexandra,Female,Premium,1
02486,james17@example.com,Andrew,,Basic,1
02487,vmurphy@example.com,Phillip,Male,Standard,1
02488,cathy96@example.net,Nicholas,Male,Standard,1
02489,tzavala@example.net,Jordan,Male,Standard,1
02490,burkegwendolyn@example.com,Sherry,Female,Standard,1
02491,alvarezmatthew@example.com,David,Prefer not to say,Premium+,1
02492,hannabrian@example.org,Raymond,Female,Premium,0
02493,frobinson@example.net,Thomas,Male,Basic,1
02494,james82@example.com,Richard,Male,Premium,1
02495,oholmes@example.net,Valerie,Male,Premium,1
02496,stephenchavez@example.com,Joseph,Male,Basic,1
02497,bryanttina@example.net,Cheryl,Female,Basic,1
02498,castrodeborah@example.net,Timothy,Female,Premium+,1
02499,emonroe@example.net,Kerri,Other,Premium+,0
02500,powelljesse@example.org,Jared,,Premium,0
02501,zsanders@example.com,Shaun,Female,Premium,1
02502,delgadoomar@example.org,Melanie,Male,Standard,1
02503,michelemorris@example.com,Reginald,Male,Standard,1
02504,herringpatricia@example.org,Dana,Male,Basic,1
02505,ucole@example.net,Linda,Male,Standard,1
02506,ylong@example.org,Misty,Other,Standard,1
02507,elizabethlittle@example.com,Jason,Prefer not to say,Premium,1
02508,lgibson@example.com,Kevin,Female,Basic,1
02509,imartinez@example.net,Linda,,Basic,1
02510,joannescott@example.org,Emily,Female,Standard,1
02511,robert51@example.org,Richard,,Premium,1
02512,hallleslie@example.com,Kyle,Male,Premium,1
02513,andrewssarah@example.org,Ann,Female,Basic,1
02514,juliemoore@example.com,Anthony,Other,Premium,1
02515,uhogan@example.com,Mary,Male,Basic,1
02516,kristenmoreno@example.org,Timothy,Female,Premium+,0
02517,vmolina@example.com,Elizabeth,Female,Premium,1
02518,beckaustin@example.com,Brandon,Male,Standard,1
02519,mcowan@example.net,Blake,Male,Standard,1
02520,jonesbrian@example.org,Tracy,Male,Premium,1
02521,rbates@example.com,Vickie,Female,Premium,1
02522,alexandersmith@example.net,Christopher,Female,Premium+,1
02523,rdawson@example.org,Andrea,,Premium+,0
02524,thomas06@example.org,Bryan,Male,Premium+,1
02525,stevenslinda@example.org,Thomas,Female,Standard,0
02526,cavila@example.net,Olivia,Female,Premium,1
02527,juliadavid@example.net,Amber,Male,Standard,1
02528,cobbmelinda@example.org,Eric,Prefer not to say,Premium,1
02529,matthewgarcia@example.org,Brian,Male,Standard,1
02530,angela08@example.net,Nicole,Male,Standard,0
02531,gmartinez@example.org,Daniel,Male,Standard,1
02532,cooksarah@example.com,Maria,Female,Standard,1
02533,carterolivia@example.com,Ronald,Female,Premium,1
02534,oshepherd@example.net,Christopher,Female,Premium,1
02535,sheltonlaura@example.org,Dawn,Male,Standard,1
02536,milesmichael@example.net,Gloria,Male,Premium,1
02537,ybrown@example.org,Tara,Female,Premium,1
02538,srose@example.net,Scott,Male,Premium,0
02539,pmcgee@example.org,Justin,Male,Standard,1
02540,damon28@example.net,Angela,Female,Standard,1
02541,ellentapia@example.net,Phillip,Female,Premium+,1
02542,kevinkirk@example.com,Shelby,Female,Standard,1
02543,jorge70@example.net,Adrian,,Premium,1
02544,darin83@example.org,Stephen,Male,Premium+,1
02545,justinashley@example.net,Paul,Male,Standard,1
02546,corey91@example.org,Kelly,Male,Standard,0
02547,craigdennis@example.com,Derek,Male,Premium,1
02548,fcampbell@example.net,Alexis,Female,Basic,0
02549,angela40@example.org,Steven,Male,Premium,1
02550,robert60@example.org,Michael,Female,Basic,1
02551,vgrimes@example.com,Kristi,Male,Standard,1
02552,jamiezimmerman@example.com,Shirley,Male,Premium,1
02553,marieneal@example.com,Eileen,Male,Premium,1
02554,michael10@example.net,Kelsey,Prefer not to say,Premium,1
02555,ricardo38@example.net,Paige,Male,Premium,1
02556,umiller@example.net,Tina,Female,Standard,1
02557,pachecoanna@example.net,Thomas,Female,Basic,1
02558,xwhite@example.net,Michael,Female,Standard,1
02559,michelle57@example.com,Diane,Male,Premium,1
02560,andersonjason@example.org,Jane,,Premium,1
02561,ckemp@example.org,Heather,Female,Basic,1
02562,stephaniekrueger@example.net,Mathew,Male,Premium,1
02563,courtney18@example.org,Pamela,Female,Standard,0
02564,sarahsweeney@example.com,Susan,Female,Standard,1
02565,gadams@example.com,Diane,Female,Standard,1
02566,melinda34@example.com,Derek,Male,Premium+,0
02567,mlewis@example.com,Ronald,,Premium,0
02568,mark42@example.org,Elizabeth,Female,Premium,1
02569,yalexander@example.com,Shelley,,Standard,1
02570,thomas93@example.net,Kimberly,Female,Basic,1
02571,fernandezjaime@example.net,Cynthia,,Standard,1
02572,lucas74@example.org,Rebecca,Male,Standard,1
02573,pereztyler@example.org,Michelle,Male,Premium,1
02574,brandy23@example.org,Heather,Male,Premium,1
02575,kelsey51@example.com,Willie,Female,Standard,1
02576,riversaaron@example.net,Paul,Female,Premium,1
02577,jennysanders@example.org,Danielle,Male,Standard,1
02578,manderson@example.net,Sandra,,Standard,0
02579,nataliescott@example.com,Leah,Male,Basic,1
02580,josephhunter@example.org,Robert,Male,Standard,0
02581,nicole99@example.com,Alyssa,Female,Premium,1
02582,murrayteresa@example.org,Crystal,Female,Basic,1
02583,ureed@example.net,Debbie,Female,Premium,0
02584,andrewross@example.net,Audrey,Female,Premium+,0
02585,tina20@example.org,Daniel,,Standard,1
02586,georgeallen@example.org,Heather,Male,Standard,1
02587,bryan97@example.net,Jennifer,Male,Premium+,1
02588,zmoss@example.com,Brian,Male,Standard,0
02589,harperphilip@example.org,Brian,Male,Basic,0
02590,manuel98@example.net,Jasmine,Male,Premium,1
02591,jacobmartin@example.net,James,Male,Standard,0
02592,wisemichelle@example.com,Natalie,Female,Premium,1
02593,bramos@example.net,Barbara,Male,Standard,1
02594,micheletran@example.net,Jared,Male,Premium,1
02595,anna59@example.com,William,Female,Premium,1
02596,grantcarrie@example.com,Phillip,Male,Standard,1
02597,blake69@example.org,Stephen,Male,Basic,1
02598,michael62@example.net,Tiffany,,Premium+,1
02599,cturner@example.org,Roger,Prefer not to say,Premium,1
02600,tiffanywalters@example.com,Kenneth,Female,Premium+,0
02601,emma68@example.org,Christine,Male,Standard,1
02602,samuel70@example.com,Debra,Female,Premium,1
02603,dennisjessica@example.org,Kelly,Male,Basic,1
02604,ramirezbreanna@example.org,Scott,Female,Standard,1
02605,andersonbrian@example.org,Gina,Female,Premium+,0
02606,xperry@example.com,Tammy,Male,Basic,1
02607,jennifer77@example.org,Calvin,Female,Standard,1
02608,karenjensen@example.com,Austin,Female,Premium,1
02609,crawfordvictor@example.org,Dustin,Male,Standard,1
02610,icraig@example.com,Lisa,Male,Standard,1
02611,martinjennifer@example.net,Shelly,Male,Basic,1
02612,laurenbaker@example.org,Jasmine,Female,Premium+,1
02613,jshannon@example.org,Benjamin,Female,Standard,1
02614,nruiz@example.net,Elizabeth,Male,Basic,1
02615,jamesgill@example.com,Barbara,Female,Basic,1
02616,jessica26@example.net,Brian,Male,Standard,1
02617,emyers@example.org,Andrew,Male,Premium,1
02618,tsmith@example.com,Andrew,Male,Premium,1
02619,tonya56@example.com,Lauren,Male,Standard,1
02620,lross@example.org,Judy,Female,Standard,1
02621,dicksonkatie@example.com,Marvin,Male,Standard,0
02622,lori52@example.org,Brian,Male,Premium,1
02623,nicole75@example.org,Sherri,Male,Premium+,1
02624,farmerjennifer@example.org,Amber,Female,Basic,1
02625,harperchristina@example.net,Michael,,Basic,1
02626,jeffrey94@example.net,Jennifer,Female,Basic,1
02627,petersonkimberly@example.org,Jennifer,Prefer not to say,Basic,1
02628,zweaver@example.com,Morgan,Male,Standard,1
02629,gloverkevin@example.com,Jessica,Male,Premium,1
02630,jeffrey79@example.com,Philip,Male,Premium,1
02631,ymedina@example.com,Melanie,Male,Standard,1
02632,bwilliams@example.com,Morgan,Female,Premium+,0
02633,john04@example.net,Connie,Other,Basic,1
02634,millsyolanda@example.com,Wendy,Male,Premium+,1
02635,mendozasteven@example.net,Christine,Male,Standard,1
02636,lisa12@example.net,Carrie,Female,Premium,1
02637,nicolejohnson@example.com,Alicia,Male,Premium,1
02638,aaron53@example.net,Timothy,Female,Standard,1
02639,wcampbell@example.org,Jessica,,Premium,1
02640,amy17@example.net,Heather,Male,Standard,1
02641,katie96@example.com,Rachael,Female,Premium,1
02642,seanwright@example.net,Tim,Female,Premium,1
02643,anelson@example.org,Robert,Male,Premium,1
02644,matthew40@example.org,Breanna,Male,Basic,0
02645,samuel54@example.com,Michelle,Male,Premium,1
02646,mia88@example.com,Michelle,Female,Premium,1
02647,andreacollins@example.org,Bruce,Female,Standard,1
02648,qgonzalez@example.net,Tony,Male,Premium,1
02649,combsrichard@example.org,Jason,Prefer not to say,Basic,1
02650,xcoleman@example.net,Roger,Female,Premium,1
02651,steven22@example.com,Richard,Female,Premium,0
02652,stephen52@example.org,Wendy,Male,Premium,1
02653,wendymendoza@example.org,Michael,Female,Standard,1
02654,bcarson@example.com,Denise,Female,Premium+,1
02655,ricardophillips@example.com,Vanessa,Female,Premium,1
02656,stacy67@example.com,Kelly,Male,Premium,1
02657,andrea20@example.org,Laurie,Male,Premium,1
02658,robertchristian@example.com,Jennifer,,Premium,1
02659,yhoover@example.org,Donald,Male,Premium,1
02660,jordanelizabeth@example.net,Brian,Male,Standard,1
02661,woodaaron@example.net,Christy,Female,Premium+,1
02662,linmark@example.net,Molly,Male,Premium,1
02663,lgreen@example.org,David,Male,Standard,1
02664,youngkelly@example.com,Logan,Male,Basic,1
02665,asummers@example.org,Matthew,Male,Premium,1
02666,davidsmith@example.net,Arthur,Male,Basic,1
02667,tmcgee@example.net,Michelle,,Premium,1
02668,jenniferjohnson@example.com,Katherine,,Standard,1
02669,balexander@example.net,Eric,Male,Standard,0
02670,kim85@example.com,Chelsea,Male,Premium,1
02671,april30@example.com,Abigail,Female,Premium,1
02672,jennifermckinney@example.org,Natalie,Male,Premium,1
02673,baxterbrandi@example.net,Gabriel,Female,Standard,1
02674,dbrown@example.net,Donna,Female,Standard,1
02675,johnwarner@example.net,Kara,Male,Basic,1
02676,jennarobinson@example.net,David,Female,Premium,1
02677,gwagner@example.com,Kyle,Male,Premium+,0
02678,mendezrebecca@example.net,Evan,Female,Premium,1
02679,stevenashley@example.org,Marissa,,Premium,1
02680,jennifer52@example.net,Jonathan,Male,Standard,1
02681,alvaradoandrew@example.org,Dawn,Male,Standard,1
02682,huertajohn@example.com,Susan,Female,Premium,1
02683,wilsoncameron@example.com,Marissa,Prefer not to say,Premium,1
02684,patriciachurch@example.org,Ronald,,Basic,1
02685,christian35@example.org,Hannah,Female,Premium,1
02686,gwilson@example.net,Victor,Male,Premium,1
02687,douglas59@example.net,Joe,Female,Standard,1
02688,tparker@example.com,Bernard,Male,Standard,1
02689,troymorris@example.com,Alex,Male,Premium,1
02690,rjones@example.com,Michael,,Premium,1
02691,brandon27@example.com,George,Male,Standard,1
02692,wilsonalexandria@example.com,Alicia,Other,Premium+,1
02693,isabella73@example.net,Dawn,Female,Premium+,1
02694,matthew79@example.com,Jennifer,Female,Standard,1
02695,xgonzalez@example.com,Edward,Female,Premium,1
02696,matthew25@example.org,Taylor,Female,Premium+,1
02697,andrewmartinez@example.com,Adam,Male,Standard,1
02698,awilliams@example.com,Scott,Other,Standard,1
02699,jessica65@example.org,Patricia,,Standard,0
02700,betty41@example.org,Lauren,Female,Basic,1
02701,copelanddavid@example.com,David,Male,Premium,1
02702,rachel20@example.com,Rachel,Female,Premium,1
02703,jessicatucker@example.com,Amber,Male,Basic,1
02704,antoniobell@example.net,Sierra,Other,Standard,1
02705,odelgado@example.org,Joshua,Female,Standard,1
02706,stuartwright@example.net,Brian,Female,Basic,1
02707,pstanley@example.net,Joseph,Female,Premium,1
02708,alex56@example.org,Stacy,Male,Premium+,1
02709,pruittluke@example.com,Gregory,Female,Basic,1
02710,lwhite@example.org,Candice,Prefer not to say,Standard,0
02711,zmiller@example.com,Evan,Male,Premium,1
02712,palmerjessica@example.org,William,Prefer not to say,Premium+,1
02713,weaverandrew@example.net,Robert,Prefer not to say,Premium,1
02714,thomas09@example.org,Jimmy,Male,Standard,1
02715,ocarey@example.net,Crystal,Female,Premium,1
02716,gsimon@example.org,Karen,Male,Basic,1
02717,greeneanna@example.org,Andrew,Female,Premium,1
02718,derek73@example.org,Harry,Female,Standard,0
02719,ashleyvelez@example.com,Colin,Female,Premium,0
02720,walkerbianca@example.com,Stacy,Other,Standard,1
02721,lewispeggy@example.net,Shawn,,Premium,1
02722,qcarpenter@example.net,Wendy,Male,Standard,1
02723,zrichards@example.org,Devin,Male,Premium,1
02724,terri49@example.org,Eric,Female,Premium+,1
02725,tammyrodriguez@example.net,James,Female,Basic,1
02726,amber85@example.org,Joe,Male,Premium,1
02727,wendy17@example.org,Patricia,Prefer not to say,Premium,0
02728,kevin76@example.net,Hannah,Male,Standard,1
02729,rberry@example.org,Ronald,Female,Basic,1
02730,samanthaburch@example.org,Robert,Male,Standard,1
02731,ygoodwin@example.net,Patrick,,Premium,1
02732,alvaradopaul@example.com,Vanessa,Male,Premium,1
02733,joneal@example.net,Lawrence,Male,Basic,1
02734,uvillegas@example.org,Peter,Male,Premium,1
02735,wrogers@example.com,Lori,Female,Basic,1
02736,williamlucas@example.org,James,Male,Standard,1
02737,dmacias@example.com,William,Female,Standard,1
02738,waynedavis@example.com,Tammy,Female,Premium,1
02739,hwade@example.net,Wayne,Female,Premium+,1
02740,griffinjames@example.net,Rita,Prefer not to say,Standard,1
02741,jthomas@example.net,Troy,Other,Premium,1
02742,michealmccall@example.com,Sarah,Female,Standard,1
02743,katie19@example.com,Tony,Female,Basic,1
02744,donaldmatthews@example.com,Katherine,Male,Premium+,1
02745,kthompson@example.org,Yvette,Male,Premium,1
02746,nicholas84@example.com,Makayla,Male,Standard,1
02747,latoyahansen@example.com,Jared,Male,Premium,1
02748,sara17@example.net,Jodi,Male,Premium,1
02749,christopherreyes@example.org,Elizabeth,Female,Standard,1
02750,sarayoung@example.net,Paige,Female,Standard,1
02751,obrienerin@example.com,Renee,Prefer not to say,Premium,1
02752,tammy20@example.org,Thomas,Female,Premium,1
02753,ngilbert@example.com,Barbara,,Standard,1
02754,trevinoheather@example.net,Peter,Male,Premium,1
02755,kevin48@example.com,Brooke,Other,Premium,0
02756,sharpshannon@example.com,Dennis,Female,Basic,1
02757,danielleanderson@example.org,Vanessa,Male,Basic,0
02758,bfarmer@example.net,Jared,Male,Premium,1
02759,kmitchell@example.org,Jason,Female,Standard,1
02760,carlaswanson@example.net,Brandy,Male,Standard,1
02761,susan48@example.com,Renee,Male,Basic,1
02762,umarshall@example.net,Sandra,Female,Premium,1
02763,nbaker@example.com,Brandon,,Standard,1
02764,curtis27@example.com,Michele,Female,Standard,1
02765,joseph62@example.com,John,Male,Basic,1
02766,mike89@example.org,Jeffrey,Female,Premium,1
02767,christian09@example.net,Cameron,Female,Basic,1
02768,cunninghamchelsey@example.org,Leonard,Other,Basic,1
02769,hrichardson@example.org,Rhonda,Male,Premium,1
02770,kflores@example.org,Amy,Male,Basic,1
02771,cjarvis@example.net,Diane,Female,Premium+,0
02772,kristin83@example.com,Tiffany,Female,Standard,1
02773,hooverpaul@example.net,Carly,Female,Premium,1
02774,anthonyhanson@example.com,Victoria,Male,Premium,1
02775,jameshoward@example.net,Brittany,Female,Basic,1
02776,laurabishop@example.net,Jared,Female,Premium+,1
02777,vallen@example.net,Katherine,Male,Premium,1
02778,julian43@example.com,Cassandra,Female,Standard,0
02779,warnermichelle@example.org,Frank,Male,Standard,1
02780,austin05@example.net,Audrey,Female,Premium+,1
02781,brandonfuller@example.com,Christie,Male,Basic,1
02782,gmartin@example.org,Madeline,Female,Premium+,0
02783,bradley11@example.org,Jonathan,Female,Standard,1
02784,joseph94@example.net,Donald,Female,Basic,1
02785,ashleywillis@example.com,Mark,Male,Premium,1
02786,loganwarner@example.net,Kenneth,Female,Premium,1
02787,walkersamuel@example.net,Matthew,Female,Standard,1
02788,jonathanmartin@example.com,Jennifer,Female,Premium,1
02789,eevans@example.net,Michael,Female,Premium,0
02790,collinsmith@example.com,Tammy,Male,Premium+,1
02791,acostaangela@example.com,Allison,Female,Standard,1
02792,dianechapman@example.net,Matthew,Female,Basic,0
02793,kellyhill@example.org,Michelle,Male,Standard,1
02794,kevincastillo@example.org,Sandra,Female,Premium,1
02795,carrollwesley@example.net,Thomas,Female,Standard,1
02796,daviskim@example.com,William,Female,Basic,1
02797,teresa27@example.com,Brian,Male,Premium,1
02798,wchristensen@example.com,John,,Premium+,1
02799,glennjeremy@example.org,Daniel,Female,Premium+,1
02800,stephaniecortez@example.org,Oscar,Female,Premium+,1
02801,marksweeney@example.com,Stephanie,Male,Standard,1
02802,michaeladkins@example.com,Marissa,Female,Premium,0
02803,dawn90@example.com,Wanda,Male,Standard,1
02804,keith78@example.org,Joseph,Male,Standard,1
02805,martineznorman@example.com,Pamela,Male,Premium,1
02806,rhodesjose@example.net,Cheryl,Male,Standard,1
02807,qgreen@example.net,Nathan,Other,Standard,1
02808,patrickjackson@example.com,Richard,,Standard,1
02809,brianhunt@example.com,Amy,Female,Standard,1
02810,nrogers@example.com,Andrew,Female,Premium,1
02811,hartjohn@example.org,Gabriella,Male,Premium,0
02812,ronaldmurphy@example.org,Ashley,,Premium,0
02813,harveycraig@example.com,Martha,Female,Standard,1
02814,dcollins@example.org,Allen,Male,Standard,1
02815,emanning@example.net,Nicholas,Other,Basic,1
02816,davidwilson@example.net,Anita,Male,Basic,1
02817,yknight@example.com,Adam,,Basic,1
02818,maryhansen@example.net,Michael,Male,Standard,1
02819,dilloneric@example.com,Melissa,Male,Standard,1
02820,martha48@example.org,Heather,Male,Basic,1
02821,darrellford@example.com,Wesley,Other,Standard,1
02822,youngkimberly@example.com,Ronald,Male,Premium,1
02823,cheryl30@example.net,Robert,Male,Premium,1
02824,meadowsdana@example.com,David,Female,Premium,1
02825,sanchezlisa@example.net,Daniel,Male,Basic,1
02826,bsaunders@example.com,Katelyn,Male,Standard,1
02827,moorecraig@example.com,Paul,Male,Basic,1
02828,kristine53@example.org,Paul,Female,Basic,1
02829,rodriguezjesse@example.net,Danielle,Male,Premium,1
02830,kellykelsey@example.org,Mary,Male,Premium,1
02831,benjamin16@example.org,Nicole,Male,Premium+,1
02832,jeffrey02@example.com,Jeffrey,Male,Standard,1
02833,kboyer@example.com,Robert,Female,Basic,1
02834,adamstiffany@example.org,Jennifer,Female,Standard,1
02835,gutierrezkevin@example.net,Hannah,Female,Premium,1
02836,laurafry@example.com,Denise,Female,Premium,1
02837,davidsmith@example.com,David,Female,Standard,1
02838,vmahoney@example.com,Melissa,Male,Premium,1
02839,brookevalencia@example.org,Richard,Male,Premium,1
02840,martinezyvonne@example.net,Bryan,Other,Premium,1
02841,rogersmatthew@example.net,Larry,Male,Standard,1
02842,sloankrista@example.com,Mark,Female,Standard,0
02843,saundersaaron@example.net,Sarah,,Premium,1
02844,brandonlawrence@example.net,Barry,Male,Premium,0
02845,lorraine33@example.org,Christopher,Male,Standard,1
02846,qmoran@example.org,Karen,Male,Premium,0
02847,zfuentes@example.org,Heather,Male,Premium,1
02848,smithdebbie@example.com,Joann,Male,Premium+,1
02849,nicolewalker@example.org,James,Female,Premium,1
02850,andrew66@example.com,Sharon,,Premium,0
02851,paulspence@example.com,Michelle,Female,Basic,1
02852,brandy60@example.org,Nicole,Male,Premium,0
02853,angelicachase@example.net,Nancy,Female,Standard,1
02854,dixontammy@example.com,Gabriela,,Premium,1
02855,vbrennan@example.net,Tony,Male,Standard,1
02856,brhodes@example.org,Matthew,Female,Standard,1
02857,reyescaitlyn@example.com,Taylor,Male,Standard,1
02858,jamesmorales@example.net,Larry,Male,Premium,1
02859,robertsonpamela@example.com,Christina,Female,Premium,1
02860,robinsoncameron@example.org,Kyle,Male,Basic,0
02861,timothy71@example.org,Christopher,Male,Premium,0
02862,yfisher@example.com,Kathy,Male,Standard,1
02863,gscott@example.org,James,Male,Basic,1
02864,jillian82@example.com,Samantha,Female,Standard,1
02865,kirbywalter@example.com,William,Female,Premium,1
02866,garciamorgan@example.org,Samantha,Male,Standard,1
02867,kathleenlambert@example.com,Abigail,Female,Standard,1
02868,humphreyruth@example.com,Colin,Female,Premium,1
02869,thomas03@example.net,Michelle,Female,Basic,1
02870,jross@example.net,Robert,Female,Premium,1
02871,joyce83@example.net,Angela,Male,Premium+,1
02872,brandon02@example.com,Tiffany,Male,Basic,1
02873,larrycarter@example.net,David,Prefer not to say,Standard,1
02874,suzannemay@example.org,Austin,Male,Standard,1
02875,dennistracy@example.net,Joel,Female,Standard,1
02876,fjackson@example.com,Todd,Female,Standard,1
02877,thompsonbarbara@example.net,Melissa,Other,Premium,1
02878,jilltorres@example.org,William,Other,Standard,1
02879,joan18@example.com,Carolyn,Male,Basic,1
02880,thomaswatson@example.net,Amanda,Female,Premium,1
02881,walkeredward@example.com,Nathan,Male,Premium,1
02882,tammy73@example.org,Kayla,Female,Standard,0
02883,olsonchad@example.org,Jonathan,Female,Standard,1
02884,johngonzalez@example.org,Lori,Female,Basic,1
02885,vbailey@example.org,Marvin,Female,Standard,1
02886,qmcmahon@example.net,Anthony,Male,Standard,1
02887,bbates@example.org,Rachel,Female,Standard,1
02888,patelcarlos@example.net,Michael,Male,Basic,1
02889,theresataylor@example.org,Jenna,Other,Standard,0
02890,fwebster@example.org,Betty,Female,Premium,0
02891,hguerrero@example.com,Alex,Male,Standard,1
02892,slam@example.net,Kristen,Male,Premium,1
02893,obrooks@example.com,Jimmy,Male,Premium,0
02894,monica61@example.com,Joel,Other,Standard,1
02895,pbenson@example.net,Penny,Male,Premium,1
02896,apeterson@example.org,Richard,Male,Standard,0
02897,nmorgan@example.org,Cody,,Standard,0
02898,sharonallen@example.org,Ryan,Male,Basic,0
02899,pberger@example.org,April,Female,Premium,1
02900,hilldavid@example.com,Dennis,Female,Standard,0
02901,julieduncan@example.org,Brian,Female,Premium+,1
02902,amyshepard@example.com,Veronica,Female,Standard,1
02903,rogersoscar@example.org,Michaela,Male,Standard,1
02904,maryvelez@example.net,Sally,,Premium,1
02905,heather65@example.com,Margaret,Female,Standard,0
02906,christophergibbs@example.net,Lindsey,Female,Standard,1
02907,christopherjones@example.net,David,Female,Premium,1
02908,barajasmitchell@example.org,Travis,Female,Standard,1
02909,jflores@example.com,Kathleen,Other,Basic,1
02910,dcollier@example.org,Joseph,Male,Basic,1
02911,joseph61@example.net,Johnny,Female,Standard,1
02912,melissa55@example.org,Jeffrey,Female,Basic,1
02913,patriciahoffman@example.com,Jack,Other,Premium,1
02914,vrobinson@example.net,Donna,Male,Standard,1
02915,toddroberts@example.org,Kristopher,Female,Premium,1
02916,nicolereed@example.net,Elizabeth,Female,Premium,1
02917,sergio07@example.org,Edward,Male,Basic,1
02918,jose51@example.org,Carla,Male,Premium,1
02919,jonesronald@example.org,Brandon,Female,Standard,1
02920,fuentespatrick@example.org,Ryan,Male,Premium,1
02921,josephsoto@example.net,Alexis,,Standard,1
02922,amanda38@example.com,Patrick,Male,Premium,1
02923,reyesamber@example.net,Mia,Male,Premium,1
02924,grayaaron@example.com,Emily,Male,Premium+,1
02925,nwhite@example.com,Marissa,Female,Premium,1
02926,jason22@example.com,Jorge,Male,Premium,1
02927,aphillips@example.org,Madison,Male,Basic,1
02928,rangelpaul@example.org,Cathy,Female,Premium,1
02929,awilliams@example.org,Gary,Male,Premium+,1
02930,markdavidson@example.com,Marc,Male,Basic,1
02931,ronnierussell@example.com,Brian,Male,Standard,1
02932,gregory44@example.net,Makayla,Male,Premium+,1
02933,edward43@example.org,Sharon,Male,Premium,1
02934,bentleyryan@example.net,Teresa,Female,Premium,1
02935,owenlori@example.org,Pamela,Female,Premium,1
02936,rhonda14@example.org,Robert,Female,Premium,1
02937,marc96@example.com,Tristan,Male,Standard,1
02938,wlee@example.com,Cheryl,Female,Premium+,1
02939,gomezmatthew@example.org,Tammy,Male,Premium,1
02940,deankathleen@example.net,William,Prefer not to say,Standard,1
02941,lutzwhitney@example.org,Anna,Male,Premium,0
02942,coxdaniel@example.com,Rebecca,Male,Standard,1
02943,ilamb@example.com,Jason,Female,Premium,1
02944,nclark@example.com,Gabrielle,Male,Premium,0
02945,arivera@example.org,Amy,Male,Premium,0
02946,jacksonjasmine@example.net,Brandon,Male,Premium+,1
02947,cartermichael@example.org,Alexis,Female,Basic,1
02948,lindaturner@example.org,Heather,,Standard,1
02949,ocampbell@example.com,Michael,Female,Premium,1
02950,carrollamy@example.net,Gabriel,Female,Standard,1
02951,martincathy@example.com,Catherine,Female,Premium+,1
02952,taylormegan@example.org,Victor,Female,Premium+,0
02953,james17@example.org,Gail,Female,Premium,1
02954,leerebecca@example.org,Michael,Female,Basic,1
02955,watkinsmartha@example.org,Dawn,Female,Premium+,1
02956,ncrawford@example.com,Robert,Female,Premium,1
02957,jessica97@example.net,Jennifer,Female,Premium,1
02958,krausepaul@example.org,Keith,Female,Standard,1
02959,awu@example.org,James,Female,Premium,1
02960,lorigutierrez@example.com,Steven,Female,Standard,0
02961,bcarr@example.com,Peter,Male,Standard,1
02962,lisagallegos@example.org,Danielle,Male,Standard,0
02963,parkersteve@example.com,Theresa,Male,Premium,1
02964,taraellis@example.com,Charles,Other,Basic,1
02965,crose@example.net,Laura,Female,Standard,1
02966,whitederrick@example.org,Marie,Other,Standard,1
02967,mhernandez@example.org,John,Male,Premium,1
02968,cguzman@example.net,Peter,,Premium+,0
02969,dalton44@example.net,Matthew,Male,Premium,1
02970,lthomas@example.net,Bryan,Female,Standard,1
02971,haynescynthia@example.net,John,Male,Standard,1
02972,ldavis@example.org,Douglas,Female,Standard,1
02973,stonealicia@example.com,Sheryl,Other,Standard,0
02974,kjenkins@example.org,Melissa,,Basic,1
02975,trevor11@example.com,Kristin,Male,Basic,0
02976,claymarilyn@example.net,Shelby,,Basic,0
02977,john59@example.com,William,Male,Premium,1
02978,zmontoya@example.org,Shawn,,Standard,1
02979,meganschmidt@example.com,Elizabeth,Female,Premium+,1
02980,whitneymartin@example.org,Daniel,Male,Premium,1
02981,patrick78@example.net,Dwayne,Male,Basic,1
02982,joshuasmith@example.com,Christine,Male,Premium+,1
02983,zjennings@example.net,Melissa,Male,Standard,1
02984,omunoz@example.com,Penny,Male,Basic,0
02985,pcastaneda@example.com,Anthony,Male,Premium,1
02986,gonzalesholly@example.com,Vanessa,Female,Basic,1
02987,romankevin@example.org,Heather,Female,Standard,1
02988,randall67@example.org,Stephen,Female,Standard,1
02989,ashley79@example.org,Ian,Prefer not to say,Premium,1
02990,gordonemily@example.net,Karen,Other,Premium+,1
02991,brownjohn@example.net,Alec,Male,Basic,1
02992,snowbobby@example.com,Marvin,Male,Standard,1
02993,nelsonjames@example.net,Kimberly,Female,Standard,1
02994,gutierrezjames@example.com,Nicole,Female,Basic,1
02995,melissa89@example.com,Emily,Male,Basic,1
02996,vmorgan@example.org,Russell,Female,Standard,1
02997,aliciabrown@example.com,Kent,Prefer not to say,Basic,1
02998,allen62@example.com,Amanda,,Standard,1
02999,kevinfrank@example.com,Diana,Male,Basic,1
03000,dgarcia@example.net,Brian,Male,Premium,0
03001,david03@example.net,Richard,Male,Basic,1
03002,andrew04@example.com,Charles,Male,Premium,1
03003,lauriestein@example.org,Frank,Male,Standard,1
03004,sfletcher@example.net,Tammy,Female,Standard,1
03005,arangel@example.com,Cheryl,Prefer not to say,Premium+,1
03006,jbanks@example.net,Paige,Female,Premium+,1
03007,michael92@example.com,Shane,Male,Premium,1
03008,daniel87@example.com,John,Male,Premium,1
03009,leealexandria@example.com,Tyler,Male,Premium+,0
03010,thomas46@example.org,Mackenzie,Male,Standard,1
03011,cartercharles@example.org,Courtney,Other,Standard,1
03012,xsmith@example.net,Ashley,Prefer not to say,Standard,1
03013,xfrye@example.com,Haley,Male,Premium+,0
03014,millerdenise@example.net,Brian,Prefer not to say,Standard,1
03015,sean73@example.com,Edward,Female,Standard,1
03016,michaelpalmer@example.org,Peter,Male,Basic,1
03017,jbrown@example.com,Philip,Female,Premium,1
03018,sandrasimmons@example.com,Wayne,Female,Premium,1
03019,stephenwillis@example.net,Brianna,Male,Standard,1
03020,clarkwilliam@example.org,Kelly,Male,Standard,1
03021,mendezkaren@example.org,Eric,Male,Standard,1
03022,robert31@example.org,Donald,Male,Premium,1
03023,olivernicole@example.com,Carrie,Female,Premium,0
03024,hannahsmith@example.net,Joseph,Prefer not to say,Standard,0
03025,jon54@example.net,Mark,Other,Basic,1
03026,ubrock@example.net,Norma,Female,Basic,1
03027,wesley72@example.com,Erin,Female,Premium,1
03028,andreagonzales@example.org,Tracy,Female,Basic,1
03029,jeffrey35@example.com,Jacob,Prefer not to say,Premium,1
03030,haroldmcneil@example.com,David,Female,Standard,1
03031,houstonalexis@example.org,Theodore,Prefer not to say,Premium,1
03032,vnguyen@example.com,Steven,Male,Basic,1
03033,hernandezkevin@example.com,Phillip,,Premium,1
03034,kimberly56@example.com,Amanda,Female,Standard,1
03035,hooddaniel@example.com,James,Female,Standard,1
03036,timothydeleon@example.org,Monica,Female,Premium,1
03037,blutz@example.org,Holly,Male,Standard,1
03038,colleenharris@example.com,Justin,Female,Premium,1
03039,tyrone57@example.com,Stacey,Female,Premium,1
03040,garciajames@example.net,John,Prefer not to say,Standard,0
03041,ewilliams@example.com,Jeremy,,Premium,1
03042,christianjohnson@example.org,Frederick,Prefer not to say,Premium,1
03043,gpowell@example.org,Andrea,Female,Premium,1
03044,jeffrey36@example.org,Susan,Female,Premium,1
03045,rachel49@example.com,Elizabeth,Male,Standard,1
03046,beckjean@example.com,Richard,Male,Standard,1
03047,englishmartha@example.org,Jenny,,Basic,1
03048,fbates@example.com,Elizabeth,Female,Premium+,1
03049,daniel91@example.net,Danielle,Male,Premium+,0
03050,scottalan@example.org,Mary,Female,Premium+,1
03051,marcus18@example.net,Ronald,Female,Standard,0
03052,zachary19@example.org,Michelle,Male,Premium,1
03053,nicholasjenkins@example.net,Paul,Male,Premium,1
03054,mwatson@example.com,Elizabeth,Female,Standard,1
03055,jamessimon@example.com,Mary,Female,Premium,1
03056,griffindeanna@example.net,Jose,Male,Basic,1
03057,lbecker@example.org,Tonya,Female,Premium+,1
03058,colsen@example.com,Marissa,Female,Premium+,1
03059,patricia70@example.net,Amber,Female,Standard,1
03060,jonathanhenderson@example.net,Tara,,Standard,0
03061,millerjennifer@example.org,Nathan,Male,Premium,1
03062,jenniferwilliams@example.org,Edward,Prefer not to say,Basic,1
03063,maystimothy@example.net,Rhonda,Male,Premium,1
03064,brenda64@example.net,Michael,Female,Basic,0
03065,qpineda@example.org,Harry,Male,Standard,1
03066,zaustin@example.net,Todd,Male,Premium,1
03067,kelli15@example.org,Samantha,Female,Standard,1
03068,dana65@example.org,Duane,Male,Premium+,1
03069,tammybaker@example.com,Jessica,Male,Premium,0
03070,lorettaowen@example.org,Brandi,Female,Premium,1
03071,williammanning@example.org,Nicole,Female,Standard,1
03072,hcole@example.net,Alan,Male,Standard,1
03073,christopherbrooks@example.com,Gary,Male,Standard,0
03074,laura71@example.com,Amanda,Female,Standard,1
03075,carlasmith@example.net,Melissa,,Premium,1
03076,melissagonzalez@example.net,Philip,,Basic,0
03077,jonathan41@example.com,Larry,Male,Premium,1
03078,gregorywright@example.org,Kent,Male,Standard,1
03079,zflores@example.com,Derek,Female,Premium,1
03080,turnerdonna@example.com,Vanessa,Female,Basic,1
03081,sarasavage@example.net,Adam,Female,Premium+,1
03082,michaelsims@example.org,Katrina,Female,Basic,1
03083,jacksonchristopher@example.org,Gary,Male,Basic,0
03084,gregoryjackson@example.org,Melissa,Female,Basic,1
03085,eddie60@example.net,Lydia,Male,Basic,1
03086,brivers@example.net,Tammy,Male,Standard,1
03087,thomasterry@example.net,Kari,Female,Basic,1
03088,efuller@example.com,Tiffany,Female,Standard,1
03089,greenechristopher@example.net,Jesse,Female,Standard,1
03090,watsonamanda@example.net,Robert,Male,Premium,1
03091,anthonyheidi@example.net,Cheryl,Male,Premium+,1
03092,htorres@example.com,Christopher,Male,Premium+,1
03093,angelawhite@example.com,Erik,Female,Premium,1
03094,calvin79@example.org,Justin,Female,Basic,1
03095,brandon09@example.org,Stephanie,Male,Premium,1
03096,pedrocruz@example.org,Jasmine,Male,Basic,1
03097,johnstonscott@example.com,Corey,Male,Standard,1
03098,christopherdiaz@example.net,Paul,Female,Premium,1
03099,harrisonsandra@example.net,Victoria,Female,Basic,1
03100,johnhiggins@example.com,Samantha,Female,Basic,1
03101,rbright@example.com,Jose,Female,Standard,1
03102,matthewevans@example.com,Laura,Female,Basic,0
03103,schwartzbriana@example.org,Kevin,Female,Standard,1
03104,zvelasquez@example.net,Laura,Male,Standard,1
03105,coffeyjohn@example.com,Bridget,Male,Basic,1
03106,cwalker@example.net,Jessica,,Standard,1
03107,henry60@example.org,Wendy,Female,Premium,1
03108,sharon70@example.org,Jason,Other,Basic,1
03109,normanclifford@example.net,Jeffrey,Male,Premium,1
03110,james18@example.com,John,Other,Premium,1
03111,nlee@example.org,Jared,Female,Premium,1
03112,tracy12@example.com,Gregory,Female,Basic,1
03113,victoria55@example.com,Jillian,Male,Basic,1
03114,hannah74@example.org,Matthew,,Standard,1
03115,powellpaul@example.org,Ebony,Prefer not to say,Premium+,1
03116,scottkirk@example.net,Jessica,Female,Standard,1
03117,salazardanny@example.net,Philip,Male,Premium,1
03118,gonzalezmeagan@example.com,Thomas,Female,Premium,1
03119,vasquezwendy@example.net,Michael,Female,Basic,1
03120,martindiana@example.com,Gabriela,Female,Standard,1
03121,dustinlewis@example.net,Erika,Female,Standard,1
03122,davidrichardson@example.org,Jonathan,Male,Standard,1
03123,xwilson@example.org,Jessica,Male,Standard,1
03124,cbauer@example.net,Brian,Female,Basic,0
03125,montoyachristopher@example.net,Ana,,Standard,1
03126,alex06@example.net,Michael,Female,Standard,1
03127,rhowe@example.com,Kyle,Female,Premium+,1
03128,james01@example.com,Paul,Female,Standard,1
03129,harrisdavid@example.org,Nancy,Male,Premium+,1
03130,pachecoronald@example.net,Brandon,Male,Premium,1
03131,georgevanessa@example.com,Jeffrey,Female,Premium,1
03132,martin30@example.org,Matthew,,Basic,1
03133,ruth44@example.org,Crystal,Male,Standard,1
03134,luke32@example.org,Lisa,Female,Premium,1
03135,kbrown@example.org,Kimberly,Male,Standard,1
03136,alyssamitchell@example.com,Anthony,Prefer not to say,Standard,0
03137,flittle@example.com,Paula,Female,Standard,1
03138,jwells@example.net,Brandon,Male,Premium,0
03139,omills@example.org,Daniel,Male,Premium,1
03140,helen69@example.net,Dennis,Female,Basic,1
03141,parkertim@example.com,Jerry,Female,Basic,1
03142,dunderwood@example.com,Ryan,Female,Premium,1
03143,zphillips@example.org,Cody,Female,Premium,1
03144,travis25@example.com,Joshua,Male,Basic,1
03145,nelsonbrian@example.org,Brandon,Female,Standard,1
03146,olivia38@example.org,Joanne,Female,Premium,1
03147,stevenschneider@example.com,Joseph,Prefer not to say,Premium+,1
03148,sotomadison@example.net,Raymond,,Standard,1
03149,hicksrobert@example.net,Jared,Male,Premium,1
03150,stephanieball@example.com,Jackie,Prefer not to say,Basic,1
03151,christine41@example.net,Lindsey,Male,Standard,1
03152,bshannon@example.com,Paula,Male,Premium+,1
03153,robert53@example.org,Edward,Prefer not to say,Standard,1
03154,jeremysimpson@example.org,Jonathon,Female,Basic,1
03155,jasonsosa@example.org,Wayne,Female,Standard,1
03156,dwaynemoon@example.org,Dawn,Male,Standard,1
03157,timothyklein@example.com,Leah,Female,Premium,1
03158,warrenkrista@example.com,Melanie,Male,Premium,1
03159,xwebb@example.net,Bonnie,Female,Premium+,1
03160,lopezamanda@example.net,Kimberly,Male,Basic,0
03161,zjacobs@example.org,Amber,Other,Premium,0
03162,brianalvarez@example.net,Bryce,Male,Premium,1
03163,wushawn@example.com,Jorge,Male,Premium,1
03164,emilycross@example.org,Jeffrey,Male,Premium,0
03165,watersjerry@example.org,Karen,Prefer not to say,Basic,1
03166,andrea88@example.org,Jacqueline,Female,Standard,1
03167,kclark@example.org,Robert,Male,Standard,1
03168,amy70@example.com,Holly,Female,Premium,1
03169,jose27@example.org,Matthew,Female,Standard,0
03170,zpennington@example.org,Hayley,,Premium+,1
03171,carlos66@example.org,Robert,Male,Basic,1
03172,jacquelineturner@example.com,Danielle,Female,Premium,1
03173,simmonskelly@example.com,Christina,Male,Premium+,1
03174,caseyandrew@example.com,Amber,Male,Basic,1
03175,rhondalopez@example.org,Claudia,Male,Premium,1
03176,kayla72@example.com,Jenna,Female,Standard,1
03177,kcarroll@example.net,David,Male,Basic,1
03178,tiffany93@example.org,April,Female,Standard,0
03179,lauren81@example.com,Timothy,Male,Premium,1
03180,kelly72@example.net,Nicole,Male,Standard,1
03181,fernandezvincent@example.net,Eric,Female,Basic,1
03182,gilbertjason@example.com,Christopher,Prefer not to say,Standard,0
03183,hansonaaron@example.net,Victoria,Male,Basic,1
03184,brian10@example.com,Michelle,Other,Premium,1
03185,christina12@example.org,Gary,Other,Standard,1
03186,kimberly77@example.org,Christine,Female,Standard,1
03187,nfischer@example.com,Chelsea,Male,Standard,1
03188,ojones@example.net,Kevin,Female,Premium,1
03189,chad49@example.org,Amanda,Male,Standard,1
03190,natalie86@example.org,Christy,Male,Standard,1
03191,mbrooks@example.org,Ethan,Male,Premium,0
03192,mirandarobert@example.org,Michael,Male,Basic,0
03193,hansonmark@example.org,Justin,Female,Premium,1
03194,paula70@example.com,Abigail,Female,Basic,1
03195,kyle15@example.com,Edward,Female,Standard,1
03196,shannonmorton@example.org,Brandon,Male,Standard,1
03197,johncook@example.net,Zachary,Female,Premium,1
03198,walterboyle@example.net,Julie,Female,Standard,0
03199,hernandezamanda@example.org,Benjamin,Male,Standard,1
03200,myersterri@example.com,Kimberly,,Standard,1
03201,james59@example.org,Charles,Female,Basic,1
03202,candrade@example.org,Steven,Male,Premium,1
03203,bryantkatherine@example.org,Sarah,Male,Standard,1
03204,shaungarcia@example.org,Joshua,Female,Basic,1
03205,moorealicia@example.net,Jason,Male,Premium,1
03206,barbara30@example.org,Michael,Female,Premium+,1
03207,taylordanielle@example.org,Aaron,Male,Standard,0
03208,mitchellamber@example.net,Michael,Prefer not to say,Premium,1
03209,ianwilliamson@example.net,Lindsay,Female,Premium,1
03210,owensalbert@example.com,Erin,Male,Premium,1
03211,steven00@example.com,Heidi,Male,Premium,1
03212,angelamoore@example.com,Michelle,Female,Standard,0
03213,jonespaula@example.com,Roger,Other,Premium,1
03214,lewistroy@example.org,Heather,Male,Standard,1
03215,blake96@example.net,Brian,Female,Premium,1
03216,melissagonzales@example.net,Taylor,,Premium+,1
03217,lindaanderson@example.com,Larry,Male,Premium,1
03218,chelsea71@example.net,Hunter,Male,Premium+,1
03219,brittany86@example.net,Nicholas,Female,Premium,1
03220,nsantos@example.org,Luke,Male,Premium,1
03221,cynthiabowman@example.net,Karen,Female,Standard,1
03222,bwilson@example.com,Andrew,Female,Premium,1
03223,mpope@example.com,Christopher,Male,Premium,1
03224,darlenekelly@example.com,Deborah,Male,Standard,1
03225,joseph52@example.com,Jessica,Female,Basic,1
03226,shepardheidi@example.org,Matthew,Male,Standard,1
03227,virginiahutchinson@example.com,Kimberly,Male,Premium,1
03228,pearsonashley@example.com,Michael,,Premium,1
03229,ksmith@example.net,James,Female,Standard,1
03230,santosmary@example.com,Crystal,Female,Standard,1
03231,osbornemaria@example.org,Kathy,Female,Standard,1
03232,iparks@example.org,Rodney,Male,Premium,1
03233,pamela19@example.org,Scott,Female,Premium,1
03234,maryburns@example.org,Gary,Female,Basic,1
03235,tmartinez@example.net,Abigail,Male,Premium,1
03236,leeapril@example.com,Jeffrey,Female,Standard,1
03237,johnsonkevin@example.net,Jason,Female,Premium+,0
03238,mary02@example.org,Elizabeth,Female,Premium+,1
03239,tcross@example.net,Catherine,Female,Standard,1
03240,mjimenez@example.com,Bonnie,Male,Standard,0
03241,davisjordan@example.org,William,Female,Premium,1
03242,acevedoroy@example.net,Vanessa,Female,Premium,1
03243,jorgediaz@example.org,Jeffrey,Male,Standard,1
03244,vmorales@example.net,Seth,Prefer not to say,Basic,1
03245,ltucker@example.com,William,Female,Basic,1
03246,stonejeffrey@example.net,Jacqueline,Female,Premium,1
03247,fbrown@example.org,Christina,Female,Standard,0
03248,jeremy98@example.net,Joseph,Female,Standard,1
03249,hermankeith@example.com,Larry,Male,Basic,1
03250,hjohnson@example.org,Michael,Male,Premium,1
03251,amberhoward@example.net,Rachel,,Standard,1
03252,sarah29@example.com,Carol,Female,Premium,1
03253,nross@example.net,Amanda,,Basic,0
03254,zwilliams@example.org,Douglas,Female,Standard,1
03255,bgarcia@example.org,Tyler,Male,Premium+,0
03256,traceyconner@example.net,Richard,Female,Standard,1
03257,jessicaparker@example.com,Lauren,Male,Basic,1
03258,chenjennifer@example.net,Tracey,Male,Standard,1
03259,amanda80@example.com,Stephanie,,Standard,1
03260,ncurry@example.com,Theresa,Male,Basic,1
03261,kwheeler@example.net,Rebecca,Female,Premium,1
03262,jodysoto@example.net,Carla,Male,Premium,1
03263,nicole40@example.net,Brandon,Female,Standard,1
03264,amyhernandez@example.com,Christopher,Female,Standard,1
03265,ujones@example.org,Victor,Female,Basic,1
03266,smithholly@example.net,Doris,Female,Standard,1
03267,bobbyknox@example.org,Samantha,,Standard,1
03268,weberkathleen@example.com,Adam,Female,Premium,1
03269,aguirrewalter@example.net,Thomas,Female,Premium,1
03270,smithdanielle@example.net,Kayla,Male,Premium,1
03271,catherine63@example.org,Sally,Female,Premium,1
03272,norrissara@example.net,Jacqueline,,Premium,1
03273,bryan08@example.net,Maurice,Male,Premium,1
03274,patriciaguerra@example.net,Tracie,Other,Premium+,1
03275,wellssabrina@example.com,Lindsay,,Premium+,1
03276,kenneth33@example.net,Marc,Female,Premium,1
03277,jamesballard@example.org,Gordon,Male,Premium,1
03278,jameslarry@example.com,Jeffrey,Female,Premium+,1
03279,jennifer33@example.org,Lisa,Female,Premium,1
03280,jmartinez@example.com,Jessica,Female,Standard,1
03281,wfigueroa@example.com,Kimberly,Female,Premium+,1
03282,ewheeler@example.org,Stephanie,Female,Basic,1
03283,crossbilly@example.com,Joshua,Female,Premium,1
03284,dickersonscott@example.org,Marisa,Female,Premium,1
03285,david86@example.org,Savannah,Male,Basic,1
03286,matthewfowler@example.org,Ann,Female,Premium+,1
03287,lindacollins@example.org,Brenda,Female,Basic,0
03288,christinegarrison@example.org,Michael,Male,Standard,0
03289,robertsjohn@example.com,Michael,Other,Premium+,1
03290,thomasandrew@example.org,Amy,Female,Standard,1
03291,charlesbutler@example.org,William,Female,Standard,1
03292,angelarice@example.net,Sandra,Male,Premium,1
03293,oscar55@example.com,Amanda,Female,Premium,1
03294,aliciaduran@example.org,Bruce,Male,Premium+,1
03295,josecastro@example.org,Joe,Female,Basic,1
03296,operez@example.com,Brenda,Female,Premium,0
03297,ehernandez@example.net,Tara,Male,Standard,1
03298,kellydunn@example.com,Melissa,Female,Premium,0
03299,igutierrez@example.net,Jacqueline,,Standard,1
03300,melissa99@example.org,Andrew,,Premium,1
03301,grodriguez@example.com,John,Male,Standard,1
03302,williamsrichard@example.net,Sherri,Female,Standard,1
03303,psmith@example.com,Gary,Female,Basic,0
03304,jeffery56@example.org,Judy,Male,Premium,1
03305,davisryan@example.net,Robert,Female,Premium,1
03306,tommy20@example.com,Jeremiah,Male,Basic,1
03307,john60@example.com,Benjamin,Male,Standard,0
03308,lwalker@example.org,William,Male,Basic,1
03309,gomezgina@example.net,Jason,Male,Basic,1
03310,wtodd@example.net,Brenda,Male,Premium+,1
03311,deborahmacias@example.net,Shawn,Male,Standard,1
03312,micheal40@example.net,Danny,Male,Basic,1
03313,gallowaytimothy@example.net,David,Female,Basic,1
03314,georgemaynard@example.net,Kelly,Male,Premium,1
03315,tolsen@example.org,James,Male,Premium+,1
03316,seth42@example.com,Mary,Female,Standard,0
03317,yadams@example.net,Lindsay,Female,Premium+,1
03318,johnsonchristian@example.com,Terry,Male,Premium+,1
03319,williamtaylor@example.com,Henry,Female,Premium,1
03320,michaelcooke@example.net,Barbara,Female,Standard,1
03321,robert98@example.org,Kevin,Female,Basic,1
03322,mitchelljames@example.org,Craig,Male,Basic,1
03323,kristinkennedy@example.org,Kevin,,Premium,0
03324,irobertson@example.org,Carol,Male,Premium,0
03325,jessicaking@example.org,Danielle,Female,Premium,1
03326,frederickvelez@example.net,Jessica,Female,Standard,1
03327,amy23@example.org,Anna,Female,Premium,1
03328,srobinson@example.com,Jeanette,Female,Premium+,1
03329,johnnywells@example.net,Vicki,Female,Basic,1
03330,foleyeric@example.org,Brian,Female,Standard,1
03331,sarah89@example.org,Christina,Female,Standard,1
03332,robinsonwhitney@example.com,Tyler,Female,Standard,1
03333,jcraig@example.net,Mason,Female,Premium,1
03334,xochoa@example.com,Tiffany,Female,Premium,1
03335,hortoncandice@example.com,Christian,,Premium+,1
03336,cathywelch@example.net,Alan,Prefer not to say,Premium,1
03337,shaffermarcus@example.com,Caroline,,Standard,1
03338,megan60@example.org,Bethany,Female,Standard,1
03339,mmarshall@example.org,Mark,Male,Basic,0
03340,michaelfernandez@example.org,Sharon,Female,Standard,0
03341,torreschristian@example.org,Joshua,Female,Standard,1
03342,thomaskenneth@example.com,Andrew,Female,Premium,1
03343,thorntoncynthia@example.com,Sean,Male,Standard,1
03344,bpeters@example.net,Rachel,Male,Premium,1
03345,allisongraham@example.com,Stephen,Female,Standard,0
03346,wromero@example.org,Nicole,Male,Premium,1
03347,thomasunderwood@example.net,Joseph,Female,Basic,1
03348,donaldbaker@example.org,Mary,,Standard,1
03349,cassandrabanks@example.org,Devon,Female,Premium,1
03350,xking@example.org,Jennifer,Male,Standard,1
03351,kathycastro@example.org,Luke,Female,Premium+,1
03352,robertsheather@example.com,Nicholas,Male,Premium,1
03353,yyoder@example.net,Suzanne,Male,Standard,1
03354,ekennedy@example.org,Kelsey,,Standard,1
03355,karenwagner@example.com,Erik,Female,Premium+,1
03356,richard10@example.com,Angelica,Male,Basic,1
03357,rrosales@example.com,Sheri,Prefer not to say,Basic,1
03358,jose52@example.net,Jessica,Female,Premium+,1
03359,elizabethlee@example.org,Victoria,Prefer not to say,Basic,1
03360,michelle51@example.org,Larry,Female,Premium,1
03361,francisstacy@example.net,Dawn,Female,Premium,1
03362,ericbrooks@example.com,Gary,Male,Basic,1
03363,christina96@example.com,Michelle,Male,Standard,1
03364,stewartangela@example.org,Paul,Female,Standard,0
03365,xkelley@example.com,Laurie,,Premium+,1
03366,dparker@example.com,William,Male,Standard,1
03367,andrecarter@example.net,Edward,Male,Standard,0
03368,danielcarter@example.com,Leonard,Female,Standard,1
03369,steven95@example.com,James,Female,Premium,1
03370,deborahmartinez@example.net,Melissa,Male,Premium+,1
03371,teresashort@example.com,Alexandra,Female,Standard,1
03372,tara40@example.net,Daniel,Prefer not to say,Standard,1
03373,hwilliams@example.org,Olivia,Male,Basic,1
03374,fnielsen@example.org,Anne,Male,Basic,1
03375,esparzatammy@example.net,Danielle,Female,Premium,1
03376,johnspatrick@example.com,Tony,Other,Premium,1
03377,greennicholas@example.net,Amanda,Female,Premium,1
03378,tlucas@example.net,Kenneth,Female,Premium,0
03379,glassanthony@example.net,Robert,Male,Premium+,1
03380,billyprice@example.com,Tina,Male,Basic,1
03381,kathleenhernandez@example.org,Michelle,Male,Basic,1
03382,alyssa14@example.com,Katherine,Other,Premium,0
03383,ycarson@example.com,Christopher,Male,Premium,1
03384,wmiller@example.org,Leah,Female,Premium+,1
03385,megannichols@example.net,Carrie,Female,Premium,1
03386,nelsonkimberly@example.org,Susan,Male,Premium,1
03387,lhenry@example.org,Daniel,,Basic,1
03388,howardrichards@example.net,Jonathan,Female,Premium,0
03389,liutravis@example.com,Lori,Prefer not to say,Premium,1
03390,popejeanette@example.org,Michael,Female,Standard,0
03391,foxsamantha@example.org,Jeffrey,Male,Premium,1
03392,xcox@example.com,Leslie,,Premium,1
03393,chandlerdouglas@example.org,Timothy,Female,Premium,1
03394,christian26@example.org,Allen,Female,Premium,1
03395,megan53@example.org,Jasmine,Male,Premium,1
03396,vjones@example.org,Donald,Other,Premium,1
03397,jenniferwalter@example.net,Catherine,Male,Premium,1
03398,davidespinoza@example.net,John,Female,Standard,1
03399,laura10@example.net,Cynthia,Female,Standard,0
03400,hansenshane@example.org,John,Prefer not to say,Premium+,1
03401,davidruiz@example.org,Alexander,Male,Basic,1
03402,barnesheather@example.net,Erica,Male,Basic,1
03403,karajames@example.com,Melissa,Male,Premium,1
03404,greenebryan@example.net,Mallory,Male,Premium,1
03405,ruth13@example.org,Chad,Female,Premium,1
03406,jwilliamson@example.net,Diane,,Basic,1
03407,stevenrodriguez@example.com,Leslie,Female,Standard,1
03408,mreynolds@example.com,Joyce,Female,Basic,1
03409,aperkins@example.net,Charles,Male,Basic,1
03410,seth23@example.net,Elizabeth,Male,Premium,1
03411,iwatkins@example.org,Julie,Female,Basic,0
03412,edecker@example.com,Ian,Female,Standard,1
03413,jimenezaudrey@example.org,David,Male,Premium,1
03414,rachel81@example.com,Yesenia,Male,Premium+,1
03415,havery@example.com,James,Male,Standard,1
03416,johngiles@example.org,Jessica,Male,Premium,1
03417,stoutcynthia@example.net,Brittany,,Premium,1
03418,turnermichael@example.com,Shannon,Male,Basic,1
03419,joel35@example.com,Ronnie,Female,Basic,0
03420,lucasoscar@example.net,Nathaniel,Male,Premium+,1
03421,ryan84@example.com,Joseph,Prefer not to say,Standard,1
03422,johnsmith@example.org,Dennis,Female,Premium,1
03423,juliestevens@example.org,Brittany,Male,Basic,1
03424,keithcaldwell@example.org,Edward,,Premium,0
03425,becky89@example.com,Julie,Prefer not to say,Standard,1
03426,montesjohn@example.org,John,Male,Standard,1
03427,debra44@example.net,Michael,,Premium+,1
03428,riceaaron@example.com,Ashley,Female,Premium,1
03429,gjenkins@example.org,Stacey,Female,Standard,1
03430,jose70@example.org,Gregory,Female,Standard,1
03431,adamskenneth@example.net,Courtney,Male,Standard,1
03432,kylemartinez@example.com,Nathaniel,Female,Premium,0
03433,burkecourtney@example.org,Helen,,Standard,1
03434,valentinejoy@example.net,Michele,Male,Standard,1
03435,hamiltonantonio@example.net,Jeffrey,Female,Premium,0
03436,wendyhall@example.com,Timothy,Male,Basic,1
03437,fuentesmatthew@example.org,Adriana,Female,Basic,1
03438,zdouglas@example.org,Travis,Male,Basic,1
03439,fwalls@example.com,Paul,Female,Standard,1
03440,welchguy@example.com,Christine,Male,Standard,1
03441,nmorgan@example.org,Tracy,Male,Standard,0
03442,stephanielee@example.com,Christina,Male,Premium,1
03443,iali@example.com,Tiffany,Male,Premium,1
03444,oking@example.org,Tina,,Premium,1
03445,swarren@example.net,Cynthia,Male,Standard,1
03446,morganclark@example.org,Brandon,Male,Basic,1
03447,kevin46@example.org,Patrick,Female,Premium,0
03448,maryball@example.net,Michael,Male,Premium,1
03449,craig39@example.com,Gerald,Male,Standard,1
03450,mariaramirez@example.org,Jacob,Male,Premium,1
03451,lutzscott@example.org,Adam,Other,Premium+,1
03452,ymyers@example.com,Cynthia,Other,Standard,1
03453,shawna22@example.net,Catherine,Male,Standard,1
03454,caseyjoseph@example.org,April,,Basic,1
03455,ygarza@example.net,Mark,Male,Premium,1
03456,hendersontodd@example.com,Ryan,Male,Premium,1
03457,tammychaney@example.com,Diana,Male,Standard,0
03458,lpalmer@example.net,Christopher,Male,Standard,0
03459,clin@example.com,Donna,Female,Standard,0
03460,steven39@example.com,Andrew,Prefer not to say,Premium+,1
03461,bradleymedina@example.com,Philip,Male,Basic,1
03462,scottjackson@example.org,James,Female,Standard,1
03463,sylviaallen@example.com,Thomas,Female,Premium,1
03464,sherry67@example.org,Derek,,Basic,1
03465,aaronschwartz@example.net,Veronica,Prefer not to say,Premium,1
03466,gina44@example.org,Bradley,Female,Standard,0
03467,johnsonjack@example.net,Mackenzie,Male,Premium+,1
03468,anthonybryant@example.com,Nicole,Female,Basic,1
03469,yvette19@example.com,William,Female,Premium+,1
03470,lisasmith@example.com,Susan,Female,Premium+,0
03471,josephjohnson@example.org,Elizabeth,Male,Premium,1
03472,silvalisa@example.net,Riley,Male,Standard,1
03473,trujillosamantha@example.org,Jonathan,Female,Basic,1
03474,katiemoody@example.com,Linda,Female,Premium+,1
03475,jessica71@example.net,Elizabeth,Male,Premium,1
03476,tammyalvarado@example.com,Margaret,Female,Standard,1
03477,tracy64@example.net,David,Female,Basic,1
03478,josephadams@example.net,Kristin,Female,Basic,0
03479,cruzjohn@example.com,Dana,Female,Basic,1
03480,csanders@example.com,Jeffrey,,Standard,1
03481,monicacampbell@example.com,David,Male,Premium,1
03482,duransue@example.org,Michael,Male,Standard,0
03483,johnsonstephen@example.net,Kathy,Female,Basic,1
03484,daniel64@example.org,Jessica,Male,Premium,1
03485,laurawolfe@example.org,Matthew,Female,Basic,0
03486,hpatrick@example.net,Daniel,Female,Basic,1
03487,sjones@example.com,Terry,Male,Basic,1
03488,ltran@example.com,David,Prefer not to say,Premium,0
03489,mwalker@example.net,Edwin,Female,Basic,1
03490,sandratrujillo@example.org,Matthew,Female,Premium,1
03491,jennifer84@example.net,Jonathan,Prefer not to say,Standard,1
03492,joe36@example.net,Bryan,Female,Premium,1
03493,williamhansen@example.com,Donald,Female,Standard,1
03494,stephanie85@example.com,Paul,Female,Standard,1
03495,kyle01@example.net,Hunter,Female,Premium,1
03496,macknicole@example.com,Alexander,Male,Premium,1
03497,kmills@example.net,Joseph,Male,Premium,1
03498,sjohnson@example.org,James,Female,Basic,0
03499,heathelizabeth@example.net,William,,Premium,1
03500,marco48@example.org,Tyler,Female,Premium,1
03501,danielswendy@example.com,Jessica,Female,Basic,1
03502,william82@example.net,Grace,Male,Basic,1
03503,worr@example.net,Lisa,Female,Standard,1
03504,fletcherjames@example.com,Diana,Male,Premium+,1
03505,deleonteresa@example.net,Valerie,Female,Standard,1
03506,jessecannon@example.net,Kristy,Male,Standard,1
03507,crystal84@example.com,Robin,,Premium+,1
03508,pallen@example.com,Stephen,,Standard,1
03509,mnorton@example.org,Debra,Female,Premium,1
03510,tylervelasquez@example.org,Dawn,Female,Premium,1
03511,savannah40@example.com,Tammy,Other,Basic,1
03512,rmoore@example.com,Alex,Prefer not to say,Basic,1
03513,emily97@example.com,Alexis,Female,Premium,0
03514,erinperez@example.com,Daniel,Male,Premium,1
03515,wilsonandrea@example.org,Sandy,Female,Basic,1
03516,mark08@example.net,Anthony,,Basic,1
03517,bfarmer@example.org,Jennifer,Female,Standard,0
03518,jessica07@example.net,Joshua,Female,Premium+,1
03519,ericcurtis@example.org,John,Female,Basic,1
03520,sophia27@example.org,Melissa,Female,Standard,1
03521,mwilliams@example.org,Christine,Prefer not to say,Basic,1
03522,adampearson@example.net,Mark,Female,Premium+,1
03523,rholloway@example.org,Angela,,Basic,1
03524,thomasbrown@example.org,Justin,Female,Premium,1
03525,richard21@example.net,Anna,Male,Premium,1
03526,christopher62@example.net,Melissa,Female,Premium,1
03527,mark69@example.net,Christian,Female,Standard,1
03528,thensley@example.org,Joel,,Standard,1
03529,markstephens@example.org,Elizabeth,,Standard,1
03530,warrenwilliam@example.org,Scott,Female,Standard,1
03531,tsullivan@example.com,Jennifer,Female,Standard,1
03532,jasonjohnson@example.com,Theresa,Male,Premium+,1
03533,alexandrabooth@example.net,George,Male,Premium,1
03534,chadjones@example.net,Jacob,,Basic,1
03535,wking@example.net,Justin,Male,Basic,1
03536,megan70@example.org,Jeffrey,Male,Standard,1
03537,brooksemily@example.net,Heather,Male,Basic,1
03538,rpatrick@example.org,Thomas,Male,Standard,1
03539,christine86@example.org,Jillian,Male,Basic,1
03540,lfrench@example.org,Douglas,Prefer not to say,Premium+,1
03541,michelereeves@example.com,Nicole,Male,Premium,1
03542,jclark@example.org,Andrew,Male,Basic,1
03543,cooperkristin@example.org,Heather,Female,Premium,1
03544,julia16@example.org,Jennifer,Male,Standard,1
03545,nancy37@example.com,Paul,Male,Standard,1
03546,lisa21@example.org,Laura,Female,Standard,1
03547,stacey37@example.net,Michael,,Standard,1
03548,leepaul@example.net,Heather,Male,Premium,1
03549,susan94@example.org,William,Male,Premium,0
03550,jessicapennington@example.org,Michael,Female,Basic,1
03551,nlove@example.org,Julia,Female,Premium,1
03552,elainewilliams@example.com,Nicole,Female,Standard,1
03553,andrewchang@example.net,Anna,Male,Standard,1
03554,coxamy@example.com,Donna,Male,Premium,1
03555,sarahdouglas@example.net,Joseph,Female,Standard,1
03556,sarabowman@example.net,Christopher,Other,Premium,1
03557,ubyrd@example.org,Brian,Female,Basic,1
03558,qlee@example.com,Brian,Female,Premium,1
03559,donna65@example.net,Sarah,Female,Basic,0
03560,garrettlewis@example.net,Patricia,Female,Premium,1
03561,jason04@example.net,Amanda,Female,Standard,1
03562,rgeorge@example.org,Rhonda,Other,Premium+,0
03563,jamesfitzpatrick@example.net,Brian,Female,Standard,1
03564,holdenterry@example.org,Holly,Female,Premium,0
03565,riveraabigail@example.com,Patrick,Prefer not to say,Premium,1
03566,mary20@example.net,Christopher,Male,Standard,1
03567,gsharp@example.net,Lorraine,Male,Standard,1
03568,jason94@example.com,Nathan,Male,Standard,1
03569,collinsheather@example.com,Shane,Male,Basic,1
03570,rhunt@example.org,Martin,Female,Premium,1
03571,marilyn58@example.net,Christopher,Female,Basic,1
03572,vflores@example.com,Benjamin,Male,Standard,1
03573,sheltonrichard@example.com,Gloria,Female,Premium,1
03574,kleinashley@example.net,Lisa,Female,Basic,1
03575,adam31@example.net,Kristy,Male,Premium,1
03576,duanenewman@example.net,Andrew,Male,Premium,1
03577,amitchell@example.org,Amanda,,Premium,0
03578,sanchezjennifer@example.org,Cathy,Other,Standard,0
03579,savannahsmith@example.org,Madison,Male,Premium,1
03580,danielleshea@example.org,Kimberly,Male,Premium+,1
03581,mark07@example.net,Gregory,Male,Basic,1
03582,smithnathan@example.net,Brian,Female,Premium,1
03583,hunterroberts@example.org,Julie,Female,Premium,1
03584,sara81@example.com,Troy,Male,Premium,1
03585,jeffrey21@example.org,Cheryl,Female,Basic,1
03586,yacevedo@example.net,Todd,Female,Premium,1
03587,daniel04@example.net,Lisa,Female,Premium+,1
03588,ryanrichardson@example.net,Chelsea,Female,Premium+,1
03589,ewallace@example.org,Lisa,Female,Standard,1
03590,kelsey97@example.org,Elizabeth,Male,Premium+,1
03591,amycooper@example.org,Alexis,Male,Standard,1
03592,gabrielsalinas@example.com,Cindy,Male,Standard,1
03593,petersonjulia@example.com,Erica,Prefer not to say,Premium,0
03594,jamesevans@example.org,Cheryl,Prefer not to say,Standard,1
03595,dayricardo@example.com,Tina,Prefer not to say,Premium,1
03596,sherry44@example.net,Michelle,Male,Standard,1
03597,davenportlinda@example.net,Sarah,Female,Premium+,1
03598,eric96@example.net,Adam,,Basic,0
03599,jgonzalez@example.org,Alexander,Female,Premium,1
03600,nixonryan@example.com,Maria,Male,Standard,1
03601,baileylynn@example.org,Elizabeth,Female,Premium,1
03602,hannahlee@example.net,Lisa,Male,Premium,1
03603,wmcdaniel@example.com,Richard,Male,Standard,0
03604,ystevens@example.net,Christina,Female,Basic,0
03605,cooperjacob@example.net,Yvette,Male,Basic,1
03606,xwoods@example.net,Michael,Male,Premium,1
03607,trodriguez@example.com,Angela,Male,Standard,1
03608,donnakeith@example.org,Richard,Female,Premium,1
03609,xdurham@example.org,Rebecca,Male,Basic,1
03610,zgomez@example.net,Courtney,Male,Standard,1
03611,jessica24@example.net,Brooke,Female,Standard,1
03612,stuartjohn@example.net,Travis,Male,Standard,1
03613,christopher83@example.net,Brian,Male,Basic,1
03614,allison38@example.net,Sarah,Female,Basic,1
03615,alicia39@example.com,Crystal,Female,Standard,1
03616,jacksonkathryn@example.org,Carl,Female,Premium,1
03617,petersonjessica@example.org,Suzanne,Male,Basic,0
03618,nperez@example.org,Daniel,Male,Standard,1
03619,ppierce@example.com,Seth,Male,Premium+,1
03620,jessicasullivan@example.org,Jose,Female,Premium,1
03621,gsmith@example.org,Katie,,Premium,1
03622,xjohnson@example.net,Billy,Male,Premium,1
03623,bentleymichael@example.net,Jamie,Female,Premium,1
03624,perezraymond@example.org,William,Male,Standard,1
03625,bradleythomas@example.net,Jessica,Male,Basic,1
03626,wileykristine@example.net,Tyler,Male,Standard,1
03627,christinabrown@example.org,Jason,Male,Standard,1
03628,emily04@example.com,Kimberly,Male,Standard,0
03629,meredithwilliams@example.com,Meagan,Female,Basic,1
03630,krystal39@example.org,Katie,Male,Basic,1
03631,kelly89@example.com,Evelyn,,Premium,0
03632,qshaw@example.com,Melvin,Male,Standard,0
03633,mark21@example.net,Connor,Male,Premium,1
03634,cruzjessica@example.org,Dale,Female,Basic,1
03635,rstrong@example.com,Sarah,Prefer not to say,Basic,0
03636,nmyers@example.com,Jeffery,Female,Standard,1
03637,hannah18@example.net,Carl,,Premium,1
03638,brittany02@example.org,Hannah,Male,Standard,1
03639,susan11@example.com,Maurice,Female,Standard,1
03640,sharris@example.com,Alexandra,Female,Standard,0
03641,kendra40@example.org,Danielle,Male,Standard,1
03642,yorksarah@example.net,Kimberly,Male,Standard,1
03643,bsantiago@example.com,Jeremy,Female,Standard,1
03644,tracylopez@example.org,Donna,Male,Premium,1
03645,laurahall@example.net,Ashley,Male,Standard,1
03646,shafferalexander@example.com,Emily,Female,Basic,1
03647,monicagomez@example.org,Kelly,Female,Basic,1
03648,dpatton@example.org,Teresa,Female,Premium,0
03649,kimberly78@example.com,Stephen,Female,Premium,0
03650,ysolis@example.net,Michael,Female,Standard,1
03651,andrewsthomas@example.com,Valerie,,Premium,1
03652,zblack@example.net,Lisa,Male,Basic,1
03653,kristystevens@example.com,Jeff,,Premium+,1
03654,adkinsnicole@example.net,Whitney,Male,Standard,1
03655,jennifer76@example.org,Dylan,Male,Standard,1
03656,jodyhowe@example.org,John,,Basic,0
03657,whernandez@example.org,Dawn,Female,Basic,1
03658,roblesmatthew@example.com,Marcus,Female,Basic,1
03659,brandy14@example.net,Alexander,Male,Premium,1
03660,hillkimberly@example.com,Matthew,Female,Premium+,1
03661,shannonscott@example.com,Jennifer,Prefer not to say,Premium,0
03662,browncole@example.org,Jennifer,Male,Standard,1
03663,austin37@example.com,Martha,Male,Basic,1
03664,gardnerandrew@example.net,Kimberly,Female,Premium,1
03665,sanchezmark@example.net,Steven,Male,Standard,1
03666,scotthawkins@example.org,Timothy,Male,Standard,1
03667,sheryl16@example.com,Julie,,Standard,1
03668,iarnold@example.net,Jessica,Female,Basic,1
03669,apoole@example.net,Noah,Female,Premium,1
03670,fisherronnie@example.org,Robert,Female,Standard,1
03671,ryantodd@example.net,Martha,Male,Basic,1
03672,pthompson@example.net,Michael,Male,Standard,1
03673,joneschristopher@example.net,Pamela,Female,Premium,1
03674,taylorconnie@example.net,Michael,Prefer not to say,Premium,1
03675,chapmanbarbara@example.org,Darryl,Male,Premium,1
03676,brian11@example.org,Kimberly,Female,Basic,1
03677,gjensen@example.com,Trevor,Male,Premium,1
03678,kbrown@example.com,Laura,Female,Premium,1
03679,sandra79@example.net,Michael,Female,Standard,1
03680,samanthabennett@example.com,Valerie,Female,Basic,0
03681,bward@example.com,Valerie,Female,Premium+,1
03682,annarice@example.net,Marc,Female,Premium,1
03683,john75@example.com,Julie,Male,Standard,1
03684,aross@example.org,Cody,Female,Standard,1
03685,stevenruiz@example.net,Christopher,Male,Basic,1
03686,ijones@example.com,Elizabeth,Female,Standard,1
03687,obrienadam@example.com,Cynthia,Male,Premium,1
03688,lisafigueroa@example.net,Michelle,Female,Premium,0
03689,xfaulkner@example.org,Seth,Male,Standard,1
03690,wilsonbrittany@example.com,Melanie,,Standard,1
03691,jenna71@example.com,Michael,Female,Premium+,1
03692,dmedina@example.org,Austin,Male,Standard,1
03693,dedwards@example.org,Nicole,Female,Standard,1
03694,melissahopkins@example.org,Daniel,Male,Premium,0
03695,heatherortiz@example.net,Timothy,,Basic,1
03696,andersonmichael@example.net,Patricia,Female,Standard,1
03697,josephstanley@example.com,Joshua,Other,Standard,1
03698,rgray@example.org,Tracy,Female,Premium,1
03699,smurphy@example.org,Aaron,Female,Standard,1
03700,lisa77@example.net,Bradley,Female,Standard,1
03701,kelseyrogers@example.org,Daryl,Female,Premium,1
03702,isaiah91@example.net,Jason,Female,Standard,1
03703,kevintran@example.com,Danielle,Female,Premium,1
03704,brandigray@example.org,Gary,Prefer not to say,Premium,1
03705,staceyjohnson@example.net,Jacob,Female,Premium,1
03706,garyroberts@example.com,Stephanie,Female,Premium+,1
03707,cesar28@example.org,Vincent,Male,Premium,1
03708,trevor04@example.org,Tanya,Female,Premium,1
03709,jamesann@example.com,John,Female,Premium,1
03710,catherine05@example.net,Shelly,Female,Standard,1
03711,shayes@example.org,Daniel,Female,Standard,1
03712,jjackson@example.com,Ann,Prefer not to say,Standard,1
03713,alvarezterri@example.com,Holly,Male,Premium,1
03714,bmcmahon@example.org,John,Female,Standard,1
03715,riossusan@example.com,Brian,Female,Basic,1
03716,kruegercrystal@example.org,Nicholas,Male,Premium,1
03717,phernandez@example.net,Jeffrey,Male,Basic,1
03718,wsantos@example.net,Kevin,,Standard,1
03719,jessica24@example.org,Carol,Male,Premium,1
03720,rothlori@example.net,Cheryl,Female,Premium,1
03721,kristenburke@example.net,Sandra,,Basic,1
03722,veronica73@example.com,Christopher,Female,Standard,1
03723,michael69@example.com,Renee,Female,Basic,1
03724,kristinaperez@example.com,Garrett,Male,Premium,1
03725,christopher37@example.org,Andrew,Female,Basic,0
03726,oryan@example.net,Robert,Male,Basic,1
03727,johnstoncolleen@example.com,Christopher,Female,Basic,1
03728,james96@example.net,Melanie,Male,Basic,1
03729,joelvazquez@example.com,Margaret,Male,Basic,0
03730,jamesperry@example.com,Anna,Female,Premium,1
03731,michele39@example.org,Heather,Female,Standard,1
03732,collinsnatalie@example.com,Wesley,Female,Standard,1
03733,caseymathis@example.net,Benjamin,Female,Premium,1
03734,perkinsemily@example.com,Megan,Female,Standard,1
03735,zmurphy@example.org,Thomas,Male,Premium,1
03736,loridaugherty@example.com,Benjamin,Male,Premium,1
03737,sanderssamuel@example.net,Sophia,Male,Basic,1
03738,richardgreene@example.com,Curtis,Male,Standard,1
03739,alyssa23@example.com,Diane,Female,Basic,1
03740,patriciacox@example.com,Kari,Male,Premium,1
03741,weaverjimmy@example.net,Helen,Female,Standard,1
03742,uortega@example.net,Kelly,,Premium,1
03743,kristen97@example.com,Kevin,Male,Premium+,1
03744,robert48@example.org,Jennifer,Female,Premium,1
03745,michaelmccullough@example.org,Jimmy,Female,Premium+,1
03746,hooperlisa@example.com,Nicholas,Female,Premium,1
03747,bford@example.net,Dana,Male,Standard,1
03748,fbass@example.org,Brent,,Premium+,1
03749,janice62@example.net,Elizabeth,Male,Standard,1
03750,kjohnson@example.net,Kristi,Other,Standard,0
03751,rhonda06@example.net,Linda,Female,Basic,1
03752,zwilliams@example.org,Jamie,Male,Standard,1
03753,christopherdavenport@example.net,Ryan,Female,Basic,1
03754,silvajoshua@example.org,Joseph,Male,Standard,1
03755,sherylrogers@example.com,Pamela,Male,Premium+,1
03756,alexander16@example.org,Ariel,Prefer not to say,Standard,1
03757,jacobyang@example.com,Joshua,Female,Premium,1
03758,murphysarah@example.org,Robert,Female,Standard,1
03759,usmith@example.net,Donald,Male,Premium,1
03760,collinsbrett@example.com,Michael,Male,Premium,1
03761,laura70@example.net,Hannah,Male,Premium,1
03762,caleb51@example.com,Warren,Male,Premium+,1
03763,clarksusan@example.org,Rachel,Female,Premium,1
03764,cherylgriffin@example.com,Daniel,Female,Premium,1
03765,xmccoy@example.net,Christopher,Male,Standard,0
03766,bernardeileen@example.net,Frank,,Standard,1
03767,lroth@example.net,Crystal,,Premium,1
03768,monica43@example.net,Rebecca,Female,Standard,1
03769,fcarter@example.com,Robert,Female,Premium,1
03770,dylanduncan@example.com,Christopher,Male,Standard,1
03771,oware@example.net,Shawn,Male,Premium,1
03772,joshuamosley@example.org,Lauren,Female,Standard,1
03773,natalie16@example.org,Amber,Other,Basic,1
03774,ericperkins@example.com,Richard,Female,Basic,1
03775,ariaslauren@example.org,Andrea,,Basic,1
03776,amyburnett@example.org,Paul,Male,Premium+,1
03777,cheyenne31@example.org,Heidi,Female,Standard,1
03778,rdavis@example.org,Aaron,Other,Standard,1
03779,maureen93@example.net,Cathy,Female,Standard,1
03780,margaretsnow@example.net,Albert,Female,Standard,1
03781,nealmaria@example.net,Shelia,Female,Basic,1
03782,xbaker@example.com,Shane,Male,Standard,1
03783,hillcaitlin@example.org,Yvette,Female,Standard,1
03784,afuentes@example.net,Sara,Female,Basic,1
03785,antonioboyd@example.net,Derek,Male,Premium,1
03786,elizabeth90@example.org,Billy,Male,Standard,0
03787,garzaronald@example.net,Anthony,Male,Premium,1
03788,ynelson@example.com,Robin,Male,Premium+,1
03789,pyang@example.com,Kelly,Female,Basic,1
03790,coltonmiller@example.org,Keith,Male,Standard,0
03791,marksnathaniel@example.com,James,Male,Premium,0
03792,qvega@example.com,Arthur,Male,Premium,1
03793,angela52@example.com,Heather,Female,Standard,1
03794,yorkmargaret@example.org,Kevin,Prefer not to say,Basic,1
03795,mccormickjason@example.com,Vicki,Female,Premium,1
03796,jamesrichard@example.com,Katherine,Male,Premium+,1
03797,lutzdevin@example.org,Christopher,Female,Standard,1
03798,angelagreen@example.com,April,Male,Premium,0
03799,ewalter@example.org,Joseph,Female,Standard,1
03800,caitlin33@example.net,Brittany,Female,Standard,1
03801,vangbriana@example.org,Allison,Male,Premium+,1
03802,zperez@example.org,Karen,Male,Standard,1
03803,matthewtaylor@example.net,John,Female,Premium,1
03804,srice@example.com,Anthony,,Premium,1
03805,christinacook@example.org,Monica,Female,Premium,1
03806,michelle50@example.org,Mary,Female,Standard,1
03807,timothyhill@example.com,Justin,Female,Premium,1
03808,ruizlaura@example.org,Nicholas,Male,Premium,0
03809,jessica87@example.net,Mary,Female,Premium,1
03810,torreslauren@example.net,Lance,Female,Standard,1
03811,owilliams@example.org,Edward,Male,Basic,1
03812,wukristin@example.net,Melinda,Female,Basic,1
03813,abbottjeffrey@example.net,Amanda,Female,Basic,1
03814,sara18@example.com,Donna,Male,Basic,1
03815,lgarcia@example.com,Brenda,Male,Premium,1
03816,david66@example.com,Stephanie,Male,Premium,1
03817,flowersjennifer@example.net,Anthony,,Standard,0
03818,brewercalvin@example.org,Samantha,Female,Standard,1
03819,eric05@example.net,Tara,Male,Standard,1
03820,chrisbaker@example.net,Sonya,Female,Basic,0
03821,lydia26@example.com,Benjamin,Female,Premium+,1
03822,simmonsjennifer@example.net,Gregory,Male,Standard,1
03823,tylerburton@example.net,David,Female,Premium,1
03824,michael56@example.org,Barbara,Male,Basic,1
03825,rileydavid@example.net,Brenda,Female,Premium,1
03826,browncollin@example.org,William,Prefer not to say,Basic,1
03827,colemankelly@example.org,Tonya,Male,Basic,1
03828,mjohnson@example.com,Vanessa,Female,Premium+,1
03829,tamaraholland@example.com,John,Other,Standard,1
03830,pdonovan@example.net,Johnathan,Male,Premium,1
03831,jason30@example.com,Bruce,,Standard,1
03832,benjaminperkins@example.net,Patricia,Male,Premium+,1
03833,zimmermanlaura@example.org,Dalton,Male,Basic,0
03834,michael31@example.org,Crystal,Female,Premium,1
03835,nicholas74@example.com,Steven,Male,Standard,1
03836,danielbrown@example.net,Kevin,Male,Premium+,1
03837,jonathan42@example.org,Mitchell,Female,Standard,1
03838,qmartin@example.net,William,,Premium,1
03839,raguirre@example.net,Phyllis,Male,Basic,0
03840,pateljoseph@example.com,Jonathon,Prefer not to say,Premium,1
03841,brandy23@example.org,Frederick,Male,Premium,1
03842,jenniferlopez@example.com,Jessica,Male,Standard,1
03843,david54@example.net,Dennis,Male,Basic,1
03844,sarahruiz@example.net,Joshua,Female,Standard,0
03845,dustinhuff@example.org,Daniel,Female,Standard,1
03846,jefferydavis@example.com,Sarah,Male,Standard,1
03847,hilljohn@example.net,Brian,Male,Premium+,1
03848,bhill@example.net,Joseph,Female,Premium+,1
03849,ortizdonna@example.net,Misty,Male,Premium,1
03850,matthewjohnson@example.org,Derek,Female,Basic,1
03851,brittany31@example.com,William,Female,Basic,1
03852,nancypreston@example.org,Ariel,Female,Standard,0
03853,jamesrogers@example.net,Susan,Other,Premium,1
03854,erica64@example.com,Joseph,Male,Standard,1
03855,willisjames@example.org,Carmen,Male,Standard,1
03856,kathrynbender@example.com,Ruth,Other,Premium,1
03857,thomasholmes@example.org,Susan,Female,Premium,1
03858,alicia67@example.com,Susan,Female,Premium,1
03859,hamiltonmelissa@example.net,Jennifer,Female,Standard,1
03860,frank67@example.org,Sean,Male,Standard,1
03861,jacksonstephen@example.net,Christine,Female,Premium,1
03862,mitchelldanielle@example.net,Robert,Female,Premium+,1
03863,darlene09@example.net,David,Female,Basic,1
03864,christina20@example.com,Deborah,Male,Premium+,0
03865,crawfordmelissa@example.org,Carl,Female,Premium,1
03866,richardgabriel@example.org,Gail,Female,Premium,1
03867,trevinojessica@example.com,Victoria,Male,Standard,1
03868,margaretgiles@example.net,John,Male,Premium,1
03869,frostgregory@example.org,Stephanie,Prefer not to say,Premium,1
03870,urobinson@example.org,Caleb,Male,Standard,1
03871,marc82@example.org,Felicia,Female,Premium,1
03872,kristasmith@example.org,Julie,Male,Basic,1
03873,james42@example.com,Tyler,Male,Standard,1
03874,michellegolden@example.net,David,Male,Standard,0
03875,guerreropaul@example.org,Ronald,Male,Premium+,1
03876,grahamjesse@example.net,Heather,Female,Premium,1
03877,henrydaniel@example.com,Kelly,Male,Standard,1
03878,samantha99@example.com,Brenda,Male,Basic,1
03879,johnathanrodriguez@example.com,Chad,Male,Premium,1
03880,petersonfrancisco@example.net,Katrina,Male,Basic,1
03881,benjamin34@example.org,Ashley,Other,Premium,1
03882,davismark@example.net,Sandra,Female,Basic,1
03883,heather68@example.net,Angela,Female,Basic,1
03884,martinkristen@example.com,Jessica,Female,Standard,1
03885,xbrewer@example.org,David,Female,Standard,0
03886,dean55@example.com,Sonya,Male,Premium,1
03887,sharon04@example.org,Lauren,Other,Premium,1
03888,michaelvaldez@example.org,Gary,Male,Standard,1
03889,tommybentley@example.net,Amy,Female,Standard,1
03890,lambkatherine@example.com,Misty,Male,Premium,1
03891,bradleymark@example.net,Tamara,Male,Premium,1
03892,seanboyd@example.org,Mark,Male,Basic,1
03893,bellrobert@example.com,Kevin,Male,Premium,1
03894,schmittsara@example.net,Cassandra,Male,Premium+,1
03895,hmueller@example.org,James,Male,Premium,1
03896,rriley@example.com,Cory,Male,Standard,1
03897,kiddalbert@example.org,Dennis,,Standard,1
03898,qmoore@example.org,Angela,Female,Standard,1
03899,coxkelly@example.com,Phyllis,Female,Premium,1
03900,masseytamara@example.org,Shawn,Male,Premium,1
03901,timothystewart@example.org,Jimmy,Female,Basic,1
03902,katherinekelley@example.org,Alicia,Female,Standard,1
03903,lance11@example.net,Nicole,Female,Basic,1
03904,jeffrey52@example.org,Jennifer,Male,Standard,1
03905,hendersonkaitlyn@example.com,Jacob,Female,Basic,1
03906,brandon13@example.com,Devin,Female,Standard,0
03907,ernestobrien@example.com,Kirk,Male,Standard,1
03908,schneidersabrina@example.com,Derek,Female,Premium+,1
03909,ashaw@example.org,Michael,Female,Standard,1
03910,stephen66@example.com,Elizabeth,Male,Standard,0
03911,lambertscott@example.com,Kenneth,Female,Standard,1
03912,meyerkenneth@example.org,Andre,Male,Standard,1
03913,kristinaphillips@example.org,Robert,Male,Standard,1
03914,lindsey55@example.org,Michael,Female,Premium+,1
03915,ashleycarroll@example.net,Jacob,,Premium,1
03916,aliciabeltran@example.net,Laura,Female,Standard,0
03917,kochlisa@example.com,Thomas,Male,Premium,1
03918,ramosmatthew@example.net,Ethan,Male,Premium,1
03919,joannspencer@example.org,Carrie,Prefer not to say,Standard,1
03920,danielle70@example.org,Sarah,Female,Standard,1
03921,iibarra@example.com,Denise,Male,Premium+,1
03922,hjones@example.net,Dylan,Female,Basic,1
03923,justin70@example.org,Heather,Female,Standard,1
03924,jimmywebb@example.com,James,Male,Premium+,1
03925,gilmorejennifer@example.net,Glen,Male,Standard,1
03926,jacob43@example.net,Brenda,Female,Standard,0
03927,kingrebecca@example.com,Matthew,Female,Basic,1
03928,bstevenson@example.com,Kyle,Prefer not to say,Basic,0
03929,ronaldalvarez@example.org,Chase,Female,Premium,1
03930,fbailey@example.net,Kevin,Female,Premium,1
03931,bdunn@example.org,Tamara,Prefer not to say,Standard,1
03932,fostersherry@example.net,Michael,Female,Premium+,1
03933,hbarnett@example.net,Richard,Male,Standard,1
03934,colleenford@example.com,Emma,Male,Standard,1
03935,christopher12@example.org,Charles,Male,Premium,1
03936,hperry@example.com,Amanda,Female,Premium,1
03937,melanie12@example.com,Elizabeth,Female,Premium,1
03938,zacharybryant@example.org,Brandon,Female,Standard,1
03939,joeortiz@example.org,Rebecca,Male,Premium+,1
03940,frank51@example.org,Stephanie,Female,Basic,1
03941,frances70@example.org,Kristin,Male,Premium+,1
03942,morenobrian@example.com,Matthew,Male,Basic,1
03943,burkepatrick@example.net,Lisa,Male,Premium,1
03944,ashleycastillo@example.net,James,Female,Premium,1
03945,nholmes@example.net,Robert,Other,Basic,0
03946,jkim@example.org,Melissa,Male,Premium,0
03947,santoswilliam@example.org,Sandra,Male,Premium,1
03948,hingram@example.org,Michael,Female,Premium,0
03949,sandersmichael@example.org,Nancy,Female,Standard,1
03950,nwong@example.org,John,,Standard,1
03951,carrilloandrew@example.net,Monica,Other,Basic,1
03952,rsanchez@example.org,Amber,Female,Basic,1
03953,ylevine@example.org,Miranda,Female,Standard,1
03954,xbrown@example.net,Andrew,Male,Premium,1
03955,kelleyjonathan@example.net,Elizabeth,Female,Premium,1
03956,ebryant@example.org,Dean,Female,Standard,1
03957,erica33@example.net,Ann,Female,Premium,1
03958,mevans@example.org,Morgan,Male,Premium+,1
03959,bburton@example.com,Randall,Female,Premium,1
03960,ecrawford@example.com,Amy,Male,Basic,1
03961,sanderssamantha@example.net,Nicole,Male,Standard,1
03962,robertacain@example.org,Shannon,Male,Premium,1
03963,bcrosby@example.net,Daniel,Female,Basic,1
03964,dgarcia@example.com,Melanie,Female,Standard,1
03965,jkaiser@example.net,Amber,Female,Premium+,1
03966,vlewis@example.org,Anthony,,Standard,1
03967,dennis82@example.net,Erika,Male,Premium+,1
03968,robertsellen@example.net,Amy,Female,Basic,1
03969,reyesjohn@example.net,Sheila,Prefer not to say,Premium+,1
03970,natashawiley@example.org,Kevin,Female,Premium,1
03971,beckermadeline@example.com,Kelly,Female,Premium,1
03972,rochajermaine@example.org,Holly,Male,Standard,1
03973,gcase@example.net,Chad,Female,Premium,1
03974,cummingsdennis@example.org,Kimberly,Prefer not to say,Basic,1
03975,laurastewart@example.net,Tyler,Prefer not to say,Premium+,1
03976,amydavis@example.com,Ray,Female,Standard,1
03977,etaylor@example.net,Michael,Male,Premium+,1
03978,hamiltonchristina@example.net,Savannah,Male,Premium+,1
03979,carlos94@example.net,Emily,,Premium,0
03980,ebarrett@example.net,Sara,Male,Premium,1
03981,calderondouglas@example.com,Lynn,Female,Standard,1
03982,heatherbrown@example.com,David,Female,Premium+,1
03983,daniellebishop@example.com,Gabriel,Female,Basic,1
03984,leahsmith@example.org,Denise,Male,Standard,0
03985,qmiller@example.org,Sara,Female,Standard,1
03986,amber81@example.com,Sarah,Male,Premium,1
03987,pherrera@example.com,Timothy,,Standard,0
03988,amy95@example.org,Ronald,Female,Premium+,0
03989,amandaphillips@example.com,Douglas,Male,Standard,0
03990,jamescarroll@example.com,Michael,Prefer not to say,Basic,1
03991,hschultz@example.org,Wesley,Female,Premium+,1
03992,michaelgray@example.net,Rebecca,Male,Premium+,1
03993,bethwagner@example.org,Mariah,Female,Premium,1
03994,juliamiller@example.com,Nicholas,Male,Basic,0
03995,huffdiana@example.com,Deanna,Female,Premium+,1
03996,nguyenkimberly@example.org,Elizabeth,Other,Premium,1
03997,abowers@example.net,Robert,Prefer not to say,Standard,1
03998,keith05@example.org,Aaron,Female,Premium,0
03999,cynthiaknight@example.org,Beth,Male,Standard,1
04000,shaunsanchez@example.net,Preston,Female,Premium,1
04001,maxwellbennett@example.com,Dustin,Male,Standard,1
04002,kathleen18@example.org,Teresa,Female,Basic,1
04003,zbrown@example.net,Nancy,Female,Premium,1
04004,ahunter@example.com,Scott,,Standard,1
04005,mollyhull@example.org,Samuel,Female,Standard,1
04006,sandovalwilliam@example.com,Jennifer,Female,Premium,1
04007,fgregory@example.net,Nicole,Male,Standard,1
04008,xwoodard@example.org,April,Female,Premium+,1
04009,iodonnell@example.net,Paul,Male,Standard,1
04010,mturner@example.org,Jesse,Prefer not to say,Premium,1
04011,steinkelly@example.com,Michael,Other,Premium,0
04012,pam74@example.com,Shane,,Basic,1
04013,lalexander@example.com,Cassandra,Female,Basic,1
04014,johnwilson@example.net,Caroline,Male,Standard,1
04015,nfoster@example.com,Keith,Male,Standard,1
04016,joshuabowman@example.com,Kathleen,Female,Premium,1
04017,michaelarmstrong@example.net,Amanda,Female,Standard,1
04018,theresa03@example.com,Mitchell,Male,Premium,0
04019,lopezsamuel@example.org,Jessica,Female,Standard,1
04020,morrisonchristine@example.com,Gary,,Premium,1
04021,nelsontimothy@example.org,James,Male,Premium+,1
04022,williamsjessica@example.com,Alexis,Male,Premium,1
04023,debbiescott@example.org,Grant,Male,Standard,0
04024,ricardojones@example.org,Tina,Male,Basic,0
04025,robersonmary@example.com,Lindsay,Female,Basic,1
04026,michaelparsons@example.net,Jeffery,Male,Standard,1
04027,fisherlawrence@example.org,Susan,,Standard,1
04028,robertberg@example.com,Alexander,Female,Premium,1
04029,msmall@example.org,Dennis,Male,Standard,1
04030,catherineallison@example.com,Bailey,Female,Standard,1
04031,clarkpamela@example.org,Patricia,Female,Standard,1
04032,clarencesanchez@example.org,Nicole,Male,Basic,1
04033,bmay@example.org,Kayla,Male,Standard,1
04034,lisafrench@example.com,Alison,Female,Standard,1
04035,alexisfitzgerald@example.com,Kathy,Male,Standard,1
04036,stacydavis@example.org,Jerry,Male,Basic,1
04037,thale@example.org,John,,Basic,1
04038,gnunez@example.org,Donna,Male,Basic,1
04039,ashley64@example.net,Maria,Prefer not to say,Basic,1
04040,christine02@example.net,Robert,Prefer not to say,Premium,1
04041,gina62@example.com,Michael,Male,Premium,1
04042,sramirez@example.net,Stanley,Female,Standard,1
04043,barnesvincent@example.com,Jessica,Male,Premium+,1
04044,johnsontheresa@example.com,Daniel,Male,Basic,1
04045,ayalaamanda@example.org,Alicia,Female,Basic,1
04046,colemanchristine@example.org,Kristen,Female,Basic,1
04047,umorris@example.com,Jean,Female,Premium,0
04048,sdominguez@example.net,Alyssa,Female,Premium,1
04049,kgriffith@example.com,Jimmy,Female,Standard,1
04050,olsoncrystal@example.net,Jennifer,Male,Standard,1
04051,mitchellfelicia@example.com,Christopher,Female,Premium+,1
04052,bruce86@example.net,Tiffany,Female,Basic,1
04053,bethany28@example.org,Marie,Female,Premium,1
04054,randallaustin@example.com,Jimmy,Female,Premium,1
04055,mullendaniel@example.org,Michael,Female,Premium,1
04056,rebecca27@example.org,James,Female,Standard,1
04057,fneal@example.com,John,Male,Premium+,1
04058,aprilperez@example.net,Lori,Female,Basic,1
04059,teresahall@example.org,Heather,Female,Standard,0
04060,smithbill@example.org,Maria,Female,Basic,1
04061,katherinemiles@example.com,Scott,Female,Standard,0
04062,michaelfreeman@example.org,Daniel,Male,Standard,1
04063,duane37@example.org,Amanda,Female,Premium+,0
04064,smithjason@example.org,Sherry,Other,Standard,1
04065,olsonkristen@example.org,Lauren,Female,Standard,1
04066,steven39@example.net,Emily,Male,Premium,1
04067,francesclark@example.net,Ian,Male,Premium,1
04068,curtisstacy@example.net,Edward,,Basic,1
04069,lisa83@example.net,David,Female,Premium,1
04070,richardbond@example.net,Ryan,Female,Premium,1
04071,nancyfernandez@example.org,Melissa,Male,Premium,1
04072,kristi55@example.com,Joshua,,Standard,1
04073,gshelton@example.org,Candace,Male,Premium+,1
04074,greenjennifer@example.com,Jonathan,Female,Premium,1
04075,lisa45@example.com,Margaret,Female,Basic,1
04076,dakotawilliams@example.org,Angela,,Premium+,1
04077,wjohnson@example.com,Lauren,Female,Premium,1
04078,rachel39@example.org,Joseph,Other,Premium,1
04079,katherine35@example.org,Stacey,Male,Premium,1
04080,olee@example.org,Michael,Prefer not to say,Premium,0
04081,howardautumn@example.net,Keith,Male,Basic,1
04082,mercerandrew@example.org,Sue,Male,Premium+,1
04083,butlerteresa@example.net,Amy,Female,Standard,1
04084,smithjennifer@example.net,Lisa,,Basic,1
04085,evilla@example.com,Gabrielle,Female,Basic,1
04086,cbowman@example.org,Isaac,Male,Standard,1
04087,jameshart@example.org,Nicole,Female,Premium,1
04088,david39@example.net,Tammy,Male,Standard,1
04089,rbenton@example.com,Joseph,Male,Basic,1
04090,davidreeves@example.org,Daisy,Male,Standard,1
04091,ktaylor@example.net,Lauren,Female,Premium,1
04092,brentbutler@example.net,Lauren,Male,Basic,1
04093,michelle32@example.com,Christopher,Female,Standard,1
04094,cameron09@example.net,Lori,Male,Basic,1
04095,wthompson@example.com,Derrick,Male,Premium,1
04096,alvaradojessica@example.com,Joseph,Female,Standard,1
04097,reillydonna@example.net,Monique,Female,Premium,1
04098,dmccullough@example.com,Darius,,Premium+,1
04099,stephen89@example.org,Laura,Male,Premium+,1
04100,ericmartin@example.org,Julia,Male,Standard,0
04101,bakercraig@example.net,Jennifer,Prefer not to say,Premium,1
04102,sanchezmark@example.net,Carla,Male,Premium,0
04103,frazierjames@example.org,Mary,Other,Premium,1
04104,zimmermanmichelle@example.net,Jacob,Female,Standard,0
04105,nathan56@example.net,Yesenia,Female,Premium,1
04106,johnstonhailey@example.org,Steven,Male,Standard,1
04107,vburns@example.net,Victoria,Male,Standard,1
04108,kellypatel@example.org,Sara,Female,Premium,1
04109,gabriel40@example.com,Heidi,Male,Premium,1
04110,stantonjose@example.com,Manuel,Male,Standard,1
04111,llopez@example.org,Kelli,Female,Standard,1
04112,bcortez@example.org,Angela,,Premium,1
04113,tiffanydougherty@example.org,Cindy,Male,Standard,1
04114,jeremy62@example.net,Stephanie,Other,Standard,1
04115,diana68@example.com,Brittany,Female,Standard,1
04116,walkermelissa@example.com,Bob,Female,Standard,1
04117,thomasdixon@example.com,David,Male,Premium,1
04118,tammyhenderson@example.net,Wyatt,Male,Premium,1
04119,dritter@example.com,Amy,Male,Premium,1
04120,melissa38@example.com,Leslie,Other,Premium,0
04121,george41@example.net,Maria,Male,Premium+,1
04122,kennethmaynard@example.net,Robert,Male,Standard,1
04123,jamiejensen@example.net,Alexander,Female,Premium,1
04124,huntercorey@example.net,Alex,Male,Premium,0
04125,tatenicholas@example.org,Neil,Male,Premium,1
04126,tina80@example.org,Jerry,Female,Premium,1
04127,sbrown@example.net,Phillip,Male,Premium,1
04128,dickersonadam@example.org,Laura,Female,Premium,1
04129,tpayne@example.com,William,Female,Premium,1
04130,williamoliver@example.org,Tiffany,Male,Basic,1
04131,hrodriguez@example.com,Julie,Female,Premium,1
04132,kimdecker@example.net,Johnathan,Female,Premium,0
04133,johnrodriguez@example.net,Tammy,Female,Standard,1
04134,rebeccamcdonald@example.net,Carol,Female,Standard,0
04135,cooperjennifer@example.org,Brianna,Male,Premium,1
04136,lisajohnson@example.org,Rebecca,Prefer not to say,Premium+,1
04137,jonathan92@example.com,Tammy,Prefer not to say,Basic,1
04138,xhill@example.org,Jean,Female,Standard,1
04139,amyallen@example.org,Andrew,Male,Premium,1
04140,christyjames@example.net,Joe,Female,Premium,1
04141,david57@example.com,Michelle,Other,Basic,1
04142,george60@example.net,Chelsey,Male,Premium,1
04143,nwhite@example.net,Anthony,Female,Premium,1
04144,sanchezbruce@example.org,Aaron,Male,Standard,1
04145,swright@example.org,Adam,Male,Basic,0
04146,owolfe@example.com,Nathan,Male,Premium,0
04147,jeremyfuentes@example.com,David,Female,Basic,1
04148,jeffreycervantes@example.org,Leslie,Female,Standard,1
04149,wmiller@example.com,Jerry,Male,Standard,1
04150,ywilliamson@example.org,Ryan,Male,Premium+,1
04151,amber11@example.com,Allison,Male,Premium+,1
04152,heather24@example.net,Tony,Female,Standard,1
04153,gilesnatasha@example.org,Joshua,Female,Standard,1
04154,raustin@example.org,Daniel,Male,Basic,1
04155,barnettrobert@example.com,Tiffany,Female,Premium,0
04156,jeffrey53@example.org,Megan,Male,Basic,1
04157,kendrapatterson@example.net,Mary,Other,Standard,1
04158,stephensjacqueline@example.net,Natalie,Male,Standard,1
04159,ehenderson@example.com,Timothy,Male,Premium,1
04160,gcarter@example.com,Adam,Female,Standard,1
04161,susanhunter@example.com,Paul,Female,Standard,1
04162,andrew66@example.com,Ricky,Male,Basic,1
04163,belinda28@example.com,Martin,Male,Basic,1
04164,brownnicole@example.com,Alyssa,Male,Standard,1
04165,marywilson@example.com,Maria,Male,Basic,1
04166,thomas23@example.net,Leslie,Male,Standard,1
04167,burgesskristopher@example.com,Bryan,Male,Standard,1
04168,mortonjeffrey@example.net,Melissa,Female,Premium+,1
04169,buchananjennifer@example.com,Jerome,Male,Standard,1
04170,garymcintyre@example.net,Derek,Male,Premium+,1
04171,samuelbell@example.org,Dennis,Male,Basic,1
04172,davidadkins@example.org,Alexa,,Premium,1
04173,christopher81@example.com,Denise,Male,Premium+,1
04174,diazthomas@example.org,Christopher,Male,Premium+,1
04175,brittany53@example.net,Herbert,Female,Premium,1
04176,nlamb@example.com,Leah,,Premium+,1
04177,derekclark@example.net,John,Male,Basic,0
04178,nashchristopher@example.com,Tammy,Male,Premium+,1
04179,ashleycummings@example.net,Carla,Male,Premium,1
04180,djones@example.net,Robert,Female,Premium,1
04181,espinozageorge@example.org,John,Female,Basic,1
04182,beanlee@example.net,Laura,Male,Premium,1
04183,katrinawilliamson@example.net,William,,Standard,1
04184,jodimontgomery@example.com,Judy,Prefer not to say,Basic,1
04185,lwong@example.com,Catherine,Male,Premium,1
04186,megan12@example.com,Kenneth,Male,Premium+,1
04187,ncastillo@example.org,Kenneth,Prefer not to say,Basic,1
04188,apaul@example.org,Holly,Male,Standard,1
04189,davidruiz@example.org,Karen,Male,Basic,1
04190,prestontyler@example.net,Alyssa,Female,Premium+,0
04191,sheila02@example.net,Stacy,Male,Basic,1
04192,vincent06@example.com,Rebecca,Other,Premium,0
04193,william30@example.net,Peter,Female,Premium,1
04194,pamela37@example.com,John,Female,Premium,1
04195,traciegonzalez@example.net,Monique,Female,Premium+,1
04196,thomasstephens@example.com,John,Female,Premium,1
04197,timothykeith@example.net,Dakota,Female,Basic,1
04198,gpage@example.com,Colleen,Female,Standard,1
04199,laurenbarton@example.org,Jennifer,Female,Standard,1
04200,utorres@example.net,Deborah,Female,Premium,0
04201,lucas58@example.org,Troy,,Premium,1
04202,ismith@example.com,Emily,Female,Premium,1
04203,xpeterson@example.net,Cindy,Female,Standard,1
04204,james22@example.net,Teresa,Male,Premium,1
04205,timothyhanna@example.org,Kimberly,Male,Standard,1
04206,kevin07@example.net,Regina,Female,Standard,0
04207,brooksraymond@example.net,Jennifer,Male,Premium,1
04208,villanuevajill@example.org,Michael,Male,Premium+,1
04209,tracy85@example.com,Edward,Other,Standard,1
04210,ffox@example.com,Alicia,Female,Premium,1
04211,jill35@example.net,Aaron,Female,Standard,1
04212,andrewpena@example.net,Dana,Female,Premium,1
04213,john80@example.org,Amber,Male,Standard,1
04214,heberttara@example.com,Joseph,Female,Basic,1
04215,paigeho@example.org,Michael,Male,Basic,1
04216,hallgrant@example.com,Maurice,Male,Premium,1
04217,daniel50@example.com,Maria,Female,Premium,1
04218,olivia76@example.org,Ronald,Male,Standard,1
04219,epope@example.com,Dillon,Male,Premium+,1
04220,martinezhoward@example.net,Cheryl,Male,Standard,1
04221,kball@example.com,Kevin,,Premium,1
04222,brian58@example.net,Elizabeth,Male,Standard,1
04223,albertgates@example.org,Joshua,Male,Basic,1
04224,derrickowens@example.org,Matthew,Male,Standard,1
04225,johnmorgan@example.org,Sara,Male,Standard,1
04226,cervantesryan@example.net,Daniel,Female,Premium+,1
04227,thomasmitchell@example.net,Kimberly,Female,Basic,1
04228,julia13@example.com,William,Male,Standard,1
04229,chelsea91@example.net,Willie,Male,Premium,1
04230,travis86@example.org,Joshua,Female,Standard,1
04231,tina90@example.net,Amanda,Male,Standard,1
04232,johnsondavid@example.org,Sherry,Male,Premium,0
04233,claytonkelley@example.net,Sherri,Female,Standard,1
04234,timothy11@example.com,Johnny,Prefer not to say,Premium+,1
04235,cannondavid@example.com,Aaron,Female,Standard,1
04236,pereznicole@example.com,Brian,,Premium,1
04237,hamiltonteresa@example.net,Christopher,Male,Basic,1
04238,traceybrown@example.org,Elizabeth,Male,Standard,1
04239,markryan@example.org,Elizabeth,Male,Premium,0
04240,lance70@example.net,Samantha,Male,Basic,1
04241,jean92@example.org,Veronica,,Basic,1
04242,dburton@example.org,Sarah,Female,Standard,1
04243,courtney56@example.com,Charles,Female,Standard,0
04244,martineztodd@example.org,Christopher,Female,Premium,1
04245,kathrynhughes@example.net,Michael,Female,Premium,1
04246,kbrooks@example.org,Kimberly,Male,Premium,0
04247,christina41@example.net,Gina,Prefer not to say,Premium,1
04248,hugheslaurie@example.net,Matthew,Female,Standard,1
04249,webbkurt@example.com,Sara,Female,Premium,1
04250,graybrandon@example.com,Christopher,Female,Basic,1
04251,katherinerogers@example.org,Scott,Female,Premium+,1
04252,maureenbowman@example.net,Tina,Male,Basic,1
04253,glenn05@example.com,Adam,Female,Standard,1
04254,robert02@example.net,Dana,Female,Premium,0
04255,cbaldwin@example.org,Mary,Female,Standard,1
04256,alexandria22@example.org,Michael,Female,Basic,0
04257,guerradonna@example.com,Gabrielle,Female,Standard,1
04258,angela40@example.net,Frederick,Male,Standard,1
04259,hruiz@example.org,Dan,,Basic,1
04260,svazquez@example.com,Rachel,Female,Premium+,1
04261,michaelpatterson@example.com,Melissa,,Premium,1
04262,daniellucas@example.com,Brandon,Male,Premium,1
04263,glenn18@example.net,Claire,Prefer not to say,Premium,1
04264,hlyons@example.com,Susan,Male,Premium,1
04265,michelle85@example.net,Alec,Female,Premium,0
04266,umiller@example.com,Amy,Female,Premium,1
04267,gonzalezwanda@example.org,Aimee,Female,Standard,1
04268,xsteele@example.com,Sarah,Male,Standard,0
04269,aaronjohnson@example.org,Nicole,Female,Standard,1
04270,jwall@example.com,Karen,Female,Premium,1
04271,richard50@example.net,Kim,,Premium,1
04272,krista07@example.com,Stephanie,Female,Standard,1
04273,martinezmatthew@example.com,Lance,Female,Premium+,1
04274,bbrewer@example.net,Robert,Prefer not to say,Premium,1
04275,pughmark@example.org,Cynthia,Female,Standard,1
04276,walshalison@example.com,Jeremy,Male,Premium,1
04277,sonya53@example.com,Monica,Male,Premium,1
04278,adam09@example.net,Anita,Female,Premium,0
04279,vtaylor@example.org,James,Female,Standard,0
04280,vsmith@example.com,Michael,Male,Standard,1
04281,vanessathomas@example.com,Anita,Male,Standard,0
04282,schwartzdaniel@example.com,Bianca,Male,Premium+,1
04283,aliciacurry@example.net,Patricia,Female,Standard,1
04284,brandon74@example.com,David,Female,Premium,1
04285,matthewanderson@example.net,Mark,Male,Standard,1
04286,cmcintyre@example.net,Paula,Male,Premium,1
04287,maryharrison@example.org,Jason,Male,Standard,1
04288,kimberly87@example.net,Chelsea,Female,Premium+,1
04289,vmitchell@example.net,Patrick,,Basic,1
04290,andre40@example.net,Michael,Female,Premium+,0
04291,matthewsexton@example.net,Ronald,Female,Premium,1
04292,browncarlos@example.org,Karen,Female,Standard,1
04293,cody22@example.com,Debra,Female,Standard,1
04294,snyderdakota@example.net,Emily,Male,Basic,1
04295,joseph31@example.org,Nicholas,Male,Premium+,0
04296,andrew75@example.net,Ashley,,Premium,1
04297,wardlaura@example.com,Hayley,Female,Premium,1
04298,kathleenhoffman@example.net,Janice,Male,Premium,1
04299,sarahblake@example.org,Cory,Male,Standard,1
04300,upitts@example.net,John,Female,Standard,1
04301,angelagibbs@example.com,Elizabeth,Female,Standard,1
04302,thompsontodd@example.org,Heather,Female,Premium,1
04303,quinnsamantha@example.com,Matthew,Male,Basic,1
04304,amy61@example.com,Anthony,,Basic,1
04305,williamwallace@example.com,Rebecca,Female,Premium,1
04306,ibarrathomas@example.org,Roy,Male,Basic,1
04307,vtaylor@example.net,Warren,Male,Premium+,1
04308,rodriguezangela@example.org,Robin,Female,Standard,1
04309,tiffany72@example.org,Lisa,Female,Premium,1
04310,yphillips@example.net,Matthew,Other,Standard,1
04311,andre32@example.net,David,Male,Premium,1
04312,kristen65@example.com,Pamela,Male,Standard,1
04313,josephwarren@example.com,Keith,Female,Standard,1
04314,sherrylewis@example.org,Emily,Female,Standard,1
04315,imoore@example.org,Tracy,Female,Premium+,1
04316,crios@example.org,Darren,Female,Standard,1
04317,jrodriguez@example.org,Brett,Female,Basic,1
04318,adriana87@example.com,Rose,Male,Standard,1
04319,lisaglass@example.org,Jacqueline,Female,Premium+,1
04320,brianphillips@example.org,Cody,Other,Basic,1
04321,erik63@example.net,Gabriel,Female,Premium,1
04322,rayjames@example.com,Mary,Female,Premium+,1
04323,heathersmith@example.net,Troy,Female,Basic,1
04324,michaelmcdonald@example.org,Erin,Male,Premium,1
04325,blacklisa@example.net,Christina,Male,Standard,1
04326,rsanchez@example.org,Caleb,Female,Premium,0
04327,grichardson@example.com,Steven,Female,Premium,1
04328,zstout@example.net,Jeff,Male,Standard,1
04329,benjamin60@example.org,Shawn,Male,Premium,1
04330,franklinvanessa@example.net,Heather,Female,Basic,0
04331,owilson@example.com,Deanna,Other,Basic,1
04332,debra05@example.com,Tony,Male,Premium,1
04333,leemegan@example.com,Angela,Male,Premium,1
04334,medwards@example.org,Hannah,Female,Standard,1
04335,joecarter@example.org,George,Female,Basic,1
04336,sarahsanchez@example.org,Robin,Female,Standard,1
04337,ifranco@example.com,Timothy,,Standard,1
04338,lingregory@example.com,Maria,Male,Basic,1
04339,rarnold@example.net,Evan,Male,Basic,1
04340,karen08@example.com,Kelly,Prefer not to say,Premium+,1
04341,yfranklin@example.net,Teresa,Female,Premium,1
04342,butlermary@example.org,Antonio,Male,Premium,1
04343,michael24@example.org,Michael,Male,Basic,0
04344,kelly00@example.org,Alan,Female,Standard,1
04345,tracy27@example.org,Kelli,Female,Premium,1
04346,bradleyglenn@example.net,Daniel,Female,Premium+,0
04347,lindseymonique@example.com,Jill,Male,Basic,1
04348,elizabeth22@example.net,Michael,Female,Basic,1
04349,hunteranthony@example.com,Richard,Female,Standard,1
04350,richmondryan@example.org,Jessica,Male,Premium,1
04351,watsonmary@example.org,Kim,Male,Basic,1
04352,christopher47@example.net,Ashley,Female,Basic,1
04353,boydcurtis@example.org,Paul,,Basic,1
04354,annette29@example.com,Joseph,Female,Basic,1
04355,smithkathryn@example.com,Ruben,Male,Premium+,1
04356,abigailjimenez@example.com,Jesse,Prefer not to say,Standard,1
04357,michaelramsey@example.net,Morgan,Female,Premium+,1
04358,jennifer57@example.com,Shannon,Female,Premium,1
04359,evansshannon@example.com,Kevin,,Premium,1
04360,ochoatodd@example.net,Rebecca,Male,Premium,0
04361,callahankaren@example.net,Michelle,Female,Premium+,1
04362,courtneygarcia@example.org,Regina,Male,Basic,1
04363,jharvey@example.org,Brandy,Female,Standard,1
04364,thomasedwards@example.org,Cristian,Female,Standard,1
04365,adamparker@example.com,Michelle,Female,Standard,1
04366,ggonzalez@example.com,Ricky,Female,Premium,1
04367,jhernandez@example.net,Victor,Male,Standard,1
04368,kyle59@example.com,William,,Premium,1
04369,randylyons@example.com,Tracy,Female,Standard,0
04370,oliverjoshua@example.com,Ashley,Female,Premium,0
04371,wrightemily@example.com,Robert,Male,Standard,1
04372,loribenson@example.com,Kyle,Male,Standard,0
04373,pbarajas@example.net,Christian,Female,Premium+,1
04374,michaelcombs@example.com,Douglas,Male,Premium,1
04375,kyle94@example.org,Robyn,Male,Basic,1
04376,maydylan@example.net,Christopher,Male,Standard,1
04377,benjaminfitzgerald@example.com,Lacey,Male,Premium+,1
04378,fuenteskyle@example.net,Tyler,Male,Standard,1
04379,ksilva@example.net,Eric,Female,Premium,1
04380,brandonadams@example.org,Dawn,Prefer not to say,Basic,1
04381,bryan33@example.net,Jeff,,Premium,0
04382,camachohayley@example.net,Michelle,Male,Premium,0
04383,kyoung@example.org,David,Male,Premium,1
04384,kelly07@example.net,Sarah,Male,Premium,1
04385,barbara87@example.org,John,Male,Premium,0
04386,driley@example.net,Natalie,Male,Standard,1
04387,chenanthony@example.net,Mark,Female,Standard,0
04388,grantbrittney@example.net,Andrew,,Premium,1
04389,davidjohnson@example.net,William,,Premium,1
04390,robinjohnson@example.org,Donald,Male,Premium,1
04391,idaniels@example.net,Lauren,Male,Basic,1
04392,karlathornton@example.net,Shannon,Female,Standard,1
04393,walkerbrittany@example.org,Julie,,Basic,1
04394,jacob98@example.com,Holly,Male,Standard,1
04395,erin19@example.org,Gregory,Male,Standard,1
04396,walter15@example.com,Gabriel,Female,Standard,1
04397,duncanpaul@example.org,Patricia,Female,Premium,1
04398,vhernandez@example.org,Michael,Female,Basic,1
04399,jeffrey34@example.com,Bryan,Male,Standard,0
04400,joseph98@example.org,Charles,Male,Basic,0
04401,pgarcia@example.net,Teresa,Male,Standard,1
04402,dfranco@example.org,Benjamin,Male,Premium,0
04403,rodrigueztroy@example.org,Brian,Female,Basic,1
04404,zpierce@example.net,Jeanne,Female,Premium,1
04405,scottlong@example.org,Margaret,Prefer not to say,Standard,1
04406,cwright@example.org,Heather,Prefer not to say,Premium,1
04407,alejandroporter@example.org,Nicholas,Female,Premium,0
04408,ryangates@example.com,Kimberly,Male,Standard,1
04409,douglasellison@example.org,Seth,Male,Premium,1
04410,thomasamanda@example.net,Sherri,Female,Premium+,1
04411,ndominguez@example.com,Kristen,Female,Basic,0
04412,smiller@example.org,Courtney,,Premium,0
04413,salascrystal@example.net,Gary,,Standard,1
04414,kathleenortiz@example.net,Jacqueline,Female,Basic,1
04415,kristin57@example.org,David,Other,Standard,1
04416,jessica76@example.net,Jacqueline,,Standard,1
04417,melissa57@example.com,Jacqueline,Male,Premium,1
04418,vanessa41@example.org,April,Male,Premium,1
04419,michaelvaughan@example.net,Michael,Male,Basic,1
04420,williamsjohn@example.org,Shelly,,Premium+,0
04421,barnesbrian@example.net,Wendy,Male,Basic,1
04422,sanchezpaul@example.org,Carla,Male,Premium,1
04423,gail91@example.org,Paula,Female,Premium,1
04424,katherine64@example.net,Jonathan,Female,Premium,1
04425,jason03@example.org,Kim,Female,Standard,1
04426,kathleen63@example.net,Donald,Male,Premium,1
04427,william54@example.org,John,Male,Premium,1
04428,flemingalexis@example.com,Jasmine,Female,Standard,1
04429,timothystrickland@example.net,Kimberly,Male,Standard,1
04430,clarkdaniel@example.org,Ryan,Male,Premium,1
04431,acastillo@example.org,Jasmine,Female,Premium,1
04432,brownmaxwell@example.org,Bryan,Male,Premium,1
04433,rachel41@example.org,Elizabeth,Male,Basic,1
04434,chudson@example.com,Christina,Female,Premium,0
04435,tlawrence@example.net,Joseph,Female,Premium,1
04436,michael70@example.org,Alexander,Female,Basic,1
04437,wilsonjames@example.org,Kristina,Female,Premium,1
04438,todd78@example.org,Laura,Female,Premium,0
04439,chambersryan@example.com,Robert,Female,Standard,1
04440,brittany51@example.net,Mary,Other,Premium,1
04441,jonesmary@example.net,Lori,Female,Premium,1
04442,oholloway@example.com,Darren,Prefer not to say,Basic,1
04443,robertmendez@example.org,Kathryn,Male,Premium,1
04444,dcardenas@example.net,Jillian,,Premium,1
04445,xferguson@example.com,Robert,,Premium,1
04446,casey20@example.org,James,Male,Premium,1
04447,lstephens@example.org,David,Other,Premium,1
04448,reginaldhuang@example.com,Michael,Female,Premium,0
04449,mariowilliams@example.com,Kelly,Female,Basic,1
04450,ssummers@example.org,Edward,Female,Premium,1
04451,lisayoung@example.org,Michael,,Standard,1
04452,fgarcia@example.com,Austin,Male,Premium,1
04453,janetwilson@example.net,Andrea,Female,Standard,1
04454,chenrandy@example.org,Natalie,Female,Standard,0
04455,qwarner@example.com,Elijah,Male,Standard,1
04456,anita84@example.org,Ashley,Male,Standard,1
04457,mlopez@example.org,Rachel,Male,Standard,1
04458,hhill@example.com,Mary,Female,Premium+,1
04459,jodygonzales@example.org,Shawn,Male,Basic,1
04460,wwalton@example.org,Andre,Other,Premium,1
04461,kaylee70@example.net,Joshua,Male,Premium,1
04462,gregoryanderson@example.org,Sean,Female,Standard,1
04463,dayalexander@example.com,Kevin,Female,Premium,1
04464,kerri34@example.com,Gary,Female,Premium+,1
04465,erika99@example.com,Angelica,Female,Standard,1
04466,smithlauren@example.net,Christopher,Male,Premium,0
04467,lnunez@example.com,Nicole,Female,Standard,1
04468,lauren51@example.org,Bonnie,Male,Basic,1
04469,tatekeith@example.com,Ryan,Male,Standard,0
04470,riverasteven@example.com,Matthew,Male,Premium,1
04471,jamesleslie@example.org,Kyle,,Basic,1
04472,warrenalexander@example.net,Nicholas,Female,Premium,1
04473,stephen22@example.net,Nathan,Female,Premium+,1
04474,nelsonaustin@example.com,Keith,Female,Premium+,1
04475,stephen05@example.org,Theodore,Male,Premium+,0
04476,juan46@example.net,Samantha,Prefer not to say,Basic,1
04477,strongjohn@example.org,Andrew,Female,Standard,1
04478,jennifervazquez@example.net,Amber,Female,Basic,0
04479,veronica05@example.com,Susan,Male,Premium,0
04480,sbarker@example.net,Aaron,Male,Basic,1
04481,tracyanderson@example.com,David,Female,Premium,1
04482,sparksalex@example.net,Tina,Male,Premium,1
04483,julie76@example.com,Scott,Female,Premium,1
04484,jackjordan@example.net,William,Female,Premium,0
04485,longpamela@example.com,Matthew,Female,Standard,1
04486,davidbaker@example.org,Tanner,Male,Standard,0
04487,regina12@example.com,Eric,Male,Standard,1
04488,rfitzpatrick@example.com,Erika,Male,Standard,1
04489,miranda03@example.net,Sarah,Female,Premium,0
04490,singhthomas@example.com,Alex,Female,Standard,0
04491,zporter@example.org,Julie,Female,Premium,1
04492,erica21@example.org,Brandy,Female,Premium,1
04493,suttonrebecca@example.net,Douglas,Male,Basic,1
04494,wilsonbrittany@example.com,Courtney,Female,Standard,0
04495,curryryan@example.com,Daniel,Female,Basic,1
04496,rponce@example.org,Christina,Female,Premium+,1
04497,alvarezandrew@example.org,Steven,Female,Basic,1
04498,dpeterson@example.net,Christian,Female,Standard,1
04499,nrodriguez@example.org,Brianna,Female,Premium+,0
04500,haydenmichael@example.org,Bobby,Female,Standard,1
04501,beasleycarol@example.com,Bobby,Female,Premium,1
04502,jeremyhill@example.com,Veronica,Male,Premium,1
04503,mjacobs@example.org,Brandon,Male,Standard,1
04504,beardrhonda@example.net,Jason,Female,Premium,1
04505,marcus01@example.com,Jeffrey,Female,Standard,1
04506,sierragonzalez@example.net,Faith,Male,Premium,1
04507,patrickbryan@example.org,Ashley,Male,Basic,1
04508,lorimaddox@example.net,Deborah,,Premium,1
04509,petersenmary@example.org,David,Male,Standard,1
04510,shahkimberly@example.org,Michael,Male,Premium,1
04511,qvaldez@example.net,Emily,Prefer not to say,Basic,1
04512,joseph08@example.com,Kristen,Male,Premium,1
04513,ericperry@example.org,Nicole,Male,Premium+,1
04514,jsloan@example.net,Richard,Male,Standard,1
04515,kennedydonna@example.com,Tiffany,Male,Standard,0
04516,roachjason@example.org,Tommy,Female,Premium,0
04517,fitzgeraldhenry@example.org,Anne,Female,Standard,1
04518,qvaldez@example.com,Joan,Prefer not to say,Premium,1
04519,bateskarla@example.net,Jerry,Male,Premium,1
04520,melissabarber@example.org,Jeffrey,Female,Premium,1
04521,troy85@example.net,Kevin,Female,Basic,1
04522,burnsmichael@example.com,Ashley,Female,Basic,1
04523,sperez@example.net,Patrick,Male,Standard,1
04524,oscar65@example.com,Juan,Male,Premium,1
04525,dennismclean@example.net,Marie,Male,Standard,0
04526,harveychristian@example.com,Raymond,Female,Premium,1
04527,lawrence81@example.com,Rachel,Female,Premium,1
04528,lewischad@example.net,Edward,Female,Standard,1
04529,rschaefer@example.com,Jessica,Male,Premium,1
04530,xrobinson@example.com,Denise,Male,Standard,1
04531,cassie51@example.org,Daniel,Female,Premium,1
04532,ilee@example.com,Ronald,Female,Premium,1
04533,hamptonjacob@example.net,Margaret,Female,Premium,1
04534,uwashington@example.org,Laura,Female,Premium+,1
04535,gparks@example.org,Katherine,Prefer not to say,Premium,1
04536,zcollins@example.org,Arthur,Male,Premium,0
04537,pamela20@example.com,Anthony,Female,Standard,1
04538,jennifer22@example.org,Michelle,Male,Standard,0
04539,sarahhancock@example.org,Ashley,Female,Premium,1
04540,christopher25@example.com,Dominic,Male,Basic,0
04541,daniellegraham@example.com,Jennifer,Female,Basic,1
04542,ecarlson@example.net,Thomas,Female,Standard,1
04543,lance06@example.net,James,Male,Premium,1
04544,wallacejesse@example.net,James,Female,Standard,1
04545,robinsonjonathan@example.com,Michael,Female,Premium,1
04546,weberyvette@example.com,Christopher,Female,Standard,1
04547,dixoncrystal@example.net,Angela,Male,Standard,1
04548,kelleybrian@example.com,David,Other,Premium,1
04549,fwilkerson@example.com,Stephanie,Female,Premium,1
04550,james21@example.net,Melanie,Male,Premium,1
04551,kyoung@example.net,Christine,Female,Premium,1
04552,gina84@example.org,Jennifer,Male,Basic,0
04553,mtorres@example.com,Jeffrey,Female,Standard,1
04554,hesparza@example.net,Kimberly,Male,Basic,0
04555,marquezsherri@example.net,Jacob,Male,Premium,1
04556,nbarrett@example.com,Russell,Female,Premium,1
04557,vclark@example.com,James,Male,Premium+,1
04558,elizabethherrera@example.com,Margaret,Female,Premium+,1
04559,zjackson@example.net,Caitlin,Male,Standard,1
04560,taylormark@example.com,William,Male,Premium,1
04561,sjackson@example.net,Gina,Female,Premium,1
04562,danieljenkins@example.org,Samantha,,Basic,1
04563,dustinmartin@example.net,William,Female,Premium,1
04564,richard19@example.com,Barbara,Male,Premium,1
04565,jacksonbrendan@example.org,Pamela,Female,Premium+,1
04566,dbutler@example.org,Jeff,Male,Premium+,1
04567,robinsonstephanie@example.org,Ryan,Male,Premium+,1
04568,brandonyang@example.org,Gregory,Male,Basic,1
04569,amy32@example.org,Seth,Male,Premium,1
04570,steven48@example.net,Laura,Other,Standard,1
04571,palmerjason@example.com,Christina,,Basic,1
04572,peter59@example.org,James,Male,Premium,1
04573,reneepeterson@example.org,Lisa,Female,Premium,0
04574,fwhite@example.org,William,Male,Standard,1
04575,richardsonsusan@example.org,Jim,Male,Premium,1
04576,kathleen55@example.org,Connie,Female,Premium,1
04577,andersonpamela@example.net,Jennifer,Female,Premium+,1
04578,hortonmichele@example.org,Christopher,Male,Standard,1
04579,jaclyn76@example.net,Keith,Male,Basic,1
04580,christopherwolfe@example.com,Robert,Female,Premium,1
04581,howardchapman@example.org,Michael,Male,Standard,1
04582,javierrobertson@example.com,Chad,Female,Standard,1
04583,katherine24@example.net,Carlos,Prefer not to say,Premium+,1
04584,ryan61@example.net,Mary,Female,Premium+,1
04585,anthony88@example.net,James,Female,Standard,1
04586,jwade@example.org,Charles,Male,Premium,1
04587,djackson@example.org,Leonard,Male,Basic,1
04588,lopezkevin@example.org,Dennis,,Premium+,1
04589,meadowsdavid@example.org,Anthony,Female,Basic,1
04590,nicole40@example.com,James,Male,Standard,1
04591,lisabanks@example.com,Christina,Female,Standard,0
04592,kimberlylewis@example.org,Christopher,Female,Premium,0
04593,iboyd@example.net,Stacey,Male,Premium+,1
04594,suttonterri@example.net,William,Female,Standard,1
04595,ovaughan@example.net,Shannon,Male,Premium+,0
04596,bowerssamuel@example.org,Jeffrey,Female,Premium,1
04597,stacyrussell@example.org,Dalton,Male,Standard,1
04598,carolgraves@example.net,Katherine,Male,Standard,1
04599,willie86@example.com,Steven,Prefer not to say,Premium+,0
04600,melissa31@example.com,Russell,Male,Premium,1
04601,leachjoe@example.com,Taylor,Male,Standard,1
04602,warnerpaige@example.net,Richard,Male,Basic,1
04603,jerry87@example.net,Susan,,Standard,1
04604,nataliedavis@example.org,Michael,Female,Premium+,1
04605,palmerrandy@example.net,Emily,Female,Basic,1
04606,mgoodman@example.org,Ashley,Male,Basic,0
04607,hallalison@example.net,Robert,Female,Basic,1
04608,hallcarrie@example.net,Jessica,Female,Standard,1
04609,madisonwalker@example.com,Matthew,Female,Premium+,1
04610,ryork@example.com,David,Male,Premium,1
04611,ericsilva@example.net,Brian,Male,Standard,0
04612,bfarmer@example.net,James,Female,Premium,1
04613,glawson@example.com,Diane,Female,Premium,1
04614,thicks@example.org,David,Male,Premium,1
04615,npeterson@example.org,Dylan,Prefer not to say,Standard,1
04616,latoyahernandez@example.net,Nicole,Male,Standard,1
04617,sgarcia@example.com,Joseph,Female,Standard,1
04618,xsmith@example.net,Kristopher,Female,Standard,1
04619,jessicaayala@example.com,Brandy,Female,Premium+,1
04620,pattersontodd@example.net,Samuel,Female,Standard,0
04621,zthomas@example.com,Linda,,Premium,1
04622,jeremychase@example.org,Cassandra,,Premium,1
04623,andersenanthony@example.org,Taylor,Other,Premium,1
04624,floresamanda@example.net,Lisa,Male,Standard,1
04625,lking@example.org,Aaron,Male,Premium+,1
04626,combsregina@example.com,Beverly,Female,Standard,0
04627,stephaniemartin@example.net,Dawn,Male,Premium+,0
04628,murphydevon@example.com,Connie,Male,Premium,1
04629,andrealyons@example.net,Amy,Male,Standard,1
04630,cbell@example.net,Jerry,Male,Standard,1
04631,delgadojohn@example.com,Tristan,Female,Premium+,1
04632,gracemartinez@example.com,Kayla,Female,Standard,0
04633,zoeshaffer@example.org,Austin,Male,Premium+,1
04634,pmccarthy@example.net,Brandon,,Standard,1
04635,joshuahall@example.net,Rachel,Male,Standard,1
04636,jchapman@example.com,Curtis,Female,Premium,1
04637,amymartin@example.net,Kelly,Other,Basic,1
04638,mckayjoshua@example.org,Alexa,Male,Premium+,1
04639,cisnerosedward@example.net,Carl,Male,Standard,1
04640,brandirios@example.net,Alec,Female,Standard,1
04641,carlsoncynthia@example.net,Heather,Female,Premium,0
04642,corey21@example.org,Andrea,,Basic,1
04643,richardsonsophia@example.com,Christopher,Male,Premium,1
04644,harrissara@example.org,Susan,Female,Standard,1
04645,andersonrichard@example.net,Kayla,Prefer not to say,Standard,1
04646,bgreene@example.com,Amanda,Male,Premium,1
04647,allisonbrandon@example.com,Justin,Male,Basic,1
04648,james74@example.net,Robert,Male,Premium,1
04649,vwhite@example.net,Brenda,Male,Standard,1
04650,paulmills@example.com,James,Female,Standard,1
04651,tasha89@example.net,Amber,Male,Premium,1
04652,tsoto@example.com,James,Female,Standard,1
04653,tkhan@example.org,Christopher,Male,Standard,0
04654,maryperez@example.net,Nicholas,Male,Premium,1
04655,sfrye@example.org,Jason,Male,Basic,0
04656,donald55@example.net,Richard,Male,Standard,1
04657,jacqueline57@example.org,Brandi,Male,Premium+,1
04658,mendozajason@example.com,Robin,Male,Premium,1
04659,leehenry@example.org,Shirley,Female,Standard,1
04660,millerderek@example.org,Brittney,Prefer not to say,Premium,1
04661,rayjoseph@example.org,Rita,Female,Standard,1
04662,bryanwilkinson@example.org,Angela,Female,Basic,1
04663,qgomez@example.org,Brittany,Male,Premium,1
04664,hcole@example.net,Kim,Female,Basic,1
04665,lsmith@example.com,Jeffrey,Male,Premium,0
04666,michelle42@example.org,Tammy,Male,Standard,1
04667,josephalvarado@example.net,David,Prefer not to say,Premium,1
04668,turnerphillip@example.com,Robert,Female,Basic,0
04669,mcclainisabel@example.net,Jodi,Female,Standard,1
04670,josephhart@example.com,Antonio,Female,Standard,1
04671,nicholascarson@example.com,James,Male,Premium,1
04672,daniel25@example.org,Robert,,Premium,1
04673,sheilawheeler@example.com,Robert,Female,Standard,1
04674,vbarry@example.org,Jeremy,Female,Standard,1
04675,tsoto@example.org,Robert,Female,Standard,1
04676,dsingleton@example.org,George,Other,Premium,0
04677,ann79@example.net,Natalie,,Basic,0
04678,cweber@example.com,Jonathan,Male,Standard,1
04679,ycline@example.net,Daniel,Female,Basic,1
04680,andersonjames@example.org,Susan,Female,Premium,1
04681,collinscole@example.net,Linda,Female,Basic,1
04682,johnsonsean@example.com,Michelle,Female,Premium,0
04683,katherine87@example.net,Amy,Prefer not to say,Premium,1
04684,heather99@example.com,Gabriel,Male,Premium,1
04685,harrisamanda@example.com,Sarah,Female,Standard,1
04686,angelanelson@example.net,Christopher,,Premium,1
04687,lauracalderon@example.org,Cathy,Female,Basic,0
04688,matthew28@example.com,James,,Standard,1
04689,lindseyhayden@example.net,Keith,Male,Basic,1
04690,jasminemorrison@example.net,Cheryl,Female,Standard,1
04691,david56@example.org,Craig,Male,Basic,0
04692,megan53@example.org,Shannon,Male,Premium,1
04693,ashleypham@example.com,David,Female,Standard,1
04694,scottwilliams@example.org,Joshua,Female,Basic,1
04695,bridgetcole@example.net,Debbie,Female,Standard,1
04696,tracymorales@example.com,Christopher,,Standard,1
04697,jameslee@example.net,Julia,Male,Standard,1
04698,rsanders@example.net,Mary,Male,Premium+,1
04699,vhernandez@example.net,Nicholas,Female,Premium+,1
04700,brian38@example.org,Andrew,Female,Basic,1
04701,sfrank@example.net,Briana,Female,Standard,1
04702,lynnkimberly@example.com,Thomas,Other,Premium+,1
04703,amandacampbell@example.org,Angelica,Male,Premium,1
04704,along@example.org,Matthew,Female,Basic,1
04705,henry02@example.net,Krista,Male,Premium,1
04706,tjensen@example.org,Erik,Male,Standard,1
04707,tara41@example.net,Brian,,Premium,1
04708,powellheather@example.org,Dennis,Male,Premium,1
04709,radams@example.net,Kevin,Female,Basic,1
04710,michaelboyd@example.org,Richard,,Standard,1
04711,gibbsjavier@example.com,Wayne,Female,Standard,1
04712,shawn41@example.net,Mary,Female,Premium,0
04713,gomezdiana@example.org,Julie,Male,Premium,1
04714,georgejones@example.net,Timothy,Male,Premium,1
04715,bensonheather@example.org,Cynthia,Female,Standard,1
04716,sarah30@example.org,Karen,Female,Standard,1
04717,sarameyer@example.com,Hannah,Female,Premium,1
04718,jimbrown@example.com,Michelle,Female,Standard,1
04719,thomas95@example.net,Debra,Female,Standard,0
04720,zclark@example.net,Jeremy,Prefer not to say,Standard,0
04721,destrada@example.org,Ronald,Male,Premium,1
04722,qlee@example.net,Dave,Male,Standard,0
04723,harveybilly@example.com,Joshua,Female,Premium,0
04724,annewilliams@example.com,Leah,Male,Standard,1
04725,qwright@example.com,Rickey,Female,Standard,1
04726,kendrasims@example.net,Sean,Other,Premium,0
04727,xjohnson@example.net,Rose,Female,Premium,1
04728,morganrebecca@example.org,Katherine,Male,Premium,1
04729,michael45@example.com,Jason,Female,Standard,1
04730,ejones@example.com,Sharon,Male,Standard,1
04731,eray@example.org,Christopher,Female,Basic,1
04732,flemingvickie@example.com,Joshua,Female,Premium,1
04733,amymoore@example.com,Angela,Female,Premium,1
04734,robin43@example.com,Julie,Male,Premium,1
04735,ysimmons@example.net,Timothy,Male,Premium,1
04736,trevorortega@example.net,Richard,Male,Premium,1
04737,brian19@example.com,Vanessa,Female,Standard,0
04738,nbenson@example.net,Angela,Male,Premium+,1
04739,rodriguezdaniel@example.com,Abigail,Prefer not to say,Premium,1
04740,joseph75@example.org,Michael,,Standard,1
04741,lindasalazar@example.net,Jennifer,Male,Standard,1
04742,ujames@example.net,Brandy,Female,Standard,1
04743,cody04@example.com,Tonya,Male,Standard,0
04744,prattjennifer@example.com,Sarah,Female,Premium,1
04745,catherine69@example.net,Joshua,Female,Premium,1
04746,diana57@example.org,Trevor,Prefer not to say,Premium,1
04747,gonzalezcory@example.org,Laura,Male,Premium,1
04748,amyholmes@example.net,Patrick,Female,Premium,1
04749,coxtim@example.org,Jamie,Prefer not to say,Premium+,1
04750,kleinbrent@example.net,Jennifer,Female,Premium,1
04751,spencerjonathan@example.org,Alicia,Female,Basic,1
04752,ismith@example.org,Michelle,Other,Premium,0
04753,johnnystark@example.net,Tammie,Male,Standard,1
04754,halldawn@example.net,Emily,Female,Premium,1
04755,ryankeith@example.com,Stephanie,Female,Standard,1
04756,allendiane@example.com,Matthew,Female,Premium,1
04757,crystalmurray@example.org,Joann,Male,Premium,1
04758,georgediaz@example.net,Theresa,Male,Premium,1
04759,brownronnie@example.net,Brad,Male,Premium,0
04760,kristin52@example.net,Danielle,Female,Premium,1
04761,sharon51@example.net,Christopher,Other,Basic,0
04762,seanmills@example.net,Jacob,Male,Premium+,1
04763,deanna56@example.com,Bethany,Prefer not to say,Premium,1
04764,kevin39@example.com,Amanda,Female,Premium,1
04765,corey91@example.org,Shelby,,Basic,1
04766,katherinemurray@example.net,Dylan,Female,Basic,1
04767,harveyderrick@example.com,Tyler,Female,Basic,1
04768,michaelstevenson@example.org,Julie,Male,Premium,1
04769,floresjulie@example.net,Matthew,Female,Premium+,1
04770,rrollins@example.net,Jose,Male,Standard,1
04771,ewingelizabeth@example.com,Cheryl,Female,Standard,1
04772,nortonaaron@example.net,Susan,Female,Premium,1
04773,murphynicole@example.net,Alex,Male,Standard,1
04774,robert44@example.net,Richard,Male,Premium+,1
04775,thunt@example.org,Cristina,Female,Basic,1
04776,dodom@example.net,Edward,Male,Standard,1
04777,goldenjacob@example.org,Angela,Female,Premium+,1
04778,arobertson@example.org,Richard,,Premium+,0
04779,garciastephen@example.com,James,Male,Standard,1
04780,john35@example.net,Christian,Prefer not to say,Premium,1
04781,martinheather@example.com,Robert,Female,Standard,1
04782,monroegabriela@example.org,Pamela,,Premium,1
04783,longanthony@example.net,Nicole,Male,Premium,1
04784,radams@example.org,David,Male,Standard,1
04785,christopherdiaz@example.org,Christina,Female,Premium,1
04786,dana61@example.net,Amber,Female,Premium,1
04787,matthewcannon@example.com,David,Female,Basic,0
04788,juanmoore@example.org,Susan,,Basic,1
04789,alyssa82@example.org,Briana,Male,Standard,1
04790,ndonovan@example.net,Jermaine,Male,Standard,1
04791,hallsara@example.net,Michael,Female,Premium+,1
04792,patriciacole@example.com,Brian,Male,Premium,1
04793,kennedygabriel@example.org,Mark,Male,Premium,1
04794,yhernandez@example.com,Charlene,Female,Standard,0
04795,blackjulie@example.com,Gary,Female,Premium,1
04796,hollygonzales@example.net,Rebecca,Female,Standard,1
04797,rebeccachapman@example.org,Elaine,Male,Premium,1
04798,smyers@example.com,Scott,Male,Premium,1
04799,fosterkeith@example.com,Oscar,Male,Premium,1
04800,maldonadomatthew@example.org,Richard,Male,Basic,1
04801,erinunderwood@example.net,Kim,Female,Premium,1
04802,william25@example.org,Jane,Female,Basic,1
04803,beardleon@example.org,Daniel,Male,Standard,1
04804,jenniferferguson@example.net,Gail,Female,Basic,1
04805,ybrown@example.org,Mary,Other,Premium+,1
04806,briangonzalez@example.com,Jessica,Male,Premium,1
04807,ssimpson@example.net,Kelly,Male,Premium,1
04808,huertagregg@example.net,Sabrina,Male,Basic,1
04809,burnssandra@example.com,Alicia,Other,Premium,1
04810,oscar80@example.org,Christina,Female,Basic,0
04811,jacob33@example.com,Stephanie,Female,Premium,1
04812,robert67@example.com,Christopher,Male,Standard,1
04813,nicholas76@example.net,Deanna,Male,Premium+,1
04814,asimmons@example.org,Joseph,Male,Standard,1
04815,lloydlynn@example.net,Jane,Male,Standard,1
04816,ramireztroy@example.com,Wendy,Male,Standard,1
04817,susancoffey@example.org,Susan,Male,Premium,1
04818,david87@example.net,Brett,Male,Standard,1
04819,taylor62@example.org,Christopher,Female,Premium+,1
04820,nwise@example.net,Rebecca,Male,Basic,1
04821,beardanna@example.com,Christian,Female,Basic,1
04822,mikekim@example.com,Charles,Female,Standard,1
04823,hbradshaw@example.net,Tamara,Male,Standard,1
04824,imorrison@example.com,Laura,,Premium,1
04825,ericsmith@example.com,Haley,Male,Premium+,1
04826,pmaldonado@example.org,Sydney,Male,Standard,1
04827,jeffersondaniel@example.org,Karen,Male,Standard,1
04828,georgehenry@example.net,Pamela,Male,Premium,1
04829,psanchez@example.net,Ronald,Male,Standard,1
04830,dcastaneda@example.com,Robert,Other,Premium,1
04831,kellycallahan@example.com,Megan,Male,Premium,1
04832,bullockdebra@example.net,Jamie,Male,Basic,1
04833,jsimpson@example.org,Todd,Female,Premium,1
04834,marccalderon@example.org,Andrew,Female,Premium+,1
04835,brandon66@example.net,Andrew,Male,Premium+,1
04836,leekaylee@example.com,Amanda,Other,Premium,1
04837,briannadixon@example.com,Becky,Male,Premium,1
04838,nguyennicole@example.net,Richard,Female,Premium,1
04839,karinaferguson@example.com,Ryan,Male,Premium,1
04840,marcusbrown@example.org,James,Female,Premium+,1
04841,laurenstewart@example.org,Rachel,,Basic,1
04842,maynardangela@example.org,Joshua,Male,Premium,1
04843,justin95@example.net,Jessica,Male,Premium,1
04844,annettesharp@example.com,Dustin,Male,Premium,1
04845,gmitchell@example.net,Roger,Male,Premium,1
04846,chelseagreen@example.org,Rebecca,Male,Standard,1
04847,ycarter@example.org,Lawrence,Female,Premium+,1
04848,kellie36@example.org,Cathy,Female,Standard,1
04849,pperez@example.net,Hunter,Female,Standard,1
04850,marvinmartinez@example.net,Stephen,Male,Basic,1
04851,jennifer92@example.net,Joseph,Male,Premium+,1
04852,amanda87@example.com,Adam,Male,Standard,0
04853,ndelgado@example.org,Eric,Female,Standard,1
04854,alisonstone@example.net,Robert,Male,Premium,1
04855,ahouse@example.com,Lori,Male,Basic,1
04856,amymoore@example.com,Ashley,Male,Standard,1
04857,pamela51@example.org,Amanda,Male,Standard,0
04858,shaffermichael@example.org,Thomas,Female,Premium,1
04859,rogergomez@example.net,Ashley,Male,Basic,1
04860,patelandrea@example.org,Nathan,Female,Standard,1
04861,ashleygonzalez@example.org,Michael,Female,Premium,0
04862,colemanmark@example.org,Veronica,Male,Standard,1
04863,jamie23@example.org,David,Female,Premium,0
04864,kimberly67@example.com,Megan,Female,Premium,1
04865,daniellejones@example.org,Alexis,Male,Premium,1
04866,rgordon@example.org,Michael,Prefer not to say,Premium+,1
04867,kevinrandall@example.com,Anna,Female,Premium,1
04868,james07@example.com,Morgan,Female,Standard,1
04869,vwalters@example.org,Scott,,Premium,1
04870,uparker@example.org,Emily,Female,Premium,1
04871,fflores@example.com,Johnny,Male,Standard,1
04872,jmcclain@example.com,Nicole,Male,Standard,1
04873,dixonholly@example.org,Aimee,Female,Standard,1
04874,millerjoshua@example.net,Curtis,Female,Standard,1
04875,enelson@example.net,James,Female,Standard,1
04876,douglas74@example.net,Alex,Male,Premium,1
04877,leah87@example.org,Aaron,Male,Basic,1
04878,katherine32@example.com,Rebecca,Male,Standard,1
04879,mosskendra@example.net,Patrick,Male,Basic,1
04880,gloria42@example.org,Joseph,Female,Standard,1
04881,moniquegarza@example.org,Ronnie,Male,Premium,0
04882,nguyencarl@example.com,David,,Premium,1
04883,ychandler@example.com,Jessica,Female,Standard,0
04884,haley69@example.net,Jason,Other,Standard,1
04885,ericlewis@example.org,Joshua,Male,Premium+,1
04886,melissa66@example.com,Justin,Male,Premium,1
04887,fharris@example.com,Danielle,Female,Premium,1
04888,dvaughn@example.net,Joshua,Female,Basic,1
04889,nrice@example.com,David,Female,Standard,1
04890,fatkins@example.net,Diane,Female,Premium,0
04891,joshuasalas@example.com,Jennifer,,Basic,1
04892,susan70@example.net,Bryan,Female,Standard,1
04893,vanessa52@example.com,Ryan,Male,Basic,1
04894,cynthia74@example.net,Sandra,Male,Premium,1
04895,jennifer32@example.net,Lisa,Other,Basic,1
04896,ashley31@example.net,Robert,Female,Premium,1
04897,taylormartinez@example.net,Kristen,Male,Premium,1
04898,michael08@example.com,Benjamin,Female,Standard,1
04899,zwarner@example.com,Sandra,Male,Premium,1
04900,rachaelhenderson@example.net,Brendan,Male,Basic,1
04901,brandonlewis@example.net,Willie,Prefer not to say,Premium,1
04902,uhoward@example.com,Scott,Female,Standard,1
04903,alexander71@example.com,Spencer,Other,Premium,1
04904,michelle80@example.net,Teresa,Female,Standard,1
04905,xbuchanan@example.com,Lori,,Standard,0
04906,heatherbond@example.net,Matthew,Prefer not to say,Premium+,0
04907,nhill@example.com,Ryan,Female,Basic,1
04908,garciamichael@example.net,Candace,Female,Premium,1
04909,leslie36@example.com,Richard,,Premium,1
04910,mhorton@example.net,Donald,Other,Basic,0
04911,anita79@example.com,Tamara,Female,Premium,1
04912,kimberlymartinez@example.org,Brenda,Female,Basic,1
04913,qhuynh@example.org,Jose,Female,Premium+,1
04914,haley84@example.org,Kevin,Female,Premium,1
04915,mullenrebecca@example.org,Curtis,Female,Standard,1
04916,amanda38@example.net,Misty,Female,Standard,1
04917,juan11@example.com,Harold,Female,Basic,1
04918,burgesslori@example.org,Richard,Female,Standard,1
04919,justin28@example.org,Kyle,Male,Basic,1
04920,gerald96@example.org,Stacey,Female,Basic,1
04921,scottbartlett@example.net,Ryan,Male,Premium+,1
04922,rrivera@example.org,Joshua,Female,Standard,1
04923,edward30@example.com,Emma,Male,Premium,1
04924,lauren24@example.net,Paul,Prefer not to say,Standard,1
04925,darius11@example.com,Jared,Male,Premium,1
04926,schmidtjerry@example.org,Jeffrey,Female,Standard,1
04927,fallison@example.net,Paul,Male,Premium+,1
04928,lyonserin@example.net,Nancy,Male,Premium,0
04929,kingteresa@example.org,Marvin,,Premium,1
04930,yprice@example.com,Patricia,Female,Premium,1
04931,gilbertjoseph@example.net,Randy,Female,Basic,1
04932,jerry23@example.net,Michael,Male,Standard,1
04933,katherine60@example.com,Angela,Male,Basic,1
04934,denise80@example.com,Mary,Male,Basic,1
04935,pamelarodriguez@example.com,Kristine,Male,Standard,1
04936,mooremike@example.com,Matthew,Male,Premium,1
04937,scottjessica@example.org,Carol,Female,Premium,0
04938,melissaharris@example.org,Arthur,Male,Standard,1
04939,emma62@example.org,Heather,Male,Premium,1
04940,wgrant@example.net,Bryan,Female,Basic,1
04941,sawyerjennifer@example.net,William,Male,Premium,0
04942,breannayoung@example.com,Robert,Female,Standard,1
04943,xcox@example.net,Lauren,Female,Premium,0
04944,grobinson@example.org,William,Female,Standard,1
04945,murraykevin@example.net,Melissa,Female,Standard,0
04946,dtapia@example.com,Jennifer,Female,Premium,1
04947,jessicadavis@example.net,Adam,Male,Standard,1
04948,aharmon@example.com,Patrick,Female,Standard,1
04949,khartman@example.net,Wesley,Male,Basic,1
04950,aprileverett@example.com,Steven,Male,Premium+,1
04951,jeffery25@example.com,Michael,Female,Standard,1
04952,elizabeth90@example.org,Jennifer,Female,Premium,1
04953,bridget28@example.net,Angela,Male,Standard,0
04954,smithchad@example.org,Veronica,Male,Premium+,1
04955,bishopcrystal@example.com,Eddie,Female,Premium,1
04956,aortiz@example.com,Brett,Female,Standard,1
04957,willievaldez@example.com,Donald,Male,Standard,1
04958,andrew42@example.net,Paul,Female,Premium+,1
04959,kirbyanthony@example.org,Tyler,Female,Premium,1
04960,tiffanysanchez@example.net,Daniel,Male,Standard,1
04961,tanyanelson@example.net,Mark,Female,Standard,0
04962,htorres@example.net,Daniel,,Standard,1
04963,derrick14@example.com,Suzanne,Female,Premium,1
04964,vflores@example.org,Matthew,Female,Standard,1
04965,victoria25@example.net,Mary,Female,Standard,1
04966,courtneymiller@example.net,Brett,Female,Premium,1
04967,qcooper@example.org,Jesus,Female,Basic,1
04968,scott46@example.com,Douglas,Female,Premium,0
04969,oyoung@example.net,Amanda,Male,Premium,1
04970,palmersteven@example.com,David,Male,Premium,1
04971,tylervillanueva@example.org,Samuel,Male,Premium+,1
04972,greertammy@example.net,Tammy,Female,Standard,1
04973,cranecrystal@example.com,Elizabeth,Prefer not to say,Standard,0
04974,jenniferwilliams@example.org,Alexander,Male,Standard,1
04975,joshuawelch@example.org,Gary,Other,Basic,1
04976,dwaynedeleon@example.net,Holly,Male,Standard,1
04977,garymann@example.org,Christopher,Female,Standard,1
04978,donald00@example.net,Lori,Female,Standard,1
04979,calvarez@example.com,Fernando,Female,Standard,1
04980,cpoole@example.net,Andrew,Female,Premium+,1
04981,stephanietorres@example.net,Julia,Male,Premium+,0
04982,jenniferchavez@example.com,Mary,,Premium+,1
04983,lisafreeman@example.com,Erik,Female,Standard,1
04984,gjenkins@example.net,Paul,Female,Basic,1
04985,qnorris@example.net,Shaun,Male,Standard,1
04986,piercemark@example.org,Julie,Female,Basic,1
04987,jacqueline95@example.com,Kerry,Male,Premium,1
04988,dgarza@example.net,Caitlyn,Male,Premium,1
04989,nguyenmichele@example.net,Megan,Female,Premium,1
04990,jason26@example.org,John,Male,Premium,0
04991,rodriguezdeanna@example.com,Kristi,Female,Premium,1
04992,donald75@example.org,Kristina,Prefer not to say,Standard,1
04993,jgomez@example.net,Andrew,Female,Standard,1
04994,ruizjames@example.net,Andrew,Female,Premium,1
04995,teresa21@example.com,Robert,Male,Standard,1
04996,jclark@example.com,Timothy,Male,Standard,1
04997,travisbrown@example.net,Micheal,Male,Basic,0
04998,pettylinda@example.org,Edward,Other,Standard,1
04999,rachelrosales@example.com,Matthew,Male,Standard,1
05000,wigginsdaniel@example.com,Amanda,Male,Standard,1
05001,dhamilton@example.net,Daniel,Male,Premium,1
05002,richard58@example.com,Christopher,Female,Premium,0
05003,jleach@example.net,Nathaniel,Female,Basic,1
05004,matthew96@example.net,Jeremy,Female,Premium,1
05005,gardnerjohn@example.net,Amanda,Female,Standard,1
05006,ann91@example.net,Megan,Female,Standard,1
05007,dbrown@example.org,Raymond,Male,Basic,0
05008,tiffanylucero@example.com,Sydney,Male,Premium,1
05009,angelaharvey@example.com,Lance,Male,Basic,0
05010,reeveslogan@example.net,Jeffery,Male,Basic,1
05011,luislong@example.org,Melissa,,Premium,1
05012,ryancurry@example.org,Brian,Female,Premium+,1
05013,kclements@example.org,Yesenia,Male,Standard,1
05014,matthew55@example.com,Alexander,Male,Premium,1
05015,henryronald@example.org,Summer,Male,Premium,1
05016,erinnguyen@example.org,Austin,Female,Standard,1
05017,andersonjoseph@example.org,Lisa,Prefer not to say,Basic,1
05018,kathypierce@example.net,Amanda,Prefer not to say,Standard,1
05019,lyonsbecky@example.net,Caitlin,Male,Premium,1
05020,kaitlyn34@example.com,Christopher,Male,Premium,1
05021,andersonjoseph@example.com,Alexandra,,Standard,1
05022,robertselizabeth@example.com,Jesse,Male,Premium,0
05023,isaacmarshall@example.net,Manuel,Female,Premium,1
05024,rchoi@example.net,Kendra,Female,Premium,1
05025,joshua23@example.net,Alec,Male,Premium,1
05026,jmiller@example.org,Mariah,Other,Premium,1
05027,paultownsend@example.com,Samuel,Female,Premium+,1
05028,onealjohn@example.net,Jerry,Male,Premium,1
05029,nicolebrown@example.org,Nancy,Male,Premium,1
05030,ahiggins@example.org,Lindsey,Male,Standard,0
05031,glarsen@example.com,Jose,Female,Standard,1
05032,williamsmallory@example.com,Carolyn,Female,Standard,1
05033,daniellewise@example.net,Sandra,Female,Premium,1
05034,jesussmith@example.org,Paige,Male,Basic,1
05035,mpark@example.net,Rodney,Male,Premium,1
05036,colesara@example.com,Richard,Prefer not to say,Basic,1
05037,jason66@example.org,Bradley,Prefer not to say,Standard,1
05038,zlee@example.net,Leslie,Female,Basic,1
05039,heidi31@example.org,Alyssa,Female,Premium+,1
05040,cantubrenda@example.com,Gerald,,Standard,0
05041,joseph40@example.com,Katherine,Female,Standard,1
05042,ngarcia@example.net,Jennifer,Male,Basic,1
05043,mwells@example.com,Jennifer,Female,Premium,0
05044,smithjoseph@example.net,Lauren,Male,Standard,1
05045,haynesjoshua@example.org,Joseph,Female,Premium,0
05046,cwalker@example.com,Gregory,Male,Premium,1
05047,vreynolds@example.org,David,Female,Standard,1
05048,owilson@example.org,Charles,Female,Standard,1
05049,oharvey@example.com,Kimberly,Male,Premium,0
05050,martinnathaniel@example.org,William,Male,Standard,0
05051,charlesfleming@example.org,Thomas,Male,Premium+,1
05052,wortiz@example.org,Kenneth,Female,Premium,1
05053,pzhang@example.net,Jessica,Female,Basic,1
05054,obaird@example.org,Angela,Female,Premium,1
05055,rickywebb@example.com,Eric,Male,Premium+,1
05056,rodneypacheco@example.com,Brooke,Female,Basic,1
05057,ronaldgonzalez@example.org,Thomas,Female,Standard,1
05058,mcbridediane@example.net,Daniel,Female,Premium,1
05059,gthompson@example.com,Jesus,Prefer not to say,Premium,1
05060,dylanbrown@example.org,Erin,Other,Premium,1
05061,qjones@example.org,Patrick,Prefer not to say,Premium+,1
05062,hwilcox@example.net,Luke,Female,Basic,1
05063,stacyward@example.org,Frank,Other,Premium+,1
05064,boydstephen@example.org,Zachary,Male,Basic,1
05065,reynoldsshane@example.org,Jennifer,Female,Premium,1
05066,greenealexander@example.net,Patricia,Male,Premium,1
05067,darrell62@example.org,Jillian,Male,Standard,1
05068,paulpeterson@example.org,Jill,Male,Premium,1
05069,jill04@example.net,Brian,Other,Basic,1
05070,arthur60@example.org,Sarah,Female,Standard,1
05071,kimberly38@example.org,Emily,Female,Basic,1
05072,bradleymason@example.net,Dawn,Male,Basic,1
05073,nwilliams@example.com,Jennifer,Female,Premium,1
05074,bruceroberto@example.net,Michael,Female,Premium+,1
05075,bernard44@example.net,Jessica,Other,Premium+,1
05076,jonathan25@example.org,Logan,Female,Premium,0
05077,marc86@example.net,Philip,Other,Standard,0
05078,mdavidson@example.com,Kathryn,Male,Basic,1
05079,barnesdaniel@example.org,Jacqueline,,Premium,1
05080,mezatimothy@example.net,Eric,Female,Premium,1
05081,hallwilliam@example.com,Amy,Other,Premium,1
05082,ochase@example.net,Tammy,Male,Premium,1
05083,butlerjason@example.net,Matthew,Male,Basic,1
05084,adkinsmichael@example.com,James,,Premium,1
05085,rachel05@example.net,Elizabeth,Other,Premium+,1
05086,burnettjohn@example.com,Cheryl,Male,Premium,0
05087,foxbrent@example.org,David,Female,Standard,1
05088,sean95@example.net,Andrew,Female,Premium,1
05089,chaneyjennifer@example.net,Richard,Female,Premium,1
05090,vhamilton@example.org,Russell,Male,Standard,1
05091,laura65@example.org,Cynthia,Female,Standard,0
05092,patrick10@example.org,Ernest,,Premium,1
05093,wilsonvirginia@example.net,Xavier,Female,Premium,1
05094,david38@example.com,Cheyenne,Male,Premium,1
05095,davisbrandon@example.net,Emily,Female,Standard,1
05096,hharvey@example.net,Katie,Female,Standard,1
05097,oliviahall@example.org,Kelli,,Standard,1
05098,james24@example.org,Michelle,Female,Premium,1
05099,chungbrian@example.net,Rachel,Male,Premium,1
05100,carlosmcdonald@example.com,Michael,Female,Premium+,1
05101,rowen@example.com,Nicole,,Premium+,1
05102,dberry@example.org,Christina,Other,Premium+,1
05103,jared44@example.net,Kathryn,Male,Premium,1
05104,goodwinsarah@example.org,Andrew,,Basic,0
05105,nmorgan@example.net,Seth,Prefer not to say,Premium,1
05106,ramirezelizabeth@example.net,William,Male,Premium,0
05107,suzannegarrett@example.com,April,Female,Standard,1
05108,matthewaguilar@example.org,Kevin,,Premium+,1
05109,kevinsmith@example.net,Brandon,Female,Premium,1
05110,williamsrebecca@example.net,Trevor,Female,Standard,1
05111,jeremywatson@example.net,Kathleen,Female,Premium,1
05112,denise74@example.org,Tyler,Female,Premium,1
05113,lanepeter@example.net,Alexandria,Male,Basic,1
05114,bishopjohn@example.net,Cassandra,Female,Standard,0
05115,anita08@example.org,Caleb,Female,Premium,1
05116,brandi54@example.org,Jodi,Male,Standard,1
05117,paulkelly@example.net,Jason,Female,Premium,0
05118,colemanrobert@example.com,Lisa,Male,Standard,1
05119,margaret62@example.com,Jacqueline,Other,Premium+,0
05120,karen12@example.net,Emily,,Premium,0
05121,hgibson@example.org,Daniel,Female,Standard,1
05122,perryvictoria@example.net,Melissa,Female,Premium,1
05123,brendaduncan@example.com,Wendy,Female,Standard,1
05124,hhunter@example.org,Stefanie,Female,Standard,1
05125,dennis87@example.com,Kimberly,Female,Premium+,0
05126,umoyer@example.org,Steven,Female,Basic,1
05127,hamiltonshelley@example.net,Kyle,Female,Standard,1
05128,ycarlson@example.org,Carol,Female,Standard,1
05129,brenda51@example.net,Timothy,Female,Standard,1
05130,jeffreyboyer@example.net,James,Male,Standard,1
05131,kevin59@example.org,Carl,Female,Premium,1
05132,laurazamora@example.net,Jessica,Male,Standard,1
05133,jasonwalsh@example.net,Spencer,,Premium+,0
05134,jareddoyle@example.net,James,Prefer not to say,Standard,1
05135,hojohn@example.org,Melissa,Female,Premium+,0
05136,kelly12@example.com,Brent,Male,Standard,1
05137,zachary85@example.com,Debra,Male,Basic,1
05138,johnsonpatricia@example.org,Kristin,Other,Premium,1
05139,pgonzalez@example.com,Julia,Male,Premium,1
05140,rodriguezmichelle@example.net,Maria,Female,Premium,0
05141,clifford16@example.net,Annette,Male,Premium,1
05142,brownandrew@example.net,Tracy,Female,Premium,1
05143,anna78@example.org,Christina,Female,Standard,1
05144,thomassmith@example.org,Patricia,Female,Premium,0
05145,weberkenneth@example.net,Sarah,Male,Premium,0
05146,jared59@example.com,Edwin,Female,Standard,1
05147,thomas05@example.com,Rose,Female,Premium,1
05148,ebrown@example.org,Maria,,Premium,1
05149,enichols@example.net,Paul,Male,Standard,1
05150,jonathan38@example.org,Sean,Male,Basic,1
05151,pcampbell@example.org,Maria,Female,Basic,1
05152,pattersonhaley@example.com,Gabriel,Male,Standard,1
05153,lawrence13@example.org,Carrie,Female,Basic,1
05154,ogalvan@example.org,Jose,Male,Basic,1
05155,sellerstaylor@example.org,Jacqueline,Female,Premium,1
05156,colleenmcgrath@example.com,Nicholas,Male,Standard,1
05157,andrewbrady@example.org,Mark,Female,Premium,0
05158,dweeks@example.org,Jeffrey,Male,Standard,1
05159,jessica97@example.org,Kimberly,Male,Premium,1
05160,benjaminross@example.org,Matthew,Male,Basic,1
05161,whoward@example.org,Sarah,Male,Premium,1
05162,joshuahernandez@example.com,Kelly,Other,Basic,0
05163,nelsonjohn@example.com,Roger,Male,Standard,1
05164,mmatthews@example.com,Megan,Female,Standard,1
05165,rebeccamartin@example.org,Michele,Male,Basic,1
05166,thomasrollins@example.net,Mary,Female,Standard,0
05167,ethan38@example.com,Jennifer,Prefer not to say,Standard,1
05168,sean73@example.net,Rebecca,Prefer not to say,Premium,1
05169,pcombs@example.net,Jeffrey,Male,Standard,1
05170,dianebentley@example.net,Matthew,Female,Basic,1
05171,sullivanjonathan@example.com,Mary,Female,Premium,1
05172,zkelly@example.com,Michael,Female,Basic,1
05173,alandorsey@example.net,Colin,,Standard,0
05174,stephensyolanda@example.com,Tina,Male,Premium,1
05175,ashley10@example.net,Julia,Male,Basic,0
05176,michaelgraves@example.com,Paula,Male,Premium,1
05177,colemanjacob@example.org,Michael,Female,Premium,1
05178,anthony03@example.com,Kathryn,Female,Premium,1
05179,dustinlowery@example.net,Alex,Prefer not to say,Premium,1
05180,hodgeskelly@example.net,Debbie,Male,Standard,1
05181,logan49@example.net,Danielle,Male,Premium,1
05182,jerry45@example.net,Cassandra,Male,Standard,1
05183,mstafford@example.org,James,,Premium,0
05184,barbaragarcia@example.org,Eric,Female,Premium,1
05185,stevenromero@example.org,Victoria,Other,Premium,0
05186,usmith@example.org,Danielle,Male,Premium,0
05187,bakermichele@example.org,Jeanne,Male,Basic,1
05188,collinshailey@example.net,James,Male,Premium+,1
05189,james10@example.org,Patricia,Female,Premium,1
05190,leetiffany@example.org,Brian,Female,Premium,1
05191,jessica85@example.com,Kayla,Female,Premium,0
05192,lfreeman@example.com,Mark,Prefer not to say,Premium+,1
05193,kellyhuang@example.com,Gabrielle,Male,Standard,1
05194,hernandezmelissa@example.com,Jerry,Male,Standard,1
05195,lholder@example.net,Traci,Female,Standard,1
05196,joshuamartinez@example.com,Jennifer,Male,Premium,0
05197,elizabeth55@example.com,Jacqueline,Female,Standard,1
05198,ashley72@example.com,Lauren,Female,Standard,1
05199,vincentthomas@example.com,Michael,,Premium+,0
05200,hgardner@example.com,Shelly,Female,Standard,1
05201,hbrewer@example.com,Michelle,Male,Standard,1
05202,roybuchanan@example.net,Brian,Male,Premium,1
05203,sarah95@example.net,Pamela,Male,Premium,1
05204,jballard@example.net,Jamie,Male,Premium,1
05205,karen03@example.org,Nathaniel,Male,Premium,1
05206,lthomas@example.com,Ann,Female,Basic,1
05207,hsantos@example.com,Jason,Female,Standard,1
05208,johnsonjerry@example.com,Cheyenne,Female,Premium,1
05209,mmccann@example.org,Nichole,Female,Basic,0
05210,dixonomar@example.org,Bruce,Prefer not to say,Premium,1
05211,jonathannichols@example.org,Joshua,Other,Premium,1
05212,walshmichael@example.com,Tina,Male,Premium,1
05213,perezchristopher@example.com,Jocelyn,Prefer not to say,Premium+,1
05214,oclarke@example.net,Allison,Female,Premium,0
05215,wdillon@example.org,Miranda,Prefer not to say,Standard,1
05216,farleyandrew@example.net,Kimberly,Male,Premium,1
05217,acook@example.com,Elizabeth,Male,Premium,0
05218,rmorales@example.com,Taylor,Female,Standard,1
05219,bgray@example.com,Casey,Female,Premium+,1
05220,jeffrey40@example.net,Anthony,,Basic,1
05221,joshua92@example.org,Jonathan,Male,Standard,1
05222,lrollins@example.org,Abigail,Male,Standard,1
05223,nfrench@example.org,Warren,Prefer not to say,Premium,1
05224,mercedes90@example.org,Joann,Female,Standard,1
05225,wendy82@example.com,Kerri,Male,Standard,1
05226,brenda64@example.com,Rebecca,Male,Premium,1
05227,scottwhitney@example.net,Charles,Male,Standard,1
05228,nmiller@example.net,John,Female,Basic,1
05229,ethompson@example.net,Chad,Male,Premium,0
05230,thomasrobert@example.com,Lance,Female,Standard,1
05231,carolgutierrez@example.net,Joyce,Female,Premium,1
05232,kimberly02@example.com,Matthew,Female,Premium,1
05233,shirley62@example.com,Brittany,Male,Premium+,1
05234,christopher86@example.org,Barbara,Female,Standard,0
05235,patricia87@example.org,Robert,Female,Premium,1
05236,kbarnett@example.com,Tracy,Male,Premium,1
05237,fletcherwendy@example.net,Heidi,,Basic,1
05238,morgan81@example.com,Joshua,Male,Premium,1
05239,kirbyjennifer@example.net,Heather,Female,Premium,1
05240,zschaefer@example.org,Earl,Female,Standard,1
05241,brandon43@example.com,Elizabeth,Other,Standard,1
05242,autumnellis@example.net,John,Male,Basic,1
05243,tperez@example.org,Alyssa,Male,Standard,1
05244,catherine73@example.org,Sandra,Male,Basic,1
05245,tyler29@example.net,Gary,Male,Standard,0
05246,schwartzjames@example.org,Anna,Male,Premium,1
05247,manuelknapp@example.com,Elizabeth,Female,Premium,1
05248,paulfoster@example.com,Matthew,Female,Premium,1
05249,austin82@example.net,Chelsey,Male,Premium,1
05250,tyler45@example.net,Nancy,Female,Standard,1
05251,edawson@example.org,Karen,Female,Premium,1
05252,paula90@example.com,Jennifer,Male,Premium,1
05253,wongwilliam@example.org,Christopher,Other,Basic,1
05254,joshuaterry@example.com,Megan,Prefer not to say,Premium,1
05255,frankmorales@example.org,Samuel,,Standard,1
05256,madisoncarney@example.org,Sheila,Male,Premium+,1
05257,michael17@example.org,Dawn,Female,Basic,1
05258,pamela23@example.org,Carl,,Basic,1
05259,gregoryfuentes@example.com,Joseph,,Standard,1
05260,davidvillanueva@example.org,Karen,Female,Premium,0
05261,jonathanknox@example.org,John,Male,Basic,1
05262,abigail07@example.com,Kathleen,,Standard,1
05263,rwade@example.org,Michael,Other,Standard,0
05264,donaldsonnatasha@example.org,John,Female,Premium,1
05265,hallcory@example.net,Abigail,Male,Standard,1
05266,roy65@example.net,Robert,Male,Standard,1
05267,shannon95@example.org,Brandon,Male,Premium,0
05268,lkim@example.com,Chad,Female,Premium,1
05269,riverakatherine@example.net,William,Male,Premium+,1
05270,nsingh@example.com,Christopher,Male,Basic,1
05271,denisegreer@example.org,Jared,Male,Premium+,1
05272,zgarcia@example.net,Jim,Prefer not to say,Standard,1
05273,carlsonmark@example.org,Thomas,Prefer not to say,Basic,1
05274,warrenamber@example.org,Michael,,Standard,1
05275,qgraham@example.org,Christopher,,Premium+,1
05276,jenniferrichardson@example.org,Brenda,Male,Standard,1
05277,jimmy85@example.com,Anthony,Female,Basic,1
05278,donnahartman@example.org,Derek,Male,Standard,1
05279,davidperez@example.org,Michael,Female,Basic,1
05280,aarongreen@example.org,Kelly,Female,Premium,1
05281,kellywheeler@example.com,Kaylee,Other,Premium,1
05282,marcia30@example.com,Krista,Male,Standard,1
05283,jelliott@example.org,Ann,Male,Standard,1
05284,pmartin@example.net,Cynthia,Female,Premium,1
05285,sarahlee@example.net,Julia,Female,Standard,0
05286,danielenglish@example.net,Monique,Male,Standard,0
05287,shawn28@example.net,Christina,Male,Premium,1
05288,nicole81@example.net,Eric,Male,Standard,1
05289,warrenadam@example.com,Nichole,,Standard,1
05290,hjones@example.com,Kathryn,Female,Premium+,1
05291,bzimmerman@example.net,Cory,Other,Standard,1
05292,cainjeremy@example.com,Jean,Male,Premium,1
05293,seanduffy@example.com,Brett,Male,Premium,1
05294,meyerangela@example.net,Natalie,Female,Standard,1
05295,zacharyyang@example.com,Emily,Female,Basic,1
05296,christinawilkins@example.net,Patrick,Male,Basic,1
05297,anthonybrooks@example.net,Shane,Male,Standard,0
05298,qanderson@example.org,Sarah,Male,Standard,1
05299,aedwards@example.com,Katherine,,Premium,1
05300,alvarezdwayne@example.com,Ronald,Male,Premium+,1
05301,daniellemartinez@example.org,Isaiah,Male,Basic,1
05302,powellmark@example.com,John,Male,Standard,1
05303,cellis@example.net,Philip,Female,Standard,1
05304,kristy44@example.net,Isaiah,Male,Premium,1
05305,thomassmith@example.net,Regina,Other,Premium,0
05306,oconnorthomas@example.net,Laurie,Female,Standard,0
05307,jessicahiggins@example.com,David,Male,Premium,1
05308,roy09@example.org,Nancy,Female,Premium,1
05309,stewartamy@example.org,Willie,Female,Premium,1
05310,jacksonlevi@example.net,Jeremy,Male,Basic,1
05311,zbarnes@example.net,Stephanie,Female,Premium,1
05312,jasonrobinson@example.org,Jonathan,Female,Premium,0
05313,fedwards@example.com,Samuel,Male,Standard,0
05314,kimberlyrose@example.org,John,Female,Standard,0
05315,rchung@example.com,Brian,Other,Premium+,1
05316,swalker@example.com,Jennifer,Other,Premium,1
05317,ericpalmer@example.net,Denise,Male,Standard,0
05318,patricia13@example.net,Steven,Female,Premium,1
05319,wadeisaac@example.net,James,Male,Basic,1
05320,dana94@example.com,Gary,,Basic,1
05321,simmonsjohn@example.org,Duane,Male,Premium,0
05322,bryancampos@example.com,Emily,Male,Standard,1
05323,chase86@example.com,Dominic,Other,Standard,1
05324,urivera@example.com,Heather,Other,Premium,1
05325,phillipwood@example.org,James,,Basic,1
05326,gpearson@example.net,Paul,Female,Standard,1
05327,robbinspaula@example.com,Elizabeth,Female,Standard,1
05328,richardpaul@example.org,Mason,Female,Premium+,1
05329,tamararichards@example.net,Timothy,Male,Standard,1
05330,mgreene@example.org,Ralph,Male,Premium,1
05331,mitchellkristin@example.net,Robin,Female,Standard,1
05332,jefferymoreno@example.org,Donna,Female,Premium+,1
05333,jonathanbailey@example.com,Carla,,Standard,1
05334,rachaelstout@example.net,Nicole,Male,Premium,0
05335,jaime37@example.net,Deborah,Female,Basic,1
05336,sbruce@example.org,Linda,Prefer not to say,Premium,1
05337,williamsanders@example.org,David,Male,Premium+,1
05338,timothyleonard@example.org,James,Male,Standard,0
05339,holly61@example.org,Todd,Male,Premium,1
05340,castillojessica@example.net,Robert,Female,Premium,1
05341,danielrodriguez@example.org,Jeremy,Male,Basic,1
05342,joshuabeck@example.org,Kevin,Male,Standard,1
05343,campbellanita@example.com,Carolyn,Male,Premium,1
05344,scottangelica@example.com,Stephanie,Male,Standard,1
05345,jamie89@example.net,Ashley,Female,Basic,0
05346,natashahardin@example.com,Christopher,Female,Premium,1
05347,cindymontes@example.com,James,Female,Premium,1
05348,cabrerarobert@example.com,Adrian,,Standard,1
05349,christopherwarren@example.org,Brian,Female,Standard,1
05350,dawn07@example.com,Drew,Male,Premium+,1
05351,nguyenpeter@example.net,Katherine,Male,Basic,1
05352,morselaura@example.org,Katherine,Male,Premium,0
05353,devinthomas@example.net,Steven,,Standard,1
05354,sarah62@example.com,Darlene,Male,Basic,1
05355,joshuawood@example.net,Peggy,Male,Premium+,1
05356,elizabeth45@example.net,Wayne,Other,Standard,0
05357,stephensmith@example.net,Richard,Male,Basic,1
05358,lorilewis@example.com,Christopher,Male,Premium+,1
05359,zburke@example.com,Jeremiah,,Basic,1
05360,thomas20@example.net,Amanda,Female,Standard,1
05361,zbeck@example.com,Carol,Female,Premium,1
05362,bbailey@example.net,Holly,Male,Premium,1
05363,johnmarsh@example.net,Kim,Male,Premium,1
05364,brownrobert@example.net,Thomas,Female,Basic,1
05365,millerstephanie@example.org,Kelly,Female,Standard,1
05366,helentrujillo@example.org,Robert,Female,Premium,1
05367,darinharris@example.com,Gilbert,Male,Premium+,1
05368,omckenzie@example.org,Donald,Female,Basic,0
05369,jeremygonzalez@example.net,Frederick,Male,Premium,1
05370,victor74@example.com,Alexander,Male,Basic,1
05371,katherine94@example.com,Brian,Male,Premium+,1
05372,zberry@example.org,Cynthia,Prefer not to say,Premium,1
05373,rcole@example.net,Christopher,,Standard,1
05374,kevin48@example.org,Tammy,Female,Standard,1
05375,diana30@example.com,Elizabeth,Male,Premium,1
05376,garciathomas@example.com,Christie,Male,Premium,1
05377,baldwinandrew@example.org,Debra,,Standard,1
05378,jeffery89@example.net,Brian,Other,Premium,1
05379,elizabethhobbs@example.com,Jessica,Female,Premium,1
05380,noblephillip@example.com,Tina,Male,Premium,1
05381,tmoss@example.com,Austin,Female,Premium,1
05382,jimenezcourtney@example.net,Mia,,Premium,1
05383,richardvaughn@example.org,Timothy,Female,Standard,1
05384,nmartin@example.net,Zachary,Female,Standard,1
05385,kyle35@example.com,Zachary,Male,Standard,1
05386,jesse87@example.org,Justin,Female,Premium+,1
05387,bradshawlisa@example.org,Melissa,,Premium,1
05388,cathy36@example.net,Brandon,Female,Premium,1
05389,iwalker@example.org,Samantha,Female,Standard,1
05390,kmartinez@example.net,Andres,Female,Premium,1
05391,hartmanbenjamin@example.org,Julie,Male,Basic,1
05392,mary76@example.net,Steven,Other,Premium+,1
05393,troywilliams@example.com,Juan,Male,Standard,1
05394,jessicasnyder@example.com,Jared,Male,Basic,1
05395,julia14@example.net,Joyce,Male,Standard,1
05396,hendersonamanda@example.net,Anthony,Female,Basic,1
05397,oconnelljennifer@example.net,Andrew,Male,Standard,1
05398,andrea13@example.net,Beverly,Female,Premium,0
05399,bondamanda@example.net,Juan,Female,Standard,1
05400,laura33@example.org,Jared,Male,Premium,1
05401,sparksgary@example.net,Dawn,Prefer not to say,Standard,1
05402,james58@example.com,David,Female,Premium,1
05403,kdavenport@example.net,Stacey,,Standard,0
05404,gonzalesdawn@example.com,Calvin,,Premium,1
05405,lisa34@example.net,Frank,Female,Standard,1
05406,jennifer78@example.net,Jason,Female,Standard,1
05407,cheryl95@example.net,Ruth,Female,Basic,1
05408,miguelanderson@example.com,Jennifer,Female,Premium,1
05409,montoyaronald@example.net,Jessica,,Premium,1
05410,kellimcclain@example.org,Erika,Male,Premium+,0
05411,baxterjared@example.net,Ann,Male,Premium,1
05412,wmiller@example.net,Ashley,Female,Premium,1
05413,maryjohnson@example.net,Jeanette,Male,Basic,1
05414,juliebooker@example.com,Brad,Female,Basic,1
05415,hernandezalan@example.com,Brittany,Female,Premium,1
05416,joshuajames@example.com,Adam,Female,Premium,1
05417,eford@example.org,Kenneth,Female,Standard,1
05418,sandracurry@example.org,Andrea,Female,Premium,1
05419,nknight@example.org,Phillip,Female,Basic,1
05420,devin58@example.net,Jenny,Male,Standard,1
05421,mitchelledward@example.net,Chelsea,Female,Standard,1
05422,lthomas@example.com,Mary,Male,Standard,1
05423,boylejoseph@example.net,David,Female,Basic,0
05424,mark16@example.com,Julie,Male,Premium+,1
05425,ferrellfernando@example.com,Shelley,Male,Premium,1
05426,gabrielbenson@example.org,Robin,Prefer not to say,Standard,0
05427,tking@example.org,Jennifer,Female,Standard,1
05428,jacob97@example.net,Nichole,Male,Standard,0
05429,toni88@example.com,Justin,Prefer not to say,Standard,1
05430,russell56@example.com,Amber,Male,Standard,1
05431,meadowsthomas@example.com,Lindsey,Female,Standard,1
05432,jeffrey04@example.net,Michael,Male,Premium,1
05433,wolflinda@example.com,Bryan,Female,Basic,1
05434,mitchell70@example.net,Miranda,,Standard,1
05435,kim09@example.com,Crystal,Female,Basic,0
05436,angelamason@example.com,Amber,Male,Standard,1
05437,william06@example.org,Taylor,Female,Premium,1
05438,sharon84@example.org,Laura,Female,Standard,1
05439,bdixon@example.org,Marcus,Male,Standard,1
05440,bridgetbaker@example.net,Manuel,Male,Standard,1
05441,jennaholland@example.com,Bailey,Female,Standard,0
05442,pramos@example.com,Lori,Male,Standard,1
05443,michaelchen@example.net,Carlos,Female,Premium+,1
05444,turnerdaniel@example.com,Morgan,Male,Premium,1
05445,dcarter@example.net,Cody,Male,Basic,0
05446,pharrington@example.net,Ryan,Male,Premium+,1
05447,webercarrie@example.org,William,Female,Basic,1
05448,vyang@example.net,Brandi,Male,Premium,1
05449,jthompson@example.net,Andrew,Female,Premium,1
05450,othompson@example.com,Diamond,Female,Premium,0
05451,imartinez@example.org,Isaiah,Other,Basic,1
05452,sstone@example.net,Melanie,Female,Premium,1
05453,alexander18@example.net,Heather,Other,Premium,1
05454,joshua06@example.com,Ricky,Male,Standard,1
05455,manuel37@example.com,Joanna,Male,Premium+,1
05456,martineznicole@example.org,Sarah,Prefer not to say,Premium,1
05457,deborah53@example.com,Scott,,Standard,1
05458,uconrad@example.com,Joseph,Female,Basic,1
05459,awilliams@example.org,John,Female,Premium,1
05460,nicholasyoung@example.org,Richard,Female,Basic,1
05461,hailey14@example.org,Bob,Female,Premium,1
05462,patricia75@example.com,Wendy,Male,Premium+,1
05463,ashleydavid@example.net,Brandi,Female,Standard,1
05464,williamcannon@example.org,Melissa,Female,Basic,1
05465,sanchezerin@example.net,Robert,Female,Standard,1
05466,jason31@example.com,Robert,Female,Premium,1
05467,johnsonamy@example.org,Charles,Female,Premium,1
05468,shawnasmith@example.org,Kathleen,Female,Premium,0
05469,ortizashley@example.net,Priscilla,Female,Standard,0
05470,walvarez@example.com,Vicki,Female,Standard,1
05471,licarrie@example.net,Ryan,Female,Standard,1
05472,greenchristopher@example.org,Micheal,Male,Premium,1
05473,plee@example.org,Elizabeth,Male,Premium,1
05474,freytammy@example.net,Nicole,Prefer not to say,Standard,0
05475,mdavis@example.com,Hannah,Female,Standard,1
05476,lauren65@example.org,Melissa,Female,Standard,1
05477,steven41@example.com,Donna,Female,Premium,1
05478,lawsonwilliam@example.org,Dustin,Other,Standard,1
05479,markbright@example.org,Ralph,Female,Standard,1
05480,martingregory@example.net,Nicole,Female,Premium+,1
05481,michelle31@example.org,Stephanie,Prefer not to say,Standard,1
05482,posborn@example.org,Anna,Other,Premium,1
05483,johnsonroger@example.com,Linda,Male,Standard,1
05484,kellygilbert@example.net,Lori,Male,Premium,1
05485,rhodeskevin@example.org,William,Female,Premium,1
05486,daniel40@example.com,Kevin,Female,Basic,1
05487,wdiaz@example.com,Christopher,Female,Premium+,1
05488,steven00@example.com,Clinton,Female,Standard,1
05489,andrea31@example.com,Lisa,Female,Standard,1
05490,atkinsterry@example.org,Bill,Male,Premium+,1
05491,lindsay12@example.net,Jennifer,Female,Standard,1
05492,heidi69@example.org,Debra,Male,Standard,1
05493,cpayne@example.org,Jacob,Male,Premium,0
05494,marshgina@example.net,Mark,Female,Basic,1
05495,daniel25@example.com,Adam,Male,Standard,1
05496,bshepherd@example.com,Ashley,Male,Premium,1
05497,cbrown@example.net,Christopher,Female,Premium,1
05498,qgarcia@example.org,Jeanne,Female,Standard,1
05499,tguerrero@example.net,Angela,Female,Standard,0
05500,robertspaul@example.com,Paula,Male,Premium,1
05501,qpeterson@example.net,Scott,Male,Standard,1
05502,ptorres@example.org,Anne,Female,Premium+,1
05503,georgedillon@example.net,Kristy,Male,Premium,1
05504,jolson@example.org,Kimberly,Male,Basic,1
05505,walkerbryan@example.net,Linda,Female,Premium,1
05506,dawn09@example.net,John,Male,Standard,1
05507,turnerbeverly@example.org,Steven,Male,Premium,1
05508,evelynroth@example.net,Paul,Male,Standard,1
05509,uroth@example.org,Richard,Female,Standard,0
05510,jesse37@example.net,Karen,,Premium,1
05511,matthew98@example.org,Gwendolyn,Prefer not to say,Basic,1
05512,foxnicholas@example.com,Matthew,Male,Premium,1
05513,freyes@example.com,Allison,,Basic,1
05514,myerskenneth@example.com,Mariah,Female,Standard,1
05515,kwood@example.org,Anne,Female,Basic,0
05516,thomas08@example.com,Brian,Female,Premium,1
05517,jesse41@example.org,Kendra,Female,Standard,1
05518,tmann@example.org,James,,Standard,1
05519,justin82@example.net,April,Male,Basic,0
05520,sdavis@example.org,Megan,Female,Basic,0
05521,doylealexander@example.com,Hannah,Female,Premium,0
05522,jimenezjohn@example.org,Matthew,Male,Basic,1
05523,orrkeith@example.com,Holly,Female,Basic,1
05524,greeneabigail@example.com,Jason,,Basic,1
05525,jeffrey32@example.com,James,Prefer not to say,Premium,1
05526,imitchell@example.org,Donna,Male,Premium,1
05527,crystal13@example.org,Jessica,Female,Premium+,1
05528,kimberly81@example.com,Maria,Male,Premium,1
05529,carl31@example.com,Marie,Male,Standard,0
05530,kennethperez@example.com,Christopher,Female,Premium,0
05531,wkelly@example.org,Lori,Male,Standard,1
05532,hwilson@example.org,Tiffany,Prefer not to say,Basic,1
05533,pmunoz@example.org,Mariah,,Premium,1
05534,rodriguezdenise@example.net,Jeffrey,Other,Premium+,1
05535,andrew21@example.com,Evelyn,Male,Basic,1
05536,zward@example.org,Michelle,Female,Standard,0
05537,kellyjohnny@example.org,Kristen,Female,Basic,1
05538,jacksonkathleen@example.org,Leonard,Female,Premium,1
05539,scottrowe@example.com,Kevin,Male,Standard,1
05540,obass@example.com,Zachary,Female,Basic,1
05541,herringkatherine@example.net,Alexandria,Female,Standard,1
05542,gonzalesangela@example.org,Patricia,Female,Standard,0
05543,perry56@example.org,Brandi,Male,Standard,1
05544,wsilva@example.net,Justin,Female,Premium,1
05545,davischristina@example.com,Jose,Female,Premium,1
05546,blairsabrina@example.net,Angela,Male,Basic,1
05547,davidcombs@example.net,Brenda,Female,Standard,1
05548,kthompson@example.net,Harry,,Premium,1
05549,ymorgan@example.net,Randy,Male,Basic,1
05550,toddsanchez@example.org,Teresa,,Basic,1
05551,pwilliams@example.org,Kevin,Male,Standard,1
05552,tinaortega@example.org,Christopher,Male,Premium,0
05553,brandonpeters@example.org,Andrew,Female,Basic,0
05554,douglascline@example.net,Brittney,Female,Premium,1
05555,gilbertamy@example.com,Samantha,Female,Premium,1
05556,tara02@example.net,Heather,Male,Premium+,1
05557,jason65@example.net,Thomas,Female,Premium,1
05558,wgriffin@example.net,Rhonda,Female,Premium,1
05559,mary86@example.net,Martin,Female,Standard,1
05560,hernandeztammy@example.net,Maria,Other,Premium+,1
05561,matthewwagner@example.net,Kimberly,Female,Standard,1
05562,stephanieleblanc@example.net,Brett,Female,Standard,1
05563,dpineda@example.org,Dustin,,Basic,1
05564,bbrown@example.com,Thomas,Female,Premium+,1
05565,martinezanna@example.net,Stephanie,Female,Premium,1
05566,sarah11@example.org,Denise,Male,Premium,1
05567,tstone@example.org,Mary,Male,Premium,0
05568,collin35@example.net,Travis,Female,Premium,1
05569,ryan49@example.net,Trevor,Male,Basic,1
05570,steve02@example.com,Christopher,Prefer not to say,Premium,1
05571,coxkaren@example.net,Jerome,Male,Premium,1
05572,veronicawheeler@example.org,Emily,Female,Standard,1
05573,elizabeth83@example.com,Bob,Male,Premium+,1
05574,jeff24@example.com,Samuel,Male,Standard,1
05575,laurahunt@example.com,Shannon,,Premium,0
05576,ldavenport@example.org,Erika,Female,Basic,1
05577,marco77@example.com,Scott,Male,Basic,1
05578,keithcrosby@example.org,Kyle,Male,Premium,1
05579,williamsgregory@example.org,Samuel,Female,Standard,1
05580,wigginslinda@example.org,Ryan,Male,Basic,1
05581,nicole16@example.com,Lindsay,Female,Premium,1
05582,michael24@example.org,Julie,Female,Standard,0
05583,daniel81@example.com,Stacey,Female,Premium,0
05584,normacarson@example.org,Carrie,Male,Standard,1
05585,brooksjohn@example.net,Eric,Male,Basic,1
05586,msanders@example.com,Pamela,Female,Standard,1
05587,douglas55@example.net,Latoya,Prefer not to say,Standard,0
05588,anthony34@example.org,William,Female,Premium,1
05589,barreraashley@example.org,Julia,Male,Standard,1
05590,tamarawilliamson@example.com,Justin,Female,Premium,0
05591,brandon33@example.com,Larry,Female,Premium,1
05592,meghangomez@example.net,Sean,Prefer not to say,Premium,1
05593,vpena@example.org,Thomas,Male,Premium,1
05594,laurenjensen@example.org,Michele,Male,Basic,1
05595,jessicalynch@example.com,Kim,Female,Premium,1
05596,chenkevin@example.com,Jeffrey,Male,Standard,0
05597,wardjennifer@example.com,Henry,Male,Premium,1
05598,paige67@example.net,Lauren,Other,Premium,1
05599,williamscolleen@example.net,Jacob,Male,Standard,1
05600,joycewalker@example.com,Bethany,Male,Premium,1
05601,autumn32@example.net,Erik,Other,Basic,1
05602,mckinneygabriel@example.com,Angela,Male,Premium,1
05603,goldenkristopher@example.net,Amanda,Male,Premium,1
05604,orocha@example.org,Jason,Male,Premium+,1
05605,whoffman@example.com,Denise,Female,Basic,1
05606,jsmith@example.org,Matthew,,Premium,0
05607,velezjames@example.org,James,Female,Standard,1
05608,stephanie67@example.org,Jennifer,Female,Premium,1
05609,mcdanielkristin@example.net,Kenneth,Male,Premium+,1
05610,tracy68@example.org,Madison,Male,Premium,1
05611,jamesthomas@example.com,Laura,Other,Basic,1
05612,nlee@example.org,Bruce,Male,Premium,1
05613,wendy50@example.org,Sarah,Male,Standard,1
05614,qsanchez@example.net,Mark,Male,Premium,1
05615,lguzman@example.com,Jennifer,Female,Premium,1
05616,martinjermaine@example.net,Joshua,Male,Premium+,1
05617,shelley50@example.com,Cody,Female,Premium,1
05618,nealbrandy@example.net,Steven,Male,Premium,1
05619,ktorres@example.com,Melissa,Male,Standard,1
05620,michelle89@example.org,Russell,,Standard,0
05621,laurenflowers@example.com,Jeffrey,,Standard,1
05622,ellisrichard@example.net,Matthew,Female,Premium+,1
05623,bonniemiranda@example.org,James,Other,Standard,1
05624,devonmckenzie@example.net,Robert,Female,Standard,1
05625,stephensoncrystal@example.com,Joel,Male,Premium,1
05626,fmooney@example.com,David,Male,Standard,1
05627,fosterrachel@example.org,Angela,,Standard,1
05628,marissathomas@example.com,Stephanie,Male,Standard,1
05629,daniel22@example.net,Lee,Female,Standard,1
05630,matthewjenkins@example.org,Paul,Male,Premium+,1
05631,stevensondaniel@example.org,Lisa,Female,Premium+,0
05632,manderson@example.org,Devin,Female,Basic,1
05633,mendozajanet@example.com,Zachary,Male,Standard,1
05634,kimberlymarks@example.com,Rebekah,Female,Basic,1
05635,ofrancis@example.net,Samantha,Male,Premium,1
05636,stevensrobert@example.net,William,Male,Premium+,1
05637,kevingeorge@example.org,Steve,Female,Premium,1
05638,kevingonzalez@example.com,Brenda,Male,Standard,1
05639,katie00@example.org,Tara,Male,Premium,1
05640,sawyerjohn@example.com,Patricia,Male,Premium,1
05641,smitchell@example.net,John,Male,Standard,1
05642,ashley73@example.org,Blake,Prefer not to say,Standard,1
05643,delgadochristina@example.com,Ashley,Male,Premium,0
05644,cheyennepatterson@example.net,Amber,Female,Basic,1
05645,usmith@example.net,Heather,Male,Basic,1
05646,jamespratt@example.com,Marc,Male,Standard,1
05647,bhernandez@example.net,Timothy,Prefer not to say,Premium+,1
05648,gracegarcia@example.org,James,Male,Basic,1
05649,norrisryan@example.net,Jill,Female,Premium,1
05650,yduran@example.com,Charles,Male,Premium,1
05651,hannah80@example.org,Robert,Female,Premium+,0
05652,brownryan@example.net,Michelle,Female,Premium,1
05653,westkrista@example.net,Christopher,Male,Basic,1
05654,johndiaz@example.net,Anna,Prefer not to say,Premium,1
05655,curtisgentry@example.net,Kelly,Female,Basic,1
05656,gallagherkelly@example.org,Daniel,Male,Premium,1
05657,mday@example.com,Renee,,Premium+,1
05658,joel15@example.net,Kenneth,Male,Premium,1
05659,brian25@example.com,Alicia,Female,Basic,1
05660,losborne@example.com,Gregory,,Premium,0
05661,timothy08@example.net,Rhonda,Female,Premium,1
05662,ymorton@example.com,Samantha,Prefer not to say,Premium,1
05663,emily68@example.net,David,Other,Standard,1
05664,jamie17@example.net,Brittany,Female,Premium,1
05665,charlescollins@example.com,Scott,Female,Basic,1
05666,kimberly25@example.org,David,Male,Premium+,1
05667,swilliams@example.org,Michael,Female,Premium,1
05668,ethompson@example.org,Melissa,Female,Standard,1
05669,cartersusan@example.net,David,Male,Standard,0
05670,melendezzachary@example.com,Kaitlyn,Male,Premium+,1
05671,danny73@example.org,Robert,,Premium,1
05672,estradatyler@example.org,Crystal,Female,Standard,1
05673,urussell@example.com,Michelle,Male,Premium+,1
05674,nprice@example.com,Jeremy,Female,Standard,1
05675,palmerjermaine@example.org,Arthur,Prefer not to say,Basic,1
05676,vwilliams@example.org,Nathan,Male,Standard,1
05677,williamgraham@example.org,Brandon,,Standard,1
05678,wilkinsjoseph@example.org,Carolyn,Male,Premium,0
05679,shawntaylor@example.com,Brandon,Male,Standard,1
05680,ashley20@example.com,Kristin,Male,Premium+,1
05681,doughertysharon@example.net,Elizabeth,Female,Basic,1
05682,ritterjamie@example.net,Pamela,,Standard,1
05683,hamiltondavid@example.org,Brittany,Female,Basic,1
05684,lovekaitlyn@example.org,Samuel,Female,Premium,1
05685,klong@example.org,Melissa,Male,Standard,1
05686,elizabethscott@example.net,Paul,Female,Premium,1
05687,brettmartinez@example.net,Renee,,Premium,0
05688,krodriguez@example.net,Lisa,Male,Basic,1
05689,vflynn@example.com,Keith,Other,Premium,1
05690,qmartinez@example.net,Darrell,Female,Standard,1
05691,mortonmichael@example.com,Christina,Female,Premium+,1
05692,snydercharles@example.net,Cynthia,Male,Premium+,1
05693,mcphersonlinda@example.com,Sheila,Female,Premium,1
05694,claudiaharris@example.net,Amanda,Female,Basic,1
05695,wgomez@example.net,Sharon,Female,Standard,1
05696,kathrynspencer@example.com,Adrian,Female,Premium,1
05697,linda63@example.org,Caleb,Prefer not to say,Basic,1
05698,saranelson@example.net,Brittany,Male,Premium,1
05699,hernandezbrianna@example.org,Steven,Other,Premium,1
05700,john03@example.com,Matthew,Male,Premium,1
05701,scottcaldwell@example.org,Kimberly,Prefer not to say,Premium,1
05702,brooke78@example.net,Kevin,Male,Premium,1
05703,rconley@example.net,Joseph,Male,Standard,1
05704,thompsonangela@example.com,Paul,Female,Basic,1
05705,adamsjohn@example.net,Brandi,Male,Basic,1
05706,harrissandra@example.net,Wendy,Prefer not to say,Standard,1
05707,lthomas@example.net,Randy,Female,Premium,0
05708,douglas35@example.org,Jerry,Other,Standard,1
05709,gwilliams@example.net,Amanda,Female,Standard,1
05710,jessicaroman@example.com,Shaun,Female,Basic,1
05711,sowen@example.org,Christopher,Female,Basic,1
05712,misty16@example.com,Shane,Male,Standard,0
05713,tranjessica@example.net,Destiny,Female,Standard,0
05714,jschultz@example.org,Kimberly,Female,Basic,1
05715,amanda61@example.org,Patrick,,Basic,1
05716,millersusan@example.org,Mary,Male,Premium,1
05717,bellkari@example.org,Tyrone,Male,Premium+,1
05718,sdavis@example.org,Travis,,Premium,1
05719,cunninghammichelle@example.com,Ryan,Female,Standard,0
05720,xwright@example.com,Patricia,Female,Standard,1
05721,uturner@example.com,Stephanie,Female,Standard,1
05722,hilltracy@example.org,Chad,Female,Premium,1
05723,dixondavid@example.net,Laura,,Standard,1
05724,robertrodriguez@example.org,Cheyenne,Male,Basic,1
05725,eugene98@example.org,Kimberly,Male,Basic,1
05726,scottcoleman@example.net,Seth,Male,Premium,1
05727,lisaallen@example.com,Robert,Female,Premium,0
05728,brookewhite@example.com,Linda,Prefer not to say,Standard,1
05729,zrobinson@example.net,Cory,Female,Premium,1
05730,adkinsamanda@example.net,Cheryl,Female,Premium,0
05731,ericperez@example.org,Anthony,Male,Premium,1
05732,gaustin@example.com,Kathleen,Male,Premium+,1
05733,ethompson@example.org,Adam,Male,Standard,1
05734,ryanrivera@example.org,Jon,Female,Standard,0
05735,jenniferharris@example.net,Damon,Male,Standard,1
05736,trubio@example.org,Alexandra,Female,Premium,1
05737,brownmary@example.org,Kayla,Male,Standard,1
05738,dean56@example.org,Christopher,Female,Standard,1
05739,tara24@example.net,Kristen,Female,Premium,0
05740,romeroluis@example.org,Amanda,Other,Basic,1
05741,todd73@example.org,Fernando,Male,Standard,1
05742,ericmaldonado@example.com,Angela,Male,Premium+,1
05743,walterkathryn@example.org,Randy,Male,Basic,1
05744,lisa98@example.com,Jennifer,Other,Standard,0
05745,micheal88@example.com,Joseph,Male,Premium,1
05746,angela45@example.org,Amy,Female,Standard,0
05747,banksmichelle@example.com,Michelle,Female,Premium,1
05748,dmann@example.org,Laura,Female,Basic,1
05749,ghopkins@example.org,Anna,Male,Premium,1
05750,rroberts@example.org,Catherine,Female,Standard,0
05751,kaitlyn50@example.com,Elizabeth,Male,Premium,1
05752,huangryan@example.com,Lindsay,Male,Premium,1
05753,evillarreal@example.org,Lorraine,,Premium+,1
05754,chelseathompson@example.net,Karen,Male,Premium+,1
05755,sharon62@example.org,Billy,,Basic,1
05756,nstewart@example.com,Bethany,Female,Basic,1
05757,williamsonpaul@example.net,Howard,Female,Standard,1
05758,brandon38@example.com,Rodney,Male,Standard,1
05759,rodrigueznicole@example.org,Jennifer,Male,Premium+,0
05760,ipeterson@example.net,Kristine,Male,Basic,1
05761,wattsscott@example.com,Ann,Prefer not to say,Premium,1
05762,briggslori@example.org,Ashley,Male,Basic,1
05763,donaldbrown@example.net,Erica,Female,Standard,0
05764,cameronangela@example.com,Alexandra,Female,Standard,1
05765,davefoster@example.org,Jennifer,Male,Premium,1
05766,debrafranco@example.org,Samantha,,Standard,1
05767,jfitzpatrick@example.com,Carlos,Female,Standard,1
05768,david52@example.com,Marissa,Female,Premium,1
05769,stephanie75@example.com,Adam,Female,Basic,0
05770,mendozadennis@example.org,Benjamin,Female,Premium,0
05771,dhampton@example.net,Hunter,,Standard,1
05772,smithjamie@example.net,Candice,Prefer not to say,Basic,1
05773,osmith@example.org,Charles,,Standard,1
05774,priscillachen@example.net,Jodi,Female,Standard,1
05775,ugordon@example.net,Elizabeth,Female,Basic,1
05776,frances12@example.org,Connor,Male,Premium,1
05777,vdavis@example.com,James,Male,Standard,1
05778,randallanne@example.net,Benjamin,Male,Premium,1
05779,megan87@example.net,Stacy,Male,Standard,1
05780,maldonadojames@example.com,Deborah,Female,Standard,1
05781,graceolson@example.org,Steven,Male,Standard,0
05782,costathomas@example.com,Tammie,Female,Premium,1
05783,joannataylor@example.com,Alexandra,Male,Premium,1
05784,miguel25@example.org,Charles,Male,Premium,1
05785,connie84@example.net,Joe,Male,Standard,1
05786,mward@example.com,Travis,Female,Premium,1
05787,shannonsharp@example.org,Christopher,Male,Standard,1
05788,michaelbrown@example.org,Eric,Other,Standard,1
05789,osmith@example.org,Jenny,Female,Standard,1
05790,sarahlee@example.com,Mitchell,Female,Standard,1
05791,hrobbins@example.org,Marvin,Male,Basic,1
05792,coreypotts@example.com,James,Male,Premium,1
05793,brownrodney@example.org,Kristen,Other,Standard,1
05794,kayla60@example.net,Miranda,Female,Basic,1
05795,heidi75@example.org,Jennifer,Male,Standard,1
05796,jwang@example.net,William,Male,Basic,1
05797,kentjose@example.com,Ralph,Female,Basic,1
05798,pamelarodriguez@example.org,Diana,Female,Standard,1
05799,dawsonzachary@example.com,Kristopher,Other,Premium,1
05800,lanemartha@example.net,Suzanne,Female,Standard,1
05801,tracywilliams@example.org,Gary,Female,Premium+,1
05802,sonyacooke@example.net,Mary,Female,Premium,1
05803,karenjohnson@example.org,Ariel,Male,Basic,1
05804,hbridges@example.net,William,Female,Basic,1
05805,erica13@example.org,Kayla,Male,Standard,1
05806,nancy13@example.net,Travis,Female,Premium,1
05807,davidalexander@example.net,Jill,Female,Premium+,1
05808,cjames@example.org,Justin,Other,Premium+,1
05809,dmartinez@example.com,Jonathon,Male,Basic,1
05810,paul20@example.com,Michael,Male,Standard,0
05811,dennis49@example.net,Christopher,Male,Standard,1
05812,aperez@example.org,Melissa,Female,Premium,1
05813,timothy28@example.net,Sandra,Female,Standard,1
05814,trevorortiz@example.com,Maria,Female,Premium,1
05815,khill@example.com,Hannah,Male,Standard,1
05816,rick18@example.com,Robert,,Premium,0
05817,rebeccasimpson@example.org,Sarah,Male,Premium,1
05818,amberpierce@example.org,Tiffany,,Premium,0
05819,smiththeresa@example.com,Justin,Male,Premium+,1
05820,glenn40@example.org,Gabrielle,Female,Premium,0
05821,villegasjames@example.org,Robert,Male,Standard,0
05822,beckkathryn@example.com,Kimberly,,Premium,1
05823,conraddavid@example.net,Matthew,Female,Basic,1
05824,brandon84@example.com,Michael,Male,Premium,1
05825,davismallory@example.net,Angela,,Premium+,0
05826,jodi95@example.com,Wendy,Prefer not to say,Premium,1
05827,xgutierrez@example.net,Mary,Male,Premium+,1
05828,walkerdaniel@example.com,Heather,Male,Standard,1
05829,grimesrebecca@example.org,John,Male,Premium,1
05830,jacob78@example.net,Tina,Male,Premium+,1
05831,ohale@example.org,Jasmine,Male,Premium,1
05832,allisonsteve@example.net,Ricky,Female,Premium,1
05833,todom@example.net,Robin,Other,Standard,0
05834,krodriguez@example.net,Justin,Female,Premium,0
05835,fmoore@example.net,Joshua,Male,Basic,1
05836,hughesandrea@example.net,Jill,Prefer not to say,Basic,1
05837,terrireeves@example.org,Kayla,Female,Standard,1
05838,zmcmahon@example.org,Charles,Male,Premium,0
05839,matthew26@example.org,Ryan,Female,Premium,1
05840,uhill@example.net,Tara,,Standard,1
05841,kevinburke@example.com,Michael,Female,Premium,1
05842,andrew69@example.net,Rachel,Female,Premium,1
05843,smallashley@example.org,Wendy,Male,Premium,1
05844,hkemp@example.com,Amanda,Male,Premium,0
05845,tonyhopkins@example.com,Gary,Female,Premium,1
05846,milespatrick@example.org,Anna,,Standard,1
05847,michelleparker@example.net,Savannah,Male,Premium,1
05848,jbriggs@example.com,David,Female,Standard,1
05849,marshhannah@example.org,Amy,Female,Premium+,1
05850,heather22@example.com,Rebecca,Male,Basic,1
05851,brendataylor@example.net,John,Female,Premium,1
05852,sherri07@example.net,Doris,Female,Premium,1
05853,bruceglover@example.net,Jessica,Male,Premium,1
05854,anthonysims@example.net,Tonya,Male,Basic,1
05855,mcarter@example.com,Allison,Male,Premium,1
05856,krystal12@example.net,Miranda,Male,Premium+,1
05857,lauracruz@example.com,Patricia,,Premium,1
05858,sfarrell@example.org,Chloe,Male,Standard,1
05859,khiggins@example.org,Jonathon,Male,Premium,1
05860,fernandoparker@example.org,Lisa,Female,Basic,0
05861,danarogers@example.org,Anthony,,Premium+,1
05862,williamslaura@example.net,Ann,Female,Premium,1
05863,rita08@example.org,John,Male,Premium+,1
05864,fletcherlaura@example.com,Rebecca,Female,Basic,1
05865,jamescarroll@example.org,Haley,Female,Standard,1
05866,nathandiaz@example.org,Michael,Female,Premium,1
05867,michaelthompson@example.org,Sarah,Female,Standard,1
05868,jonesjessica@example.org,Christopher,Female,Premium,0
05869,hollowaybrittany@example.com,Ruth,Female,Standard,1
05870,lawrence09@example.org,Zachary,Male,Basic,1
05871,denise01@example.org,Ryan,Female,Standard,1
05872,jenniferjones@example.org,Jonathan,Female,Basic,1
05873,david76@example.org,Ralph,Male,Premium+,1
05874,jasmine47@example.net,Carol,Prefer not to say,Standard,1
05875,franciscoskinner@example.com,Karen,Male,Basic,0
05876,kimberly10@example.com,Stephanie,Female,Standard,1
05877,ericmayo@example.net,Alan,Male,Basic,1
05878,iwilson@example.org,Aaron,Male,Premium,1
05879,andersonalicia@example.net,Steven,Male,Premium+,1
05880,pamela74@example.com,James,Prefer not to say,Standard,1
05881,thomasarias@example.net,Autumn,Female,Premium,0
05882,craigwhite@example.org,Ashley,Female,Standard,1
05883,wallerjo@example.org,Tristan,Female,Premium,1
05884,simmonsrobert@example.net,Travis,Male,Basic,1
05885,msmith@example.net,Caitlyn,Female,Standard,1
05886,holdervalerie@example.net,Julie,Female,Basic,0
05887,nparker@example.net,Oscar,Female,Standard,0
05888,patricia21@example.com,Julie,Female,Premium,1
05889,williamscott@example.com,Patrick,Female,Premium,1
05890,watkinsjeanne@example.com,Seth,Female,Standard,1
05891,ucobb@example.net,Laura,Male,Standard,1
05892,collinsgina@example.org,Latoya,Male,Standard,1
05893,daviscameron@example.org,Maxwell,Female,Standard,1
05894,ndixon@example.com,Courtney,Male,Basic,1
05895,cbutler@example.net,Ryan,Female,Premium,1
05896,ericatran@example.net,Sabrina,Female,Standard,1
05897,carrjoshua@example.org,John,Male,Premium,1
05898,ginasanchez@example.net,Joel,Male,Basic,1
05899,carolinehughes@example.org,Linda,Female,Premium,0
05900,matthew24@example.org,Matthew,Male,Premium,1
05901,ayersgabriel@example.com,Gabriella,Female,Standard,1
05902,taylor01@example.net,Elizabeth,Male,Premium,1
05903,wfuentes@example.org,Ruth,Female,Standard,1
05904,imcdonald@example.net,Christopher,Male,Premium+,1
05905,kevin12@example.net,David,Female,Premium,1
05906,david68@example.net,Daniel,Female,Basic,1
05907,bryan01@example.net,Troy,Male,Premium+,1
05908,lucaskrista@example.com,Raymond,Male,Premium,1
05909,anne83@example.com,Mary,Male,Basic,1
05910,jamie86@example.com,Kevin,Female,Standard,1
05911,shelbymarshall@example.com,Brenda,Male,Basic,1
05912,meganbell@example.org,Kristen,Female,Basic,1
05913,tonya67@example.com,Bryan,Female,Premium,1
05914,jesusross@example.org,Nathan,Male,Premium,1
05915,wvaldez@example.net,Paul,Male,Premium,1
05916,rebekah04@example.org,Jennifer,Female,Standard,1
05917,nichole25@example.org,Ryan,Female,Premium,0
05918,qgarcia@example.net,Micheal,Male,Premium,1
05919,lauren30@example.org,Ashley,Male,Premium+,1
05920,ortizaudrey@example.org,Wendy,Other,Basic,1
05921,jonathan17@example.com,Diane,Male,Premium,1
05922,leachsamantha@example.net,Amber,Male,Standard,1
05923,rodriguezvincent@example.net,Darrell,Male,Basic,1
05924,martinezamanda@example.net,Todd,Female,Premium,1
05925,janet74@example.net,Danny,Female,Premium,1
05926,davistimothy@example.org,Tina,Female,Premium,1
05927,johndyer@example.org,Paul,Female,Basic,1
05928,lhaynes@example.com,Dave,Female,Basic,1
05929,obrienroger@example.org,Patricia,Female,Premium,0
05930,daniel49@example.net,Laura,Male,Standard,1
05931,tjackson@example.net,Paul,Male,Basic,1
05932,emurray@example.com,Robert,Female,Basic,0
05933,jerrycoleman@example.net,Sarah,Male,Premium,1
05934,ahernandez@example.com,Philip,Female,Basic,1
05935,travisparsons@example.org,Jennifer,Female,Basic,1
05936,jenniferbailey@example.org,Ethan,Female,Basic,1
05937,juliehamilton@example.net,William,Female,Premium,1
05938,gary50@example.net,Michael,Male,Standard,1
05939,aprilclayton@example.com,Tamara,Female,Premium,1
05940,hsmith@example.com,Carl,Female,Standard,1
05941,julie57@example.org,Sheila,Male,Premium,1
05942,kristinmcgee@example.org,Carrie,Female,Standard,0
05943,melissa75@example.org,Alejandro,Female,Premium,1
05944,acampbell@example.com,Linda,Female,Premium+,1
05945,adamsmatthew@example.org,Shawn,Male,Standard,1
05946,charlesjackson@example.net,Lynn,Other,Premium+,1
05947,millermatthew@example.org,Jennifer,Other,Standard,1
05948,hutchinsonjustin@example.org,Todd,Female,Premium,1
05949,callahankenneth@example.com,Patrick,Prefer not to say,Premium+,1
05950,clarkmatthew@example.com,Jennifer,,Standard,1
05951,daniel17@example.com,David,Female,Basic,1
05952,wpearson@example.net,Gabrielle,Male,Standard,1
05953,bpetersen@example.org,John,Male,Standard,1
05954,jwinters@example.net,Patricia,Prefer not to say,Premium,1
05955,joseph69@example.org,Diane,Prefer not to say,Premium,0
05956,aliciali@example.org,Christopher,Prefer not to say,Premium,1
05957,stephaniemendoza@example.com,James,Female,Premium,1
05958,kimberlystone@example.net,David,Female,Standard,1
05959,kelsey73@example.org,Kristen,Other,Basic,1
05960,reynoldsrobert@example.org,Melissa,Male,Premium,1
05961,jefferyfuentes@example.net,Amanda,Male,Standard,1
05962,andresobrien@example.com,Christopher,Female,Standard,1
05963,hectorjames@example.com,Jose,Male,Basic,1
05964,ythornton@example.com,Andrea,Male,Premium,1
05965,danielsalec@example.org,Jessica,Female,Standard,1
05966,christopherwilliams@example.com,Vincent,Male,Standard,1
05967,thomasfields@example.net,Veronica,Male,Basic,1
05968,vcollins@example.org,Michael,Prefer not to say,Standard,1
05969,gregory99@example.com,Martin,Male,Premium,0
05970,stevenflores@example.net,Ryan,Female,Premium,1
05971,reedbradley@example.org,Benjamin,,Basic,1
05972,dcaldwell@example.com,Anthony,Male,Standard,0
05973,levinemegan@example.net,Dustin,Prefer not to say,Premium,1
05974,vernon89@example.org,David,Female,Basic,1
05975,hlawrence@example.com,Carolyn,Female,Premium,1
05976,jennifermays@example.org,Cory,Female,Premium,1
05977,carrrobert@example.org,Sandra,Male,Standard,1
05978,brianamckinney@example.com,Rodney,Female,Standard,1
05979,zacharywoods@example.org,Evan,Female,Standard,1
05980,martinezautumn@example.org,Jason,Male,Premium+,1
05981,aclark@example.org,Douglas,Female,Premium+,1
05982,donnahebert@example.org,Mary,Prefer not to say,Premium,1
05983,kimberlymendoza@example.org,Julie,Male,Standard,1
05984,donnastewart@example.com,Alan,Male,Basic,1
05985,ashley51@example.net,Gina,Female,Standard,1
05986,rodriguezgregory@example.net,Julia,Male,Basic,0
05987,jessicawilson@example.net,Andrew,Female,Premium,1
05988,william14@example.net,Christine,Male,Standard,1
05989,wdavidson@example.org,Sherri,Male,Premium,1
05990,kelly40@example.org,Melissa,Female,Basic,1
05991,hectorday@example.com,Shannon,Female,Premium,1
05992,thompsondominique@example.org,Adam,Female,Standard,1
05993,davidsmith@example.net,Jonathan,Male,Standard,1
05994,marybrown@example.com,Joshua,Female,Premium,1
05995,jharper@example.com,Susan,Male,Basic,1
05996,brownteresa@example.org,Thomas,Male,Standard,1
05997,kgarrison@example.net,Renee,Female,Basic,1
05998,philipross@example.org,Dana,Female,Standard,1
05999,hholden@example.com,Michael,Male,Premium+,1
06000,hollanddarrell@example.com,Laurie,Male,Standard,1
06001,sarahgilmore@example.net,William,Female,Standard,1
06002,hoodmelissa@example.net,Kelly,Male,Basic,1
06003,cameronhogan@example.org,Vincent,Female,Basic,1
06004,hulldavid@example.org,Matthew,Female,Basic,1
06005,richardparker@example.net,Walter,Male,Premium,1
06006,ylee@example.com,Gilbert,Male,Standard,1
06007,sellersjay@example.com,Michelle,Female,Premium+,0
06008,juliaguerrero@example.net,Brett,Female,Premium,1
06009,martinezleslie@example.com,Kenneth,Male,Basic,1
06010,vrobinson@example.org,Crystal,Female,Premium,1
06011,igarrison@example.com,Kelly,Female,Standard,0
06012,ipetty@example.net,Robert,Male,Standard,1
06013,flynndennis@example.org,Kyle,Male,Standard,0
06014,dylanmcknight@example.com,Kevin,Female,Standard,1
06015,coxantonio@example.org,Jill,Male,Standard,0
06016,whitenicole@example.com,Tanner,Female,Standard,0
06017,pricewilliam@example.com,Isaiah,Male,Standard,1
06018,jeffreyperry@example.com,Amy,Male,Standard,1
06019,christopherhall@example.com,Brian,Prefer not to say,Premium+,0
06020,weavereric@example.com,Karen,,Standard,1
06021,valerie78@example.net,Raymond,Male,Premium,1
06022,annettenorris@example.com,Justin,Female,Basic,1
06023,tboyd@example.net,Nicholas,Male,Premium,1
06024,stevenray@example.org,Stephanie,Prefer not to say,Premium+,1
06025,lerickson@example.com,Brittany,Male,Standard,1
06026,njenkins@example.net,William,Male,Premium,1
06027,jacob48@example.com,Chloe,Female,Standard,0
06028,ylopez@example.com,Sarah,Female,Premium,0
06029,johnsonsabrina@example.com,James,,Basic,1
06030,josephbenjamin@example.org,Kim,Male,Basic,1
06031,harveyjared@example.org,Pamela,Female,Premium,1
06032,kristinaburke@example.org,Brian,Male,Standard,1
06033,woodardfelicia@example.org,David,Female,Premium,1
06034,alan29@example.com,Tammy,,Standard,1
06035,bryanwatson@example.net,Scott,Female,Premium,1
06036,walkerryan@example.org,Kayla,,Standard,1
06037,ulewis@example.org,Steve,Female,Basic,1
06038,lmiller@example.com,Adrian,Male,Standard,0
06039,chenderson@example.org,Allison,Female,Standard,1
06040,matthewthompson@example.org,Scott,Female,Premium,1
06041,jennifer96@example.com,Lisa,Male,Premium,1
06042,zacharymorgan@example.org,Phyllis,Female,Premium,1
06043,amanda79@example.org,Tiffany,Prefer not to say,Premium,1
06044,harrismichael@example.com,Rebecca,Female,Premium,1
06045,david96@example.net,Jordan,Male,Premium,0
06046,nicole63@example.com,Crystal,Male,Basic,0
06047,fishercarlos@example.com,Melissa,Male,Premium+,1
06048,gmurphy@example.org,Jillian,Female,Premium,1
06049,xreed@example.net,Jerry,Male,Premium+,1
06050,allison93@example.net,Charles,Female,Basic,1
06051,angela34@example.net,Derek,Male,Premium,0
06052,robert67@example.org,Matthew,Prefer not to say,Standard,1
06053,butlerderek@example.net,Rebecca,Male,Standard,1
06054,emalone@example.net,Jason,Female,Basic,1
06055,rhunt@example.com,Derek,Female,Standard,1
06056,stevengarcia@example.com,David,Male,Premium,1
06057,jerrygreen@example.net,Cole,Male,Premium,0
06058,cindydouglas@example.org,Melanie,Prefer not to say,Standard,0
06059,henryluis@example.org,Cassandra,Female,Standard,1
06060,lreese@example.net,Jeremy,Male,Premium,1
06061,jameswallace@example.net,Michael,Male,Standard,0
06062,jonesalbert@example.net,Edward,Female,Standard,1
06063,hilljoel@example.net,Linda,Female,Standard,0
06064,ygutierrez@example.com,Kyle,Female,Premium+,1
06065,zbrown@example.com,Chelsea,Other,Basic,1
06066,torrestravis@example.net,Amber,Female,Basic,1
06067,sarahhernandez@example.org,Danielle,,Standard,1
06068,angelica17@example.com,Jared,Other,Standard,1
06069,tjenkins@example.net,Carly,Prefer not to say,Standard,0
06070,carla79@example.org,Linda,Female,Premium,1
06071,jessica82@example.org,Karen,,Premium,1
06072,kevin44@example.net,Amanda,Male,Standard,1
06073,cobbkyle@example.net,Joshua,Female,Premium,1
06074,robertsmith@example.net,Nicholas,Female,Basic,0
06075,gamblejohn@example.com,Kelli,Other,Standard,1
06076,kimberlymcdaniel@example.net,Katie,Male,Standard,1
06077,gonzaleskevin@example.org,John,Male,Standard,1
06078,matthew63@example.net,Henry,Male,Standard,1
06079,uthomas@example.org,William,Female,Basic,1
06080,alvarezalex@example.com,Scott,,Premium,1
06081,donaldreeves@example.com,Emily,,Standard,1
06082,littlewarren@example.net,Tiffany,Prefer not to say,Premium,0
06083,vanessa68@example.org,Ann,Male,Premium,0
06084,michele92@example.org,Nancy,Male,Standard,1
06085,kennethfrank@example.net,Samantha,Male,Standard,0
06086,zbrown@example.org,Adrian,Female,Basic,1
06087,ashley88@example.com,Jessica,Male,Basic,1
06088,david57@example.org,Kurt,Female,Premium,1
06089,wzamora@example.com,Tony,Male,Standard,1
06090,boltonwilliam@example.com,Brian,Male,Premium,1
06091,jonwilson@example.com,Stephanie,Male,Standard,1
06092,afrost@example.org,Thomas,Female,Standard,1
06093,davischristopher@example.net,Melinda,Female,Standard,1
06094,melissajohns@example.com,Laura,Male,Standard,1
06095,mcclurerobert@example.net,Anthony,Male,Standard,1
06096,ashleyhudson@example.net,Joseph,Female,Standard,1
06097,kenneth68@example.com,Brittney,Male,Standard,1
06098,normanalicia@example.net,Micheal,Female,Premium,1
06099,tcrawford@example.net,Curtis,Male,Premium,1
06100,michael81@example.net,James,Female,Standard,1
06101,randyjackson@example.com,Eric,Male,Basic,1
06102,owilliams@example.com,Claudia,Male,Standard,1
06103,nathan28@example.org,Renee,Male,Standard,1
06104,millerthomas@example.net,Ryan,Male,Premium,1
06105,sandraguzman@example.org,Richard,,Basic,1
06106,qgiles@example.org,Raymond,Female,Standard,1
06107,ashleymiller@example.net,Jesse,Male,Standard,1
06108,walkersamantha@example.net,Zachary,Male,Premium,1
06109,gina97@example.net,Anne,Male,Basic,1
06110,wgonzalez@example.net,Lisa,Male,Premium,1
06111,ericmay@example.org,Emily,Male,Premium,1
06112,cameronronald@example.org,Joseph,Female,Basic,1
06113,thompsonmatthew@example.net,Amy,Female,Standard,1
06114,russell07@example.org,Jennifer,Male,Premium,1
06115,solisbonnie@example.com,Gabriella,Prefer not to say,Basic,0
06116,nobledavid@example.com,Kelly,Male,Premium,1
06117,sarah13@example.com,Robert,Female,Premium,1
06118,kellyfernandez@example.com,Lindsey,Female,Standard,0
06119,mpierce@example.org,William,,Standard,1
06120,isantana@example.net,Alan,Male,Standard,0
06121,oliversteven@example.com,Mark,Prefer not to say,Premium,1
06122,michael45@example.com,Steven,Prefer not to say,Premium,0
06123,anthonyschmidt@example.com,Laura,Male,Premium,1
06124,john53@example.org,Sue,Male,Standard,1
06125,ljordan@example.com,Brittany,Male,Premium+,0
06126,fvillegas@example.net,Randy,Female,Premium,1
06127,chapmantyler@example.net,Cynthia,Male,Premium,1
06128,crojas@example.com,Elizabeth,Male,Standard,1
06129,hblanchard@example.net,Ann,Male,Premium+,1
06130,joneserin@example.com,Whitney,,Premium+,1
06131,stephanie15@example.org,Michelle,Male,Standard,1
06132,priscilla48@example.net,Sarah,Female,Premium,1
06133,vernonjohnson@example.com,Michael,Male,Basic,1
06134,qhampton@example.org,Christina,Male,Premium,1
06135,kyle16@example.org,Alex,Male,Premium,1
06136,bakeranthony@example.com,Mark,Other,Standard,1
06137,briannaclark@example.net,Jacob,Prefer not to say,Standard,1
06138,pamela28@example.com,Danielle,Male,Premium,1
06139,paustin@example.com,Brian,Male,Premium,0
06140,allenstephanie@example.net,Gavin,Prefer not to say,Standard,1
06141,jeanettegray@example.net,Angel,Male,Premium,1
06142,mandrews@example.com,Jacob,Female,Basic,1
06143,stephaniethompson@example.net,Christine,Male,Premium,1
06144,esmith@example.org,Jennifer,Male,Standard,1
06145,dawnpadilla@example.com,April,Female,Basic,0
06146,burgessbrooke@example.org,Michael,Male,Premium,1
06147,joneswilliam@example.net,Monica,Female,Standard,1
06148,nchapman@example.org,Michael,,Standard,1
06149,katelyndavis@example.org,Christopher,Female,Premium,1
06150,iblack@example.com,Jesse,Female,Premium,1
06151,shaunchavez@example.net,Amy,Male,Basic,0
06152,andersonmadison@example.com,Kylie,Female,Basic,1
06153,mariopham@example.org,David,Male,Standard,1
06154,beth61@example.com,Isabel,Female,Premium,1
06155,catherinewilliams@example.com,Cindy,Male,Premium,0
06156,david06@example.org,Ryan,Female,Basic,0
06157,pgarcia@example.net,Francisco,Other,Standard,1
06158,dsanders@example.com,Dean,,Standard,1
06159,dwayneadams@example.net,Joel,Male,Standard,1
06160,dylanwoodard@example.org,Jerry,Male,Basic,1
06161,fergusonjames@example.net,Brenda,Male,Premium,1
06162,cordovajohnny@example.com,Andrew,Female,Standard,0
06163,jhatfield@example.org,Sarah,Female,Standard,1
06164,deborah25@example.com,Eric,Male,Premium,1
06165,wwoods@example.com,Anthony,Male,Basic,1
06166,dunnrobert@example.com,Tanya,Female,Premium,1
06167,debra31@example.com,Melissa,,Premium,1
06168,brandon48@example.org,Chad,Male,Basic,1
06169,mathewkey@example.com,Mary,Male,Standard,1
06170,yolandaperry@example.com,Sherry,Female,Standard,1
06171,vanessa59@example.com,Paula,Female,Standard,1
06172,burtonkimberly@example.net,Dawn,Male,Standard,1
06173,ashley71@example.com,Crystal,Female,Premium,1
06174,meagansparks@example.com,Angela,Male,Standard,1
06175,hwilson@example.com,Emily,Male,Standard,1
06176,tgarcia@example.net,Maria,Female,Premium,1
06177,ryan56@example.com,Dennis,Male,Premium,1
06178,kevin78@example.net,Brandon,Female,Premium,0
06179,samanthagutierrez@example.org,Eric,Female,Basic,1
06180,tmiller@example.net,Megan,,Standard,1
06181,carolynjohnson@example.com,Christina,Male,Premium,1
06182,coxpaul@example.org,Tiffany,Female,Basic,1
06183,amy72@example.org,Matthew,Female,Basic,1
06184,coxlisa@example.com,William,Male,Premium,1
06185,ramosdaniel@example.org,Kayla,Female,Premium,1
06186,rileyjenna@example.org,Diane,Female,Premium+,1
06187,douglasellis@example.net,Brenda,Female,Standard,0
06188,beckerchristine@example.com,Debra,Female,Standard,1
06189,natasha81@example.com,Danielle,Male,Standard,1
06190,patrickbutler@example.org,Brooke,Female,Standard,0
06191,jonesbrandon@example.net,Mark,Female,Premium,1
06192,catherinegraham@example.com,Todd,Male,Standard,1
06193,jeffrey63@example.org,Carrie,Female,Premium,0
06194,claire63@example.net,Leah,Female,Premium+,1
06195,brandyjohnson@example.org,Lorraine,Female,Standard,1
06196,xcameron@example.net,Benjamin,Prefer not to say,Standard,1
06197,austinschroeder@example.org,Ryan,Female,Premium+,0
06198,vgarcia@example.net,Karen,Male,Standard,1
06199,randy41@example.com,Brian,Female,Premium,1
06200,williamsmith@example.com,Robert,Male,Premium+,0
06201,gcooper@example.net,Christopher,Female,Standard,1
06202,melanieli@example.com,Carla,,Basic,0
06203,ruiztracey@example.net,Gerald,Female,Premium,1
06204,alexandriaferguson@example.com,Jeanette,Female,Standard,1
06205,judithharris@example.net,Jack,Female,Premium,1
06206,travis67@example.org,Dana,Prefer not to say,Premium,1
06207,katherine13@example.org,Brandon,Male,Premium,1
06208,cmitchell@example.org,Thomas,Female,Premium,1
06209,kbrown@example.net,Tiffany,Female,Standard,1
06210,sarah47@example.com,Tiffany,Male,Premium+,1
06211,michaelgibbs@example.net,Kristin,Male,Premium,1
06212,johnsonmorgan@example.net,Stephanie,,Basic,1
06213,czhang@example.org,Joshua,Other,Basic,1
06214,adriennemiller@example.com,Isabel,,Basic,1
06215,emilynguyen@example.com,Brittany,Male,Standard,1
06216,holdertiffany@example.org,Thomas,Male,Standard,1
06217,dianaflores@example.net,Keith,,Premium+,1
06218,ugreen@example.net,Leslie,Female,Premium,1
06219,brooke51@example.org,George,Female,Premium,0
06220,econner@example.com,Joshua,Male,Basic,0
06221,douglasmclaughlin@example.org,Cassandra,Female,Premium,1
06222,howelljames@example.com,Sharon,Prefer not to say,Premium+,1
06223,katherine54@example.org,David,Male,Premium,1
06224,parsonsrandall@example.org,Michael,Male,Premium,1
06225,nicole26@example.com,Steve,Female,Premium,1
06226,drose@example.org,Haley,Other,Premium,1
06227,harveycurtis@example.com,Suzanne,Female,Premium,1
06228,stephaniehudson@example.net,Bryan,Female,Premium,1
06229,johnathan10@example.net,Rachel,Male,Standard,0
06230,christopherklein@example.org,Victor,Male,Premium,0
06231,robinsonmark@example.org,Michael,Male,Premium,1
06232,lharding@example.net,Sara,Female,Standard,1
06233,cschmidt@example.com,Elizabeth,Male,Premium,1
06234,rogersjohn@example.net,Robert,Male,Premium,0
06235,sfrench@example.net,Kathryn,Male,Standard,1
06236,warnergerald@example.net,Ashley,Female,Standard,1
06237,anthony45@example.com,Erik,Female,Basic,1
06238,ataylor@example.org,Samantha,Prefer not to say,Standard,1
06239,jeffery39@example.net,Craig,Female,Standard,1
06240,joseph34@example.org,Angela,Female,Premium,1
06241,vanessa07@example.com,Melissa,Female,Standard,1
06242,jamiegarcia@example.org,Billy,Female,Standard,1
06243,brewercarrie@example.net,Daniel,Female,Standard,1
06244,keyapril@example.org,Kimberly,Male,Premium,1
06245,norma97@example.com,Madison,Male,Basic,1
06246,kperez@example.com,Angela,Female,Basic,1
06247,michelle76@example.org,Jason,Male,Standard,1
06248,tgilmore@example.net,Christina,Other,Standard,1
06249,jacquelinemolina@example.net,Alex,Male,Premium,1
06250,jeffery98@example.com,Loretta,Prefer not to say,Standard,1
06251,shawn92@example.net,David,Male,Basic,1
06252,millersarah@example.org,Denise,Male,Standard,0
06253,allison22@example.org,Jacob,Female,Premium,1
06254,qstout@example.com,Vincent,Female,Standard,1
06255,zburnett@example.com,Joseph,Male,Premium+,0
06256,qgreer@example.org,Carl,Male,Premium+,0
06257,lmontgomery@example.com,Amanda,Male,Basic,1
06258,tombrown@example.org,Ashley,Female,Basic,1
06259,nmcneil@example.com,Steve,Female,Premium,1
06260,kendratate@example.org,Matthew,,Standard,1
06261,othomas@example.org,Michael,Female,Premium,0
06262,kimberlybailey@example.net,Shannon,Female,Standard,0
06263,trevorlee@example.com,Paula,Male,Basic,1
06264,tracycarpenter@example.org,Daniel,Female,Premium+,1
06265,jenniferanderson@example.org,Jacqueline,Female,Premium+,1
06266,andersonjoseph@example.net,Latasha,Female,Standard,1
06267,barberdonna@example.net,Dorothy,Female,Premium,1
06268,kathleenrivera@example.net,Jeffrey,Prefer not to say,Premium,1
06269,danieljohnson@example.org,Joshua,Other,Basic,0
06270,vanessaweaver@example.com,Christopher,Female,Basic,1
06271,elopez@example.com,Laura,Male,Premium+,1
06272,baileyjoseph@example.com,Alexis,Prefer not to say,Premium,1
06273,justinsmith@example.net,Aaron,Male,Standard,1
06274,sandovalgrace@example.com,Sylvia,Male,Premium,1
06275,arich@example.org,Leslie,Female,Premium,1
06276,phammelissa@example.org,Dawn,Male,Standard,1
06277,ghampton@example.com,John,Female,Basic,1
06278,jessicawheeler@example.com,Rhonda,Male,Standard,1
06279,oneillchristine@example.com,Daisy,Male,Basic,1
06280,fwest@example.net,Jessica,Female,Standard,1
06281,shawntyler@example.com,Thomas,Female,Premium,0
06282,joshuaferguson@example.com,Kayla,Female,Standard,1
06283,wileysusan@example.com,Joel,Female,Basic,1
06284,laurasmith@example.net,Ricky,Male,Premium,1
06285,xramirez@example.com,Robert,Prefer not to say,Basic,1
06286,jessicaking@example.net,Latasha,,Standard,1
06287,annette85@example.net,Ashley,,Standard,1
06288,millerfrank@example.net,James,Female,Basic,1
06289,gmann@example.org,Lisa,Male,Standard,1
06290,harrissara@example.net,Roberta,Female,Premium,1
06291,mcarlson@example.com,Anthony,Female,Premium+,1
06292,fsmith@example.com,Cassidy,Female,Premium,1
06293,elizabeth90@example.net,Angela,Male,Premium,0
06294,perezmartin@example.com,Mitchell,Male,Basic,1
06295,tracy94@example.com,Nicholas,Male,Basic,0
06296,cmyers@example.com,Caleb,,Standard,1
06297,isims@example.net,Terri,Female,Standard,1
06298,suarezashley@example.net,Stephanie,Male,Basic,1
06299,daviscourtney@example.net,Sarah,Female,Standard,1
06300,lsmith@example.org,Adam,Female,Premium,0
06301,qcruz@example.net,Jason,Other,Premium,1
06302,ajackson@example.com,Brett,Other,Standard,1
06303,crystalstewart@example.net,Christopher,Male,Standard,1
06304,alexandra74@example.net,Candice,Male,Standard,1
06305,erinsmith@example.net,Brianna,Other,Standard,1
06306,acostarebecca@example.com,Kelly,,Premium,1
06307,gnicholson@example.net,Melissa,,Standard,1
06308,santosmiguel@example.org,Amanda,Female,Premium+,1
06309,qhancock@example.net,Francis,Female,Basic,1
06310,cwhite@example.com,Rebekah,Other,Standard,1
06311,coxchristopher@example.net,Meghan,Male,Premium,1
06312,lowejoshua@example.com,Elizabeth,Male,Premium,1
06313,michelle47@example.com,Kevin,Male,Standard,1
06314,xjackson@example.net,Timothy,Female,Premium+,0
06315,garyhicks@example.org,Brian,Female,Basic,1
06316,fjames@example.com,Kevin,Male,Premium,1
06317,yhall@example.org,Sonya,Male,Standard,1
06318,dkennedy@example.com,Victoria,Female,Premium,1
06319,kevinmccoy@example.org,Beverly,Female,Standard,1
06320,chall@example.net,Cheyenne,Male,Premium,0
06321,johnsonsheryl@example.net,Michele,Female,Standard,1
06322,kbradford@example.com,Steven,Male,Basic,1
06323,kristinwalker@example.org,Christopher,Male,Standard,1
06324,ballnicole@example.org,Carlos,Male,Premium+,1
06325,washingtonkari@example.net,Harold,Female,Premium,1
06326,vegachristine@example.com,Kristine,Female,Premium,1
06327,loganmario@example.net,Anthony,Male,Premium,1
06328,rachelcox@example.com,Erin,Female,Premium,0
06329,madison43@example.com,Christine,Male,Basic,1
06330,zacharyhenson@example.org,Melanie,Female,Standard,1
06331,dawnsantana@example.org,Nancy,Male,Standard,1
06332,michael42@example.net,Kimberly,Male,Standard,1
06333,patricia84@example.com,Michele,Male,Standard,1
06334,jjones@example.org,Kimberly,Other,Premium,1
06335,donaldmartin@example.net,Isabella,Prefer not to say,Standard,1
06336,christopherholden@example.org,Dylan,Female,Standard,1
06337,johnkeller@example.net,Melissa,Female,Standard,1
06338,ramirezdonald@example.org,Haley,Male,Premium,1
06339,frose@example.org,Tyler,Female,Basic,1
06340,vkoch@example.com,Brett,Male,Basic,1
06341,marymoran@example.org,Diane,Male,Basic,0
06342,qroth@example.net,Troy,Other,Premium,1
06343,dennis34@example.com,Wendy,Male,Basic,1
06344,jordanmiranda@example.net,Zachary,,Premium,1
06345,valerie99@example.net,Cody,Male,Premium,0
06346,williamsroger@example.net,Lauren,Male,Standard,1
06347,katrinaphillips@example.com,Thomas,Female,Premium+,1
06348,thomas86@example.net,Jonathan,Female,Premium,1
06349,nancy64@example.com,Crystal,Female,Standard,1
06350,ricky61@example.net,Nicholas,Male,Premium,1
06351,jeremysalazar@example.com,Cynthia,Female,Premium,1
06352,monica94@example.org,Anthony,Female,Premium,1
06353,rachel90@example.org,Victor,Male,Premium,0
06354,jasonalexander@example.com,Lindsey,Female,Premium,0
06355,victoria79@example.com,Isaiah,Male,Premium+,1
06356,adamsmith@example.net,Patrick,Female,Standard,1
06357,nicholemorgan@example.net,Leonard,Female,Standard,1
06358,briannalyons@example.com,Charles,Male,Premium+,1
06359,hallwilliam@example.org,Marissa,Male,Standard,0
06360,randyhayes@example.net,Marissa,Male,Standard,1
06361,donaldoconnor@example.com,Jennifer,Male,Premium,1
06362,brian15@example.net,Jessica,Prefer not to say,Basic,0
06363,jasmineford@example.net,Scott,Other,Basic,1
06364,alyssagarrett@example.org,Anthony,Male,Standard,1
06365,mackalbert@example.net,Kelly,Prefer not to say,Premium+,1
06366,sarah93@example.net,John,Male,Standard,1
06367,martinjoshua@example.com,Stephen,Male,Standard,1
06368,timothybarnett@example.net,Eric,,Basic,1
06369,acostalori@example.org,Marie,Male,Premium,0
06370,qbrooks@example.net,Danny,Male,Premium+,1
06371,fernandezalexandra@example.net,Scott,Female,Standard,1
06372,robertjones@example.net,Brenda,Male,Standard,1
06373,nelsonkimberly@example.org,Matthew,Male,Basic,1
06374,debra97@example.com,Jeremy,Male,Standard,1
06375,samanthaboyd@example.org,Austin,Female,Standard,1
06376,garciabetty@example.net,Kayla,,Basic,1
06377,burnettelizabeth@example.net,Christina,Female,Standard,1
06378,washingtonjared@example.net,John,Male,Standard,0
06379,goodmanheather@example.com,Roger,Male,Premium,1
06380,andrea91@example.org,Shannon,Male,Standard,1
06381,smithkatherine@example.com,Lisa,Male,Standard,1
06382,kristin87@example.org,Pamela,,Standard,0
06383,ohuynh@example.com,Tom,Prefer not to say,Premium,1
06384,moorekristin@example.org,Katie,Male,Standard,1
06385,wanda06@example.org,Kevin,Male,Standard,1
06386,qnewman@example.org,Lindsey,Male,Basic,1
06387,lthompson@example.net,Denise,Female,Premium,1
06388,john49@example.com,Travis,Female,Premium+,1
06389,diazkayla@example.net,Tyler,Female,Premium+,1
06390,amendoza@example.org,Jason,Female,Premium,1
06391,nicholaswilliams@example.net,Albert,Male,Standard,1
06392,margaret33@example.com,Desiree,Female,Premium,1
06393,walkermelinda@example.net,Robert,Female,Standard,1
06394,alejandromontgomery@example.net,Dean,Female,Standard,1
06395,nlawrence@example.net,Matthew,Female,Basic,1
06396,victor01@example.org,Joshua,Male,Premium,1
06397,monicablackwell@example.com,Cindy,Male,Basic,0
06398,wwilson@example.com,Daniel,Male,Standard,1
06399,katherinehernandez@example.org,Christopher,Female,Premium,0
06400,ujones@example.net,Thomas,Female,Premium,1
06401,jarmstrong@example.org,Jessica,Other,Standard,1
06402,joseph21@example.org,Vicki,Female,Basic,1
06403,nicolewatson@example.org,Brian,,Standard,1
06404,rcopeland@example.org,Terrence,Male,Premium,0
06405,joannaschwartz@example.org,Dennis,Male,Standard,1
06406,reynoldsnathan@example.com,Anne,Prefer not to say,Basic,1
06407,bakervictoria@example.com,Marcus,Male,Premium,0
06408,figueroadavid@example.com,Tyler,Male,Premium+,1
06409,patty52@example.org,Isaiah,Prefer not to say,Premium+,1
06410,zrice@example.org,Tammy,Female,Standard,1
06411,nicholsmichael@example.com,Katherine,Female,Standard,1
06412,brandon88@example.org,Beverly,Female,Standard,1
06413,hortonmike@example.net,John,Female,Standard,1
06414,shieldskarina@example.com,Michael,,Premium,0
06415,beckerkevin@example.org,Thomas,Male,Standard,1
06416,nwilkinson@example.com,Linda,Female,Standard,1
06417,david17@example.org,Monica,Female,Basic,1
06418,josephjackson@example.com,Carol,Female,Basic,1
06419,garysanchez@example.org,Ricardo,Female,Premium,1
06420,danielhooper@example.org,Alisha,Male,Premium,1
06421,kyle66@example.org,Zachary,Male,Standard,1
06422,zachary57@example.com,Michelle,Female,Premium,1
06423,utate@example.net,Eric,Male,Standard,1
06424,kendra62@example.com,Denise,Female,Standard,1
06425,lwoods@example.net,Julie,Female,Standard,1
06426,xking@example.com,Amanda,,Standard,0
06427,pkim@example.net,Patricia,Female,Premium,1
06428,phillipsluis@example.net,Kimberly,Male,Basic,1
06429,jasongreen@example.org,Michael,Male,Premium,1
06430,zacharymullins@example.net,Christine,Male,Standard,1
06431,ifrank@example.com,Patricia,Male,Premium,1
06432,michelle70@example.net,Joyce,,Premium,1
06433,lozanoelizabeth@example.com,David,,Premium,1
06434,jacob32@example.net,Kristina,Prefer not to say,Basic,1
06435,danielsmith@example.org,Kayla,Female,Standard,1
06436,jenniferramirez@example.com,Justin,Female,Premium,1
06437,whitelori@example.org,Yvonne,Female,Standard,0
06438,courtney28@example.com,Michele,Other,Standard,1
06439,xgardner@example.net,Edwin,Male,Standard,1
06440,millercourtney@example.org,Mary,Prefer not to say,Standard,0
06441,oliviabrock@example.org,Shawn,Female,Premium+,1
06442,murphyadam@example.net,Paul,Female,Basic,1
06443,wendy79@example.com,Brian,,Standard,1
06444,villapeggy@example.net,Robert,Male,Standard,1
06445,christopheradams@example.net,Steven,Female,Standard,1
06446,schmidtgregory@example.net,Andrew,Male,Premium,1
06447,castillojamie@example.org,Rebecca,Female,Basic,1
06448,vernonharris@example.org,Amber,Female,Premium,1
06449,yolandadalton@example.net,Stephanie,Prefer not to say,Premium,1
06450,stoutbethany@example.com,James,Female,Standard,1
06451,wattsanthony@example.org,Julie,Female,Standard,1
06452,shawnholloway@example.net,Brandon,Male,Basic,1
06453,phillipslatoya@example.org,Jenna,Male,Basic,1
06454,richardschmitt@example.com,Lance,Male,Standard,1
06455,luke62@example.org,Jason,Other,Premium,0
06456,carrie32@example.org,Jessica,Male,Standard,1
06457,okhan@example.net,Christina,Other,Premium,1
06458,melindahoward@example.net,Colleen,Male,Basic,1
06459,margaret53@example.com,Kirsten,Male,Premium,0
06460,dcarpenter@example.net,Cynthia,Female,Standard,1
06461,rita49@example.org,Justin,Male,Standard,1
06462,racheljohnson@example.net,Laura,Prefer not to say,Standard,1
06463,sjones@example.org,Rebecca,Female,Premium,0
06464,lori62@example.org,Susan,Male,Standard,0
06465,brandonchen@example.net,Steven,Female,Premium,1
06466,hendersonbrittany@example.net,Michael,Female,Premium+,1
06467,jeffrey89@example.net,Douglas,Male,Premium,1
06468,dfischer@example.com,Brent,Female,Standard,0
06469,brandon73@example.com,Robert,,Standard,0
06470,ucunningham@example.org,Jerry,Other,Basic,0
06471,corey84@example.org,Lorraine,Female,Basic,1
06472,ramoscheyenne@example.net,Tiffany,Male,Basic,1
06473,travismaldonado@example.com,Patrick,Male,Premium,1
06474,crystaltaylor@example.net,Christopher,Male,Premium,1
06475,xmarquez@example.net,Christopher,Male,Standard,1
06476,lisawashington@example.org,Brian,Female,Standard,1
06477,kbyrd@example.com,Christine,Female,Basic,1
06478,brockwilliam@example.com,Spencer,Prefer not to say,Standard,1
06479,kellycarr@example.net,Jessica,Male,Standard,1
06480,santanastacey@example.org,Michael,Female,Premium,1
06481,russell35@example.com,Michael,Male,Standard,1
06482,jamesmills@example.org,Daniel,Female,Standard,1
06483,emilyschmitt@example.org,Dwayne,,Standard,0
06484,mpearson@example.org,Kimberly,Male,Basic,1
06485,santiagosarah@example.org,Angela,Female,Premium,1
06486,peter58@example.org,Robert,Male,Basic,1
06487,krausejon@example.org,Paige,Male,Premium,1
06488,pporter@example.com,Miguel,Male,Standard,0
06489,chelseanewton@example.com,Jennifer,Female,Basic,1
06490,robertpetersen@example.net,Paula,Male,Premium,1
06491,jenniferellis@example.org,Jessica,Other,Premium,1
06492,nicole96@example.net,Margaret,Female,Premium,1
06493,matthewjones@example.com,Kathryn,Male,Standard,1
06494,vlopez@example.net,Kathleen,Female,Basic,1
06495,zrios@example.com,Heather,Male,Premium+,1
06496,vmcintosh@example.org,Shannon,Female,Premium,1
06497,patrickguzman@example.com,Carolyn,Male,Premium,1
06498,mary79@example.net,Elizabeth,Male,Premium,0
06499,moodystephanie@example.net,Connie,Female,Premium+,1
06500,rbarnes@example.net,Michelle,Female,Standard,1
06501,trevorsmith@example.org,Autumn,Male,Standard,0
06502,dcurtis@example.com,Brandi,Female,Standard,1
06503,karen17@example.com,Trevor,Other,Premium+,1
06504,sadams@example.org,Melissa,Male,Premium,1
06505,ubeltran@example.org,Stephanie,Female,Standard,0
06506,jacob87@example.net,Joshua,Male,Premium,1
06507,mparks@example.org,David,Female,Standard,1
06508,deannaelliott@example.org,Timothy,Male,Standard,1
06509,jaclyn81@example.org,Chloe,Other,Standard,1
06510,brian89@example.net,Jacob,Female,Premium,1
06511,nguyenanita@example.org,Jessica,Female,Standard,1
06512,guerreroronald@example.com,Jessica,Male,Premium,0
06513,adamcarter@example.net,Cristina,Female,Standard,1
06514,kgarcia@example.com,Alex,Male,Premium,1
06515,ortizwilliam@example.com,Shannon,Male,Standard,1
06516,thomasbaker@example.com,Kelly,Prefer not to say,Standard,0
06517,jessica37@example.com,Amy,Prefer not to say,Standard,1
06518,tsandoval@example.net,Brett,Male,Premium,1
06519,timothy83@example.com,Sarah,Female,Premium,1
06520,thorntonnathan@example.net,Sara,Male,Basic,0
06521,mboyd@example.com,Sharon,Female,Standard,0
06522,michellemalone@example.net,Jill,Female,Basic,1
06523,yjohnson@example.net,Emily,Male,Premium,0
06524,larsonjeffery@example.org,Alexander,Female,Premium+,1
06525,rmorris@example.net,Timothy,Other,Premium,1
06526,yharris@example.org,Chelsea,Male,Standard,1
06527,lynchandrew@example.org,Gary,Female,Premium,1
06528,johnlivingston@example.com,Philip,,Standard,1
06529,meghanwood@example.com,Tina,Female,Standard,1
06530,mcdonaldlaura@example.com,Jacqueline,Other,Premium,1
06531,jennifer05@example.org,Phillip,Female,Standard,1
06532,shawn16@example.org,William,Female,Premium,1
06533,wolfrichard@example.org,Christina,,Basic,1
06534,kimdavid@example.com,Jonathan,Prefer not to say,Premium,0
06535,jennifernelson@example.net,Hunter,Male,Premium,1
06536,jennifermorse@example.net,Mary,Female,Basic,1
06537,jasmine27@example.org,Angela,Male,Basic,1
06538,royrobert@example.org,Jesus,Female,Premium,1
06539,adam11@example.com,Meghan,Female,Standard,1
06540,david31@example.org,Laura,Male,Premium,1
06541,tammykim@example.com,Benjamin,Female,Standard,1
06542,burkejerry@example.org,Melinda,Male,Standard,1
06543,owoods@example.org,Shaun,Prefer not to say,Premium,1
06544,jimmy38@example.net,Monica,Male,Premium+,1
06545,levysheryl@example.org,Cheyenne,Male,Standard,1
06546,renee09@example.com,Patrick,Female,Premium+,1
06547,johnhendrix@example.net,Hannah,Other,Standard,1
06548,ashleysmith@example.net,Dennis,Male,Premium+,1
06549,christopher84@example.com,Aaron,Male,Standard,1
06550,josephcollins@example.org,Victor,Male,Standard,1
06551,tuckerwilliam@example.org,Michael,Male,Basic,0
06552,michael87@example.com,Katie,Female,Premium,1
06553,damongonzales@example.com,Elizabeth,Male,Premium,1
06554,rojaskenneth@example.net,Zachary,Female,Premium,1
06555,jacobmclean@example.net,April,Male,Premium,1
06556,crystal92@example.org,Kristin,Male,Basic,1
06557,sydney89@example.com,Miranda,Prefer not to say,Basic,1
06558,danielleperez@example.org,Bill,Prefer not to say,Standard,1
06559,jose80@example.net,Steven,Male,Premium,1
06560,csanchez@example.com,Marilyn,Female,Premium,1
06561,khall@example.net,Jeffrey,Female,Basic,1
06562,cassandra48@example.com,Pamela,Prefer not to say,Basic,1
06563,stephenskatie@example.com,Traci,Male,Premium,1
06564,carolyncosta@example.org,Patricia,Other,Premium,0
06565,qlopez@example.net,Douglas,Female,Basic,1
06566,henrytimothy@example.net,Chelsea,Female,Basic,1
06567,pwilliams@example.com,Victoria,Male,Basic,0
06568,kevin51@example.net,Daniel,Female,Basic,0
06569,townsendlisa@example.org,Mario,Male,Premium,1
06570,rburke@example.com,Emily,Male,Premium,1
06571,qmason@example.org,April,Male,Premium+,1
06572,carterlance@example.org,Deanna,Male,Premium,1
06573,lisathompson@example.net,Laurie,Male,Basic,0
06574,gregoryellis@example.net,Heather,Male,Standard,1
06575,gailgrant@example.net,Christine,,Premium,1
06576,griffinmichael@example.org,Derek,Male,Premium,0
06577,gallowaywalter@example.net,Robert,Female,Basic,1
06578,tgarrett@example.org,Jonathan,Female,Premium,1
06579,debramartinez@example.net,Jacqueline,Female,Premium,1
06580,cwhite@example.net,Justin,Male,Premium,0
06581,amontoya@example.com,Mary,Male,Premium,1
06582,tammywilliams@example.net,David,Female,Basic,1
06583,matthewingram@example.com,Eric,Male,Standard,1
06584,anthony10@example.org,Briana,Female,Premium,1
06585,qhall@example.com,Joel,Male,Standard,1
06586,samantha22@example.com,Michael,Male,Basic,1
06587,nancy45@example.com,Raymond,Male,Premium+,1
06588,brenda20@example.net,Mallory,Prefer not to say,Premium,1
06589,hgreen@example.com,Raymond,Male,Premium,1
06590,prestonkimberly@example.net,Gerald,Female,Basic,1
06591,garysmith@example.com,Eric,Female,Standard,1
06592,wendyhamilton@example.org,Curtis,Female,Standard,1
06593,perezsavannah@example.org,Maria,,Basic,0
06594,richardlee@example.net,Kristen,Male,Premium,1
06595,msantos@example.net,Sandy,Other,Premium,1
06596,zwhitaker@example.com,Sheila,Prefer not to say,Premium,1
06597,julie78@example.org,Richard,Male,Standard,1
06598,kimberlyross@example.com,Robert,Male,Premium,1
06599,ryanking@example.net,Brittany,Prefer not to say,Premium,1
06600,bennettmarie@example.net,Ryan,Female,Standard,1
06601,mturner@example.org,David,Male,Premium+,1
06602,elizabethparker@example.com,Melissa,Female,Basic,1
06603,gravescassandra@example.org,William,Female,Premium,1
06604,timothy33@example.com,Jessica,Male,Basic,0
06605,jenniferfoster@example.org,Justin,Male,Basic,1
06606,jamie49@example.org,Susan,Female,Premium,1
06607,phammichelle@example.com,Michelle,Female,Basic,1
06608,jeremy49@example.net,Gregory,Female,Premium,1
06609,pfischer@example.org,Michael,Female,Premium,1
06610,walshjessica@example.org,Steven,Male,Standard,1
06611,brenda86@example.com,Scott,Female,Premium,1
06612,donnalogan@example.org,David,Female,Basic,1
06613,jonesjoseph@example.net,Edward,Male,Premium,1
06614,richardsonkathy@example.com,Diana,Female,Standard,1
06615,mschultz@example.com,Laura,Male,Standard,1
06616,xmurray@example.org,Timothy,Female,Standard,1
06617,justinbrown@example.org,Stephen,Male,Premium,1
06618,amy39@example.org,Joseph,Male,Premium,1
06619,joyce34@example.com,Elizabeth,Male,Standard,0
06620,shepardtommy@example.com,David,Male,Standard,1
06621,anthonywilliams@example.com,Julie,Male,Standard,1
06622,shaffertammy@example.net,Jennifer,Female,Premium,1
06623,sherrycooper@example.org,Cristina,Female,Standard,1
06624,obrienvictoria@example.org,Christine,Female,Premium,1
06625,salinasbrittany@example.com,Michael,Male,Basic,1
06626,anguyen@example.com,Victoria,Female,Basic,1
06627,lisajones@example.org,Melissa,Male,Premium,1
06628,qgarcia@example.com,Leah,Female,Basic,1
06629,andersontimothy@example.org,Sydney,Male,Basic,1
06630,tyler01@example.org,Jonathan,Male,Premium,1
06631,stuartsamantha@example.com,Nathan,Female,Standard,1
06632,ureeves@example.org,Thomas,Other,Basic,1
06633,traceyhoffman@example.org,Wanda,Male,Premium,1
06634,vroberts@example.com,Shannon,Male,Standard,1
06635,shafferbobby@example.net,Jessica,Other,Standard,1
06636,layala@example.org,James,Male,Standard,1
06637,daniel13@example.net,Abigail,Male,Standard,0
06638,mayobetty@example.org,Marc,Male,Premium,1
06639,nunezmitchell@example.net,Casey,Male,Basic,1
06640,branchkaitlin@example.net,Justin,,Premium,1
06641,matthew53@example.org,Cameron,Female,Premium,1
06642,michael59@example.net,Melissa,Male,Premium,1
06643,smithphillip@example.net,Megan,Female,Basic,0
06644,vicki69@example.org,Michael,Prefer not to say,Premium,1
06645,mdowns@example.org,Jennifer,Male,Standard,1
06646,jennifer75@example.com,Faith,Female,Premium,1
06647,markmyers@example.org,Brianna,,Standard,1
06648,psullivan@example.org,Christopher,Male,Standard,1
06649,garrettheather@example.net,Jamie,Male,Standard,1
06650,melissa09@example.com,Lance,Male,Premium,1
06651,pdavis@example.net,Michael,,Premium,1
06652,ravenstanley@example.com,Anthony,Male,Basic,1
06653,carol25@example.net,Jasmine,Female,Basic,1
06654,hayesjoseph@example.net,Kyle,Female,Basic,0
06655,jmontgomery@example.com,Robert,Female,Standard,1
06656,kelly70@example.org,Olivia,Male,Basic,1
06657,stevencruz@example.org,Hannah,Female,Standard,1
06658,angel78@example.org,Dawn,Prefer not to say,Premium,1
06659,jeffreyhill@example.net,Mike,Male,Premium,1
06660,aliciaharris@example.com,Shannon,Female,Standard,1
06661,foxbruce@example.com,Steven,Male,Premium+,1
06662,pwilliams@example.net,Amanda,Female,Standard,1
06663,barbara06@example.com,Tammy,Female,Standard,0
06664,ramirezscott@example.net,Heather,Female,Premium,1
06665,ctate@example.net,Ryan,Male,Basic,1
06666,chris89@example.org,Catherine,Female,Premium,1
06667,scottstewart@example.org,Jeff,Female,Premium,1
06668,harmonashley@example.com,Stephanie,Female,Premium+,1
06669,pbenitez@example.org,Alex,Other,Basic,1
06670,anthony50@example.com,Cassandra,Female,Standard,1
06671,emilyellis@example.net,Gregory,Male,Standard,0
06672,hvelez@example.org,Natalie,,Standard,1
06673,lauraprice@example.org,William,Female,Basic,1
06674,uspencer@example.net,Denise,Male,Standard,1
06675,anthony08@example.org,Nicholas,Male,Standard,1
06676,jennifer96@example.net,Debra,Female,Premium+,1
06677,beckbrenda@example.org,Gail,Female,Basic,0
06678,kaylee04@example.org,Natasha,Female,Basic,1
06679,mford@example.com,Stephen,Male,Basic,1
06680,adamwilson@example.net,Martha,Male,Premium,1
06681,eatonlindsay@example.com,Mark,Female,Standard,1
06682,savagevanessa@example.org,Eric,Female,Standard,1
06683,phillipsamy@example.com,Melissa,Male,Premium+,1
06684,meganhendricks@example.net,Renee,Female,Basic,0
06685,jefferyward@example.com,Mark,Female,Standard,1
06686,micheal71@example.net,Debra,Female,Standard,1
06687,adam78@example.com,Todd,Male,Standard,1
06688,susanbaker@example.net,Reginald,Male,Standard,1
06689,justinthompson@example.org,Linda,Male,Premium,1
06690,phampatricia@example.org,Paula,Male,Premium,0
06691,xgonzales@example.com,Douglas,Male,Basic,1
06692,kirstenchaney@example.net,Micheal,Male,Basic,1
06693,christophermerritt@example.net,Amanda,Female,Standard,1
06694,jasonnewman@example.net,Jeremy,Female,Basic,1
06695,williamsmith@example.net,David,Male,Premium,1
06696,ohart@example.com,Dennis,Male,Premium,1
06697,ywood@example.net,Matthew,Female,Basic,1
06698,jessicagordon@example.org,David,Other,Premium,1
06699,vkelly@example.com,Holly,Female,Premium,1
06700,gerald72@example.net,Daniel,Male,Standard,1
06701,shannon32@example.com,Megan,Female,Basic,1
06702,shane49@example.org,Aaron,Male,Standard,1
06703,patricia77@example.com,Thomas,Male,Standard,1
06704,elliottjoseph@example.net,Anthony,Female,Premium,1
06705,robertsbrian@example.com,Blake,Female,Premium,1
06706,kristie24@example.org,Larry,Female,Basic,1
06707,tthomas@example.com,Meghan,Other,Basic,1
06708,patricia76@example.net,Latoya,Female,Premium,1
06709,johnnguyen@example.net,Nathaniel,Prefer not to say,Basic,0
06710,peterwalker@example.net,Adam,Male,Standard,1
06711,phillipsjoshua@example.org,Robert,Male,Standard,1
06712,kingstephanie@example.net,Christopher,Prefer not to say,Premium,1
06713,nicole23@example.com,Nicholas,Male,Standard,0
06714,patricia20@example.net,Steven,Female,Premium,1
06715,joshua58@example.com,Michele,,Standard,1
06716,yhill@example.com,Joel,Male,Premium+,1
06717,vcoleman@example.org,John,Female,Premium,1
06718,howardbilly@example.org,Amy,Female,Premium+,1
06719,adamyork@example.org,Hannah,Female,Premium,0
06720,kristinafoster@example.com,James,Female,Premium,1
06721,marialandry@example.com,Michael,Female,Premium,1
06722,parksricardo@example.org,Alexis,Male,Premium,1
06723,robertsteele@example.org,Paul,Female,Premium,1
06724,gary25@example.org,William,Female,Standard,1
06725,staffordjames@example.com,Savannah,Male,Premium,1
06726,michaelbarron@example.org,Linda,Female,Premium,1
06727,lechristopher@example.com,Aaron,Female,Standard,1
06728,ashley93@example.org,Dennis,Prefer not to say,Basic,1
06729,tracyphillips@example.com,Charles,,Premium+,1
06730,johnvilla@example.org,Michael,Female,Premium,1
06731,john11@example.net,Katherine,Male,Premium+,1
06732,yjoseph@example.org,Diana,Male,Premium,1
06733,sheliafrazier@example.org,April,,Premium,1
06734,brewermichelle@example.com,Frank,Male,Premium+,1
06735,mrobinson@example.com,Dustin,Male,Basic,1
06736,crystal03@example.com,Curtis,Female,Basic,1
06737,adrian37@example.com,Robert,Female,Premium+,1
06738,ellenmorgan@example.com,Rhonda,Male,Standard,1
06739,jessicagarrett@example.net,Chris,Male,Basic,1
06740,jacobsrichard@example.net,Tyler,Male,Standard,0
06741,sheilajames@example.net,Kathy,Male,Standard,0
06742,belldevon@example.com,George,Male,Standard,1
06743,william53@example.net,Thomas,Female,Basic,1
06744,bpatterson@example.com,Katie,Female,Basic,0
06745,brightbreanna@example.net,Alexandra,Other,Standard,1
06746,tlozano@example.org,John,,Premium,1
06747,anthonythomas@example.com,Travis,Male,Premium+,1
06748,johnsonmary@example.net,Samantha,Female,Premium+,0
06749,david92@example.org,Leonard,Female,Premium,1
06750,janetmurray@example.net,Robert,,Standard,1
06751,travissingleton@example.com,Justin,Male,Basic,0
06752,bakerlaurie@example.com,Alexander,Male,Standard,1
06753,salaseddie@example.com,Alan,Male,Premium,1
06754,kennethbridges@example.org,Lee,Female,Standard,1
06755,morenosharon@example.net,Hayley,Male,Standard,1
06756,bryanfrank@example.com,Ryan,Prefer not to say,Basic,1
06757,zmorris@example.net,Paul,Male,Standard,1
06758,mmack@example.net,Joshua,Female,Premium+,1
06759,julia99@example.org,Ryan,Male,Basic,1
06760,wmiller@example.org,Jacqueline,Male,Premium,0
06761,stephanierowland@example.org,Tina,Prefer not to say,Premium,1
06762,richard81@example.org,Beth,,Basic,1
06763,wendy58@example.com,David,Male,Premium,1
06764,lauren03@example.org,Christopher,Male,Premium,1
06765,kkrause@example.org,Nancy,Female,Standard,1
06766,meghan73@example.net,Jeffrey,Male,Standard,1
06767,ryanjones@example.org,Courtney,Female,Premium,0
06768,austin35@example.com,Bradley,Female,Standard,1
06769,michelejefferson@example.com,Mary,Female,Standard,1
06770,lauracastaneda@example.com,Nicholas,Female,Premium,1
06771,elizabeth57@example.org,James,Female,Standard,1
06772,fmartinez@example.com,Gavin,Female,Premium,1
06773,lpowell@example.net,Garrett,Female,Standard,1
06774,hortonheather@example.com,Jason,Male,Standard,0
06775,nguyenemily@example.com,Eric,Female,Standard,1
06776,imiller@example.org,Donald,Female,Basic,1
06777,muellerwanda@example.com,Kylie,Female,Premium,1
06778,susandickerson@example.com,Tara,Female,Standard,1
06779,olivia85@example.net,Charles,Female,Standard,1
06780,thomasglenn@example.net,Michael,Male,Standard,1
06781,brookehess@example.org,Tony,Male,Premium,1
06782,donald65@example.org,Tiffany,Female,Basic,0
06783,christianwaller@example.org,Grant,Male,Premium,1
06784,leslie08@example.com,Samuel,Male,Standard,1
06785,lopezethan@example.com,Kristen,Male,Basic,1
06786,wilsonbelinda@example.org,Anthony,Male,Premium,0
06787,pmyers@example.net,David,Male,Basic,1
06788,lisabaker@example.net,Heather,Female,Premium,1
06789,michaeltaylor@example.com,Jean,Other,Premium+,1
06790,mgates@example.org,Amy,Female,Premium+,1
06791,kmcmillan@example.com,Crystal,Female,Premium,1
06792,penny22@example.com,Heather,Female,Premium,1
06793,hrobinson@example.com,Sara,Male,Premium,0
06794,danielfletcher@example.org,Patrick,,Premium+,1
06795,rgarcia@example.org,Paula,Male,Standard,1
06796,ronald83@example.com,Lisa,Female,Standard,1
06797,douglasjennifer@example.com,Erin,Male,Premium,0
06798,phillipwu@example.com,Billy,Male,Premium+,1
06799,dustingibson@example.org,James,,Premium,1
06800,yrodgers@example.org,Timothy,Male,Premium+,1
06801,turnerdavid@example.org,Joseph,Female,Premium,0
06802,hannah81@example.org,Brian,Other,Standard,1
06803,bradley29@example.org,Barbara,Other,Premium,1
06804,kaitlin16@example.org,Daniel,Female,Standard,1
06805,opayne@example.com,Alicia,Male,Premium,1
06806,sanchezbetty@example.com,Christina,Male,Standard,1
06807,fischercharles@example.com,Sherry,Prefer not to say,Premium,1
06808,twright@example.org,Tiffany,Male,Premium,1
06809,michaelmonroe@example.com,Matthew,Male,Basic,1
06810,matthewbryan@example.net,Brandon,Male,Basic,1
06811,tuckerashley@example.net,Eric,Male,Standard,1
06812,victorolson@example.net,Angela,Female,Basic,0
06813,carrillosarah@example.com,Kathleen,Male,Basic,1
06814,lisawalsh@example.net,Amber,Female,Basic,1
06815,wsmith@example.com,Jacob,Female,Standard,1
06816,martinezcharles@example.com,Linda,Male,Premium+,1
06817,hartmanemma@example.org,Tyler,,Standard,1
06818,jodyroberts@example.com,Gary,Other,Basic,1
06819,alanhickman@example.org,Erica,Male,Premium,1
06820,elliskevin@example.org,Justin,Female,Standard,1
06821,nelsongabriella@example.com,Bryan,,Standard,0
06822,brownheather@example.org,Larry,Female,Premium,0
06823,williamjames@example.com,Jeff,,Premium+,1
06824,mboyd@example.net,Curtis,Female,Standard,1
06825,patrickjohnson@example.net,Michelle,,Standard,1
06826,sawyerchristopher@example.net,Brandon,Female,Premium,0
06827,coledavid@example.org,Courtney,Male,Premium+,1
06828,joanna81@example.org,Nicholas,Male,Basic,1
06829,john55@example.org,James,Female,Premium,1
06830,johnathantaylor@example.net,Robert,Female,Premium,1
06831,michael40@example.com,Glenn,Female,Premium,1
06832,christopherjohnson@example.com,Jacqueline,Male,Basic,1
06833,barbarasmith@example.net,Danielle,Female,Premium,1
06834,grantjose@example.net,Terrence,,Standard,0
06835,gibsonaustin@example.net,Dustin,Male,Basic,0
06836,jaredsmith@example.org,Lindsey,Other,Premium,0
06837,kristengonzalez@example.net,Cody,Female,Standard,1
06838,rowedeanna@example.net,Kimberly,Female,Basic,0
06839,emilythompson@example.com,Jasmine,Male,Premium,1
06840,michael58@example.com,Melanie,Female,Basic,1
06841,richardmosley@example.net,Christina,Female,Standard,1
06842,michelleclark@example.org,Jacob,Other,Premium,1
06843,charleskelly@example.net,Lindsay,Female,Premium,1
06844,faith16@example.com,Heather,Male,Standard,1
06845,andrewkim@example.net,Lisa,Female,Standard,1
06846,shellytrujillo@example.com,Denise,Male,Premium,1
06847,tammymedina@example.org,Justin,Male,Standard,1
06848,adamhurst@example.org,Maria,Male,Premium,1
06849,fishermarissa@example.net,Cheryl,Female,Standard,1
06850,ogillespie@example.net,Matthew,Male,Basic,1
06851,cmays@example.org,Heather,Male,Premium,1
06852,devans@example.org,Brian,Female,Basic,1
06853,susancruz@example.net,David,Female,Premium+,1
06854,jocelyngreer@example.com,Tracy,Female,Basic,1
06855,costazachary@example.com,Eric,Female,Premium,1
06856,diazadam@example.org,Marcus,Female,Standard,1
06857,harperlaura@example.com,Lance,Female,Standard,1
06858,wrightwilliam@example.com,William,,Premium,1
06859,qnelson@example.net,Jessica,Male,Premium,1
06860,andrewgibson@example.net,Andrea,Female,Premium+,1
06861,jeffrey20@example.org,Jasmine,Female,Premium,1
06862,sethwright@example.net,Thomas,,Premium,1
06863,wilkinsonthomas@example.org,Scott,Male,Standard,1
06864,ecox@example.com,Jeffrey,Male,Premium,1
06865,ryanallen@example.com,Robert,Male,Standard,1
06866,stewartdestiny@example.net,Annette,Male,Standard,0
06867,keith76@example.net,Linda,Male,Premium+,1
06868,mollypoole@example.org,Wendy,,Standard,1
06869,xrice@example.com,James,Prefer not to say,Premium,1
06870,guzmanteresa@example.com,Kimberly,Female,Premium,1
06871,daniel57@example.com,Cassandra,Female,Premium,1
06872,dustinalexander@example.net,Kayla,,Standard,1
06873,vwilkins@example.org,John,Prefer not to say,Premium,1
06874,robert38@example.net,Erin,Other,Premium,1
06875,gberg@example.net,Andrew,Female,Basic,0
06876,jcole@example.org,Theresa,Male,Standard,1
06877,harristodd@example.org,Lindsey,Female,Standard,0
06878,qjones@example.org,Michael,Prefer not to say,Premium+,1
06879,cooperkevin@example.com,Elaine,Female,Basic,1
06880,trujillojudy@example.net,Cristian,Male,Standard,0
06881,jeffreyjohnson@example.com,Donald,Male,Standard,0
06882,martin57@example.com,Connor,Female,Premium+,1
06883,warren28@example.org,Lauren,Female,Premium,1
06884,antonio46@example.org,Joshua,Prefer not to say,Premium+,1
06885,zkey@example.org,Alicia,Female,Standard,1
06886,gcollins@example.org,Dale,Female,Basic,1
06887,ruth91@example.com,Lisa,Female,Premium,1
06888,hoffmanronald@example.org,William,,Standard,1
06889,xgeorge@example.org,Tammy,Other,Premium,1
06890,olee@example.org,Stephanie,Female,Premium,1
06891,moralesadriana@example.com,Jennifer,Male,Premium+,1
06892,antoniovalencia@example.org,Susan,Female,Basic,1
06893,davewarner@example.com,Jennifer,Prefer not to say,Premium,1
06894,ohill@example.com,Valerie,Male,Premium,1
06895,zberry@example.com,Joseph,Female,Basic,1
06896,jack56@example.com,Jesse,Female,Standard,1
06897,devin20@example.org,Robert,Female,Standard,1
06898,reillykimberly@example.net,Aaron,Male,Premium+,1
06899,joshuagarner@example.com,Miguel,Male,Standard,0
06900,katiereynolds@example.com,Bruce,Male,Premium,0
06901,angela88@example.net,Karen,Female,Premium,0
06902,snydertimothy@example.net,Tyler,Other,Standard,1
06903,hudsonstephanie@example.com,Joanna,Female,Standard,1
06904,dustin56@example.com,Victor,,Premium,1
06905,icastillo@example.net,Mark,Male,Basic,1
06906,iwatson@example.com,Jeremy,Female,Premium+,1
06907,ngardner@example.net,Alexandra,Male,Standard,1
06908,jonathan99@example.org,Amanda,Female,Standard,1
06909,htorres@example.com,Kayla,Male,Standard,1
06910,ehamilton@example.net,Matthew,Female,Premium+,1
06911,gary41@example.com,Dawn,Prefer not to say,Standard,1
06912,lewisanthony@example.com,Jon,Male,Standard,1
06913,cohenjamie@example.com,Michele,Female,Premium,0
06914,benjamin24@example.com,Michael,Other,Basic,1
06915,charlotte22@example.org,Sharon,Male,Premium+,1
06916,debbiegonzalez@example.org,Danielle,Other,Premium,1
06917,goldenstephanie@example.com,Melissa,Female,Standard,1
06918,sara56@example.org,Tammy,Male,Standard,1
06919,kathryn13@example.org,Nicholas,Male,Basic,1
06920,richardsjenna@example.org,Carlos,,Premium,1
06921,hmendez@example.net,Jessica,Female,Premium,1
06922,michaelbrooks@example.org,Jeffery,Male,Premium,1
06923,david65@example.com,Stephen,,Premium+,0
06924,apatton@example.net,Joshua,Female,Basic,1
06925,brownshannon@example.net,John,Female,Standard,1
06926,iyoung@example.net,Kaitlyn,Male,Basic,1
06927,tara17@example.com,John,Female,Premium+,1
06928,shelby29@example.org,Andrea,Male,Basic,0
06929,udunn@example.com,Keith,Male,Standard,0
06930,markchambers@example.net,Michael,Female,Premium,1
06931,ustephens@example.net,Charles,Female,Basic,0
06932,jay95@example.com,Christina,Male,Premium+,1
06933,olsonchristopher@example.net,Kevin,Male,Basic,1
06934,scott56@example.com,Jillian,Female,Basic,1
06935,taylorgarcia@example.org,Jacqueline,Female,Premium,1
06936,scottporter@example.net,Kevin,Female,Premium,1
06937,tiffany15@example.com,David,Male,Standard,1
06938,geraldgoodman@example.net,Allison,,Premium,1
06939,carol16@example.org,Bobby,Male,Premium,1
06940,kevinpatterson@example.net,Michelle,Female,Basic,1
06941,shortsamuel@example.com,Jeremy,Male,Standard,0
06942,tracey72@example.com,Krista,Male,Premium,1
06943,amiller@example.net,Kevin,Male,Premium,1
06944,michael62@example.com,Gregory,Female,Premium+,1
06945,brooksrobert@example.org,Austin,,Standard,1
06946,bauerpatricia@example.org,Joshua,,Basic,0
06947,bondolivia@example.org,Louis,Male,Premium,1
06948,irodriguez@example.net,Jasmine,Female,Standard,1
06949,gabriellahumphrey@example.org,Patty,Female,Premium,1
06950,nicolesimpson@example.org,Karen,Male,Standard,1
06951,billyrivera@example.com,Natalie,Male,Premium,1
06952,sgarcia@example.org,Maria,Male,Premium+,1
06953,harriskim@example.com,Ariel,Male,Premium,0
06954,hnewman@example.org,Lisa,Prefer not to say,Basic,1
06955,claytonlee@example.org,Nicholas,Female,Standard,0
06956,jonathan48@example.net,Kathleen,Female,Basic,1
06957,jessicacarter@example.com,Todd,Prefer not to say,Standard,1
06958,ihernandez@example.net,Amy,Female,Standard,1
06959,fernando19@example.com,Mark,Male,Premium,1
06960,justin42@example.org,Heather,,Premium,1
06961,paul10@example.org,Brooke,,Standard,1
06962,kenneth62@example.net,Thomas,Male,Premium,0
06963,umccormick@example.org,John,Male,Standard,1
06964,haaslisa@example.org,Michelle,Prefer not to say,Premium,0
06965,annamartinez@example.net,Robert,Female,Premium,1
06966,scottrandall@example.com,James,Male,Standard,1
06967,christopherdavis@example.com,Catherine,Female,Premium,0
06968,pattersontiffany@example.org,Miguel,Female,Basic,0
06969,christiancynthia@example.org,John,Male,Premium,0
06970,sherryperez@example.org,Jeffrey,,Standard,1
06971,laurie63@example.org,Amanda,,Standard,1
06972,ygeorge@example.com,Leroy,Female,Basic,1
06973,ddaniel@example.org,Bradley,,Basic,1
06974,jsalas@example.org,Michelle,Female,Basic,1
06975,jessica72@example.org,Dakota,Female,Basic,1
06976,dmeza@example.net,Paul,Male,Premium,1
06977,christina79@example.com,Danielle,Female,Standard,1
06978,kimberly50@example.org,Brittany,Female,Standard,1
06979,jessica71@example.com,Alexander,Female,Standard,0
06980,dustindaniel@example.org,Stephanie,Female,Standard,1
06981,xward@example.org,Kevin,Male,Premium+,1
06982,hudsonbrandon@example.org,Krista,,Standard,1
06983,ann46@example.com,Travis,Male,Basic,1
06984,david62@example.net,Eric,Male,Basic,1
06985,jsmith@example.com,Jason,Other,Standard,1
06986,sandrasmith@example.org,Amy,Female,Premium,1
06987,deantimothy@example.org,Mark,Female,Premium,1
06988,jonesmatthew@example.com,Ashley,Female,Premium+,1
06989,albertjacobson@example.net,Benjamin,Female,Premium,1
06990,benjamin71@example.org,Steven,Prefer not to say,Premium+,1
06991,cashley@example.org,Catherine,,Standard,1
06992,mccannstephanie@example.com,Marie,Male,Premium,1
06993,xhopkins@example.net,Justin,,Premium,1
06994,meyermarie@example.org,Donna,Male,Premium,1
06995,zachary88@example.com,James,Female,Basic,1
06996,zhangkevin@example.net,Kimberly,Male,Standard,1
06997,kaitlyn54@example.org,Donna,Male,Standard,1
06998,annehunt@example.com,Lori,,Standard,0
06999,yjohnson@example.org,Lance,Female,Basic,0
07000,brian11@example.net,Fred,Male,Standard,1
07001,tyler42@example.com,Laura,Other,Basic,1
07002,gregory80@example.com,James,Female,Premium+,1
07003,carteralicia@example.com,Amy,Male,Basic,1
07004,ryan89@example.net,Katherine,Male,Standard,1
07005,garciascott@example.org,Shannon,Male,Basic,1
07006,kleinjames@example.org,Steven,Prefer not to say,Standard,1
07007,bwhite@example.net,Anthony,Female,Premium,1
07008,yharrington@example.org,Sandra,Female,Premium,0
07009,robin34@example.net,Danielle,Female,Standard,0
07010,langamanda@example.net,Justin,Male,Standard,1
07011,john97@example.org,Nicole,Prefer not to say,Premium,1
07012,jwaters@example.net,Rhonda,Prefer not to say,Premium,1
07013,james37@example.net,Jonathan,Male,Basic,1
07014,charles90@example.org,Tammy,Female,Standard,0
07015,cherylsutton@example.com,Shirley,Other,Premium,1
07016,roger39@example.com,Sara,Male,Basic,1
07017,mark12@example.org,Bridget,Female,Premium,1
07018,qdudley@example.com,Carol,Female,Standard,1
07019,esantiago@example.net,Ronald,Female,Premium,1
07020,mclark@example.net,Karen,,Premium,0
07021,smithjames@example.net,Christopher,Prefer not to say,Standard,1
07022,dustin77@example.net,David,Male,Standard,1
07023,dana73@example.com,Tammy,Female,Standard,1
07024,ahickman@example.com,Kerry,Female,Standard,1
07025,angelachen@example.com,Kenneth,Other,Premium,1
07026,fjuarez@example.com,Kevin,Other,Premium+,1
07027,owensamanda@example.org,Veronica,Male,Basic,0
07028,matthew09@example.net,Elizabeth,Female,Standard,1
07029,debbiemartinez@example.net,Benjamin,Male,Standard,0
07030,kmarquez@example.net,Leslie,Female,Standard,1
07031,brandon54@example.com,Jose,Female,Premium,1
07032,powelljohnny@example.org,Patricia,Male,Basic,1
07033,kbarnett@example.net,Michael,Female,Standard,1
07034,john32@example.net,Stacy,Female,Basic,1
07035,lesliehess@example.net,Heather,,Basic,1
07036,samuel25@example.com,Rodney,Female,Standard,1
07037,samantha52@example.net,James,Female,Standard,1
07038,richard61@example.net,Brendan,Female,Premium,1
07039,michaelibarra@example.org,Erica,Female,Standard,1
07040,jennifer11@example.net,Ashley,Prefer not to say,Standard,1
07041,ijoyce@example.com,Robert,Prefer not to say,Premium,1
07042,lauriesmith@example.net,Michael,Female,Standard,1
07043,trodriguez@example.com,Vicki,,Premium+,1
07044,hannah24@example.org,Teresa,Other,Premium+,1
07045,rivasjeffrey@example.com,Brittany,Female,Basic,1
07046,dawn30@example.net,Rodney,Male,Premium,1
07047,nicole74@example.net,Danny,Other,Premium+,1
07048,carol33@example.org,Beth,Female,Standard,1
07049,owilliams@example.net,Stephen,Female,Premium,0
07050,nicolesmith@example.net,Kathryn,Male,Standard,1
07051,lkim@example.com,David,Male,Standard,1
07052,apeterson@example.org,Jessica,Female,Basic,1
07053,milesjennifer@example.org,Stephen,Female,Premium+,1
07054,christensenamanda@example.org,Christopher,Male,Premium,0
07055,xbarker@example.net,Michele,Female,Premium+,1
07056,moodyscott@example.net,Heather,Female,Basic,1
07057,kbutler@example.com,Joel,Female,Standard,1
07058,raymonddaniel@example.com,Alec,Male,Standard,1
07059,silvamark@example.com,Anthony,Female,Premium,0
07060,benjamin80@example.com,David,Male,Basic,1
07061,perkinsdoris@example.net,Derrick,Female,Standard,1
07062,gamblenicole@example.org,Trevor,Prefer not to say,Basic,1
07063,jamesrobertson@example.org,Mary,Male,Premium,1
07064,gravesjohn@example.org,Gina,Female,Premium+,1
07065,lindseypamela@example.org,Jessica,Female,Basic,0
07066,turnerchad@example.org,Pamela,Other,Basic,1
07067,nicholas81@example.net,Seth,Male,Premium,1
07068,eball@example.org,Rebecca,Male,Premium,1
07069,zacharyhansen@example.org,Alexander,Male,Premium,1
07070,marvinkelly@example.net,John,Male,Premium,1
07071,barbara33@example.org,Jon,Female,Standard,1
07072,wayne56@example.org,Nancy,Male,Standard,1
07073,adrianbaker@example.org,Michael,Female,Standard,1
07074,daviddoyle@example.com,Daniel,Other,Premium,1
07075,kevin23@example.net,Javier,Male,Basic,1
07076,marshallbryan@example.org,Curtis,Male,Standard,1
07077,kelly15@example.org,Katherine,Female,Premium,1
07078,kennethcarter@example.com,Donald,Male,Standard,1
07079,franklinchelsea@example.net,Cynthia,,Basic,1
07080,phillipssandra@example.org,Adrienne,Male,Standard,1
07081,toddhenderson@example.com,David,Male,Standard,0
07082,vgraham@example.net,Curtis,Female,Basic,0
07083,jjennings@example.org,David,Female,Standard,1
07084,bgarcia@example.com,Brandon,Female,Standard,1
07085,curtis87@example.com,Morgan,Female,Standard,1
07086,nelsonkathleen@example.net,Ryan,Female,Standard,1
07087,derekorr@example.net,Joshua,Male,Basic,1
07088,michael57@example.org,Whitney,Male,Premium,1
07089,ffowler@example.org,Carla,,Standard,1
07090,christopherwalter@example.net,Alexis,Female,Basic,1
07091,christine13@example.net,Tiffany,Other,Standard,1
07092,caitlin59@example.com,William,Female,Basic,1
07093,sharris@example.com,David,Prefer not to say,Basic,0
07094,anna16@example.org,James,Other,Standard,1
07095,wjohnson@example.com,Jose,Female,Basic,1
07096,bullockdavid@example.com,Michelle,Female,Standard,0
07097,ocrosby@example.net,William,Female,Premium,1
07098,smithkimberly@example.net,Blake,Female,Standard,1
07099,bethany24@example.org,Luke,Male,Basic,1
07100,matthewedwards@example.net,Megan,Male,Premium,1
07101,shannonfletcher@example.net,Meghan,Female,Premium,1
07102,wilsonelizabeth@example.org,Trevor,Male,Premium,1
07103,kylieoconnor@example.com,Christopher,Female,Basic,1
07104,gabriela99@example.com,Joseph,Other,Standard,1
07105,johnhubbard@example.com,Dawn,Female,Premium,1
07106,ypalmer@example.org,Michael,Male,Basic,1
07107,tracey74@example.com,John,Female,Standard,1
07108,campbelldavid@example.net,Justin,Male,Premium,1
07109,susanrobinson@example.com,Patricia,Male,Premium+,1
07110,wflowers@example.net,Susan,Female,Standard,1
07111,aharris@example.org,Emily,,Standard,1
07112,tristanmitchell@example.net,Timothy,Male,Basic,1
07113,rachel71@example.com,Andrew,Female,Premium,0
07114,kevinwalker@example.net,Joseph,Male,Basic,1
07115,wperez@example.org,Pamela,,Premium,1
07116,lindamorse@example.com,Sierra,Prefer not to say,Premium+,0
07117,vvilla@example.net,Jason,Male,Premium,1
07118,paulgrant@example.net,John,Female,Premium+,1
07119,owood@example.net,Crystal,Female,Premium+,1
07120,andrew23@example.com,Daniel,Male,Premium+,1
07121,hernandezaudrey@example.org,Tiffany,Female,Premium+,1
07122,william05@example.com,Leslie,Prefer not to say,Standard,1
07123,amberdorsey@example.org,Lauren,Female,Standard,0
07124,qpark@example.net,Erika,Male,Premium,1
07125,rhodespatrick@example.com,Amy,Other,Basic,1
07126,danarobinson@example.com,Kelly,Male,Standard,1
07127,scott78@example.org,Douglas,Male,Basic,1
07128,coliver@example.com,Matthew,Other,Standard,0
07129,carrolldenise@example.com,Megan,Male,Standard,1
07130,keithlucero@example.com,Sierra,Female,Standard,1
07131,arellanodestiny@example.com,Cynthia,Other,Standard,1
07132,parkershannon@example.net,Kara,,Basic,1
07133,kingchristine@example.net,Jennifer,Female,Basic,0
07134,yshepard@example.com,Cassidy,Male,Basic,1
07135,williamsandrew@example.org,Charles,Male,Premium,1
07136,zherrera@example.org,Rebecca,Male,Standard,1
07137,ecox@example.com,Cynthia,,Basic,1
07138,beckybailey@example.com,Melinda,Female,Standard,1
07139,louis38@example.org,Samantha,Female,Premium,1
07140,george15@example.com,William,Female,Standard,1
07141,dturner@example.net,Laura,Female,Premium,1
07142,grahamsteve@example.com,Andrew,Female,Premium+,0
07143,victorsmith@example.org,Monica,Male,Standard,1
07144,edward20@example.net,Hannah,Male,Basic,1
07145,katherine60@example.net,Sara,Male,Premium,0
07146,brendacarter@example.net,Katherine,Male,Basic,1
07147,uruiz@example.com,Steven,Female,Standard,1
07148,laurenarnold@example.net,Nicholas,Male,Standard,0
07149,jacobjohnson@example.com,David,Female,Standard,1
07150,onguyen@example.org,Kenneth,Male,Premium,1
07151,hancockdominic@example.net,Lisa,Other,Premium,1
07152,nmichael@example.org,Alicia,Prefer not to say,Premium,1
07153,myersbrian@example.org,Anne,Male,Premium,1
07154,matthewjackson@example.org,Karen,Prefer not to say,Premium+,1
07155,wadetyler@example.org,Anthony,Prefer not to say,Premium+,1
07156,annette63@example.com,Clayton,Female,Premium,1
07157,oflores@example.com,Scott,Male,Standard,0
07158,sullivanscott@example.org,Cynthia,Male,Premium,1
07159,cynthiaball@example.com,Erin,Other,Premium,1
07160,cmoore@example.com,Arthur,Female,Premium,1
07161,ywatson@example.net,Jennifer,Male,Premium,1
07162,ifinley@example.org,Jill,,Basic,1
07163,tammy58@example.net,Kimberly,Other,Standard,1
07164,luispowell@example.net,Johnathan,Prefer not to say,Basic,1
07165,kellywilliams@example.org,Shari,Female,Premium,1
07166,francessolis@example.com,Melissa,Male,Standard,1
07167,taylorjonathan@example.org,Kayla,Female,Premium,1
07168,courtneyhooper@example.org,Daniel,Male,Standard,1
07169,ellenlopez@example.org,Kelli,Female,Premium,1
07170,tcole@example.org,Caitlin,Male,Standard,1
07171,tinaallison@example.net,Beverly,Male,Standard,1
07172,nsolis@example.com,Susan,Female,Basic,1
07173,troysimmons@example.org,Jennifer,Female,Basic,1
07174,annette73@example.com,Ronald,Female,Premium+,1
07175,evansjessica@example.com,Jeffrey,Female,Standard,1
07176,vmendoza@example.net,Jose,Male,Standard,1
07177,rodneysimmons@example.org,Michelle,Female,Standard,1
07178,pughnicholas@example.net,Catherine,Male,Premium+,1
07179,phillipsalexander@example.net,Pamela,Male,Standard,0
07180,wenglish@example.com,Melissa,Female,Basic,1
07181,pmoody@example.net,Sheila,Male,Premium,1
07182,john18@example.net,Heather,Male,Premium,1
07183,debra32@example.com,Nicolas,Other,Basic,1
07184,bradley92@example.org,Holly,Male,Premium,1
07185,apowers@example.net,Randy,Female,Basic,1
07186,newtonadam@example.net,Chelsea,Male,Basic,1
07187,rogersrobert@example.com,Kimberly,Female,Premium+,0
07188,jonescorey@example.net,Haley,,Premium,1
07189,johnjohnson@example.net,Kayla,Female,Standard,1
07190,uhart@example.org,Ana,Female,Premium,0
07191,rebeccacasey@example.net,Thomas,Male,Standard,1
07192,richardsonbrandy@example.com,Brian,,Basic,0
07193,alexisjohnson@example.net,Jacob,Other,Standard,0
07194,scott27@example.com,Jason,Male,Basic,1
07195,mwalton@example.com,Amy,Female,Standard,1
07196,osborneallen@example.net,Barbara,,Premium,1
07197,wardjames@example.net,Matthew,Male,Premium,1
07198,hcox@example.com,Dawn,Male,Basic,1
07199,tclements@example.net,Nicholas,Female,Premium,1
07200,nancy21@example.com,Patricia,Male,Premium+,1
07201,wilkersonnathan@example.org,Rachel,Female,Premium,1
07202,saracampos@example.org,Peter,Female,Standard,1
07203,tonyaduarte@example.net,Susan,Female,Basic,1
07204,philliphill@example.net,Alexa,Female,Standard,1
07205,xholmes@example.org,Jasmine,,Premium,1
07206,jose70@example.net,Jodi,Male,Premium,1
07207,meghan62@example.net,Joseph,Other,Basic,1
07208,jack18@example.org,Sharon,Male,Basic,1
07209,roy17@example.net,Jessica,Male,Standard,0
07210,kimberlymendoza@example.net,Jesse,Male,Premium,1
07211,beverett@example.net,Daniel,Female,Standard,1
07212,rwood@example.com,Maria,Male,Premium,1
07213,brian23@example.net,Annette,Female,Standard,1
07214,alexander52@example.org,Lisa,Female,Standard,0
07215,robertbrown@example.org,Zachary,Female,Standard,1
07216,brandon86@example.org,Brett,Male,Premium,1
07217,howardelizabeth@example.net,Colleen,Male,Premium,1
07218,ashleywalker@example.com,Matthew,Male,Premium,1
07219,davidfrazier@example.com,Kirsten,Female,Standard,1
07220,kelleyjames@example.com,Jennifer,Female,Basic,1
07221,scott84@example.net,Whitney,Female,Standard,1
07222,alex92@example.com,Judith,Female,Standard,1
07223,dan41@example.org,Lisa,Female,Premium+,1
07224,nancy36@example.org,Yvonne,Female,Premium,1
07225,codyrivera@example.org,Jose,,Premium,1
07226,hnguyen@example.com,Brian,Female,Premium,1
07227,cummingssamuel@example.net,Jerry,Male,Premium+,1
07228,iduke@example.org,Anthony,Female,Premium,0
07229,davidgilbert@example.com,Alice,Female,Standard,1
07230,kmiller@example.net,Brian,Male,Basic,1
07231,mirandashawna@example.net,Jacob,Prefer not to say,Basic,0
07232,jamie10@example.com,Mary,Male,Basic,1
07233,jasonchavez@example.org,Joshua,Male,Standard,0
07234,vingram@example.com,Darin,Female,Premium,1
07235,coreyweeks@example.org,Shawn,Male,Basic,1
07236,snyderjoshua@example.net,Austin,Male,Standard,1
07237,fterrell@example.net,Sara,Female,Premium,0
07238,courtneysmith@example.com,Jennifer,,Basic,1
07239,kwilliamson@example.net,Brenda,Female,Premium+,1
07240,jcampbell@example.net,Alicia,Female,Premium,1
07241,maldonadosarah@example.org,Leonard,,Basic,1
07242,tiffany24@example.net,Tammy,Female,Standard,1
07243,hooverdavid@example.org,Wayne,Female,Premium,1
07244,sscott@example.net,Daniel,Female,Standard,1
07245,anthonyweber@example.org,Angela,Female,Basic,0
07246,sanchezeugene@example.org,Kevin,Female,Standard,0
07247,eberry@example.org,Connor,Male,Standard,1
07248,clarkcarlos@example.com,Catherine,Female,Premium,1
07249,qvelez@example.com,David,Male,Premium,1
07250,cfrost@example.org,Justin,Female,Standard,1
07251,nathandavis@example.net,Christopher,Female,Standard,1
07252,ingramjason@example.org,Vanessa,Female,Basic,1
07253,wduncan@example.com,Andrew,Prefer not to say,Standard,1
07254,christophersharp@example.net,Melinda,Prefer not to say,Standard,1
07255,hayesdonna@example.com,Robert,Male,Premium+,1
07256,twatkins@example.com,Peter,Other,Standard,1
07257,jordanjulie@example.com,Robert,Other,Premium+,1
07258,amberrios@example.com,Rhonda,Male,Basic,1
07259,theresataylor@example.net,George,Male,Standard,0
07260,brian34@example.com,Amy,Other,Standard,1
07261,jacksonmichael@example.net,Ryan,Other,Basic,1
07262,vickie76@example.org,Albert,,Basic,0
07263,brittanysilva@example.com,Donald,Female,Premium+,0
07264,rebeccadean@example.com,Michelle,Female,Premium+,1
07265,williamschristine@example.com,Robert,Male,Basic,0
07266,lutzlaurie@example.com,Shawn,Female,Standard,1
07267,deniseross@example.com,Jonathon,Prefer not to say,Standard,1
07268,dsimpson@example.net,Autumn,Female,Basic,0
07269,kjackson@example.org,Richard,Prefer not to say,Premium,0
07270,lindsey67@example.org,Theresa,Male,Premium,0
07271,andrew15@example.com,Donna,Female,Basic,1
07272,marcusgoodwin@example.com,David,Male,Standard,1
07273,hammondmallory@example.com,Joseph,Other,Premium,0
07274,harryramos@example.org,Angela,Male,Standard,1
07275,michaelcunningham@example.net,Luis,Female,Premium,1
07276,alyssa76@example.net,Marco,Male,Standard,1
07277,pwilson@example.org,Timothy,Female,Premium,1
07278,garciajay@example.org,Jasmine,Female,Standard,1
07279,barbaragamble@example.com,Robert,Prefer not to say,Premium,1
07280,patrick53@example.com,Andrew,Male,Premium,0
07281,luke88@example.org,Brett,Male,Basic,1
07282,michaelporter@example.com,Richard,Male,Basic,0
07283,alexandra62@example.com,Autumn,Female,Premium,1
07284,kyle01@example.net,Steve,Female,Premium,1
07285,dennisgabrielle@example.org,Harold,Male,Premium,1
07286,watkinsmelissa@example.org,Susan,Female,Standard,1
07287,uhendrix@example.org,Ryan,Female,Premium,1
07288,zmcdaniel@example.net,Marcus,Female,Basic,0
07289,rebeccamiles@example.net,Amy,Male,Premium,1
07290,billyvalentine@example.org,William,Male,Premium+,1
07291,yolanda63@example.net,Douglas,Prefer not to say,Standard,1
07292,campbellrachel@example.com,Austin,Female,Standard,1
07293,zcunningham@example.com,Micheal,Male,Basic,1
07294,rodney98@example.org,Blake,Male,Standard,0
07295,xaguilar@example.com,Zachary,Other,Standard,1
07296,kristi44@example.net,David,,Standard,1
07297,margaretthompson@example.com,Beth,Male,Standard,1
07298,thomas20@example.com,Amy,Male,Standard,1
07299,audreyalvarado@example.net,Bradley,,Standard,1
07300,pjohnson@example.com,Belinda,Female,Basic,1
07301,gordonchristina@example.org,Amy,Female,Premium,1
07302,anthonymann@example.org,William,Male,Premium,1
07303,ruben11@example.com,David,Female,Standard,1
07304,dkirk@example.net,Alyssa,,Standard,1
07305,james22@example.net,Sandra,Male,Standard,1
07306,justin83@example.net,Jeffery,Female,Premium,1
07307,mdillon@example.org,Carla,Female,Basic,1
07308,dcross@example.net,Donald,Female,Standard,1
07309,julie89@example.org,John,Male,Basic,0
07310,petersonadam@example.org,Angela,Male,Basic,1
07311,hbryant@example.net,Garrett,Female,Basic,0
07312,santosmichael@example.org,Shawn,Male,Premium,1
07313,stevenruiz@example.net,Marilyn,Female,Standard,1
07314,lnguyen@example.net,Richard,Female,Premium,1
07315,shannon07@example.com,Bianca,Female,Premium+,1
07316,nmcknight@example.net,Michelle,Male,Basic,1
07317,salinascheryl@example.com,Michael,,Premium,1
07318,nreed@example.net,Adam,Male,Standard,1
07319,camachomelissa@example.net,William,Male,Standard,1
07320,ddiaz@example.org,Rickey,Female,Standard,1
07321,martinezcalvin@example.net,Nicholas,Female,Premium,1
07322,onelson@example.net,Jessica,Male,Premium,1
07323,bmoore@example.net,Heather,Male,Standard,1
07324,griffithjamie@example.org,Victor,Male,Standard,1
07325,nguyenlawrence@example.com,Jessica,Male,Standard,1
07326,judy20@example.com,Craig,Female,Basic,1
07327,portermary@example.com,Carl,Male,Basic,1
07328,katherine99@example.com,Joshua,Male,Basic,1
07329,jamescummings@example.net,David,Female,Standard,1
07330,camacholauren@example.net,Laurie,Female,Basic,1
07331,michaelross@example.net,Rachel,Male,Basic,1
07332,dominique19@example.com,Todd,Male,Standard,1
07333,nicholas51@example.net,Jennifer,Female,Premium,1
07334,mthompson@example.net,Susan,Male,Basic,1
07335,zacharypalmer@example.org,Sean,Male,Premium,1
07336,virginiahudson@example.org,Erica,Female,Standard,1
07337,lindamiller@example.com,Juan,Female,Basic,1
07338,james25@example.org,Terri,Male,Premium+,1
07339,reynoldschristina@example.org,Tammy,Female,Premium,1
07340,dhernandez@example.org,Carolyn,Male,Basic,1
07341,shelby89@example.com,Jessica,Male,Premium,1
07342,allenbrandon@example.org,Samantha,Female,Basic,0
07343,kimberly21@example.com,Rebecca,Female,Standard,1
07344,alyssa77@example.com,Mary,Male,Premium,1
07345,rmiddleton@example.com,Joseph,Male,Standard,0
07346,jessica67@example.net,David,Other,Standard,0
07347,kellyreyes@example.com,Kevin,Female,Premium,1
07348,donaldlee@example.net,Sheila,Male,Premium,1
07349,donaldrobinson@example.org,Dustin,Male,Standard,1
07350,qpowell@example.net,Christopher,Male,Premium,1
07351,cartertina@example.org,Patty,Female,Premium+,1
07352,millerjohn@example.org,Michael,Female,Standard,1
07353,murphynicole@example.com,Theresa,Female,Basic,1
07354,robert44@example.net,Leslie,Female,Premium,0
07355,holmesamanda@example.org,Alexander,Male,Premium+,1
07356,ureyes@example.org,Marc,Male,Premium,1
07357,brian45@example.org,Luke,Female,Premium,1
07358,angelica97@example.org,Kyle,Male,Basic,1
07359,tracy85@example.org,Samantha,Female,Standard,1
07360,benjaminandrews@example.net,Theresa,Male,Standard,1
07361,johngonzalez@example.com,Justin,Male,Premium,1
07362,stevenortiz@example.org,Kim,Male,Premium,1
07363,taylorkramer@example.net,Jason,Prefer not to say,Standard,1
07364,charlestownsend@example.net,Kristy,,Standard,1
07365,lawsonjoel@example.org,Harold,Female,Standard,1
07366,carrolljohn@example.com,Mary,Female,Basic,1
07367,karlamoore@example.org,Shane,Female,Standard,1
07368,lopezsarah@example.net,John,Male,Standard,1
07369,jamesrobin@example.net,Patrick,Male,Standard,1
07370,xfleming@example.net,Elizabeth,Female,Premium,0
07371,xmartin@example.net,Paula,Female,Standard,1
07372,kevin62@example.org,Ian,Female,Basic,1
07373,jasongallegos@example.org,Carolyn,Male,Basic,1
07374,wjones@example.com,Robert,Female,Premium,1
07375,davila@example.org,Anthony,Male,Premium+,1
07376,luis34@example.com,James,,Standard,1
07377,awest@example.org,Michele,Male,Premium,1
07378,david80@example.net,Steven,Female,Premium+,1
07379,bakeremily@example.org,Tammy,Male,Premium,1
07380,lshelton@example.org,Pamela,Male,Basic,1
07381,rhondawest@example.org,Eric,Female,Premium,1
07382,harrisdavid@example.org,James,Male,Basic,1
07383,osims@example.org,Larry,Male,Standard,1
07384,ebarnes@example.org,Jeffrey,Female,Basic,1
07385,sean84@example.org,Sarah,,Basic,0
07386,michael07@example.org,Max,Other,Basic,0
07387,agrant@example.org,Lisa,Female,Premium,1
07388,milesgabriel@example.org,Diane,Prefer not to say,Standard,1
07389,molly57@example.org,Taylor,Female,Premium,1
07390,kevin27@example.org,David,Female,Standard,1
07391,colin02@example.org,Matthew,Female,Basic,1
07392,terrilong@example.org,Erin,Other,Premium,1
07393,nelsonshane@example.net,Tonya,Male,Standard,1
07394,waltersmichelle@example.net,Paul,Male,Standard,1
07395,petersjanice@example.net,Derek,,Standard,1
07396,pereztami@example.com,Carol,Female,Premium,1
07397,michaelhendrix@example.net,Trevor,Male,Premium,1
07398,sharplaura@example.com,Joseph,Male,Standard,1
07399,hughesryan@example.com,Alicia,Male,Premium+,1
07400,rodriguezebony@example.org,Laura,Female,Basic,1
07401,wtaylor@example.com,Erica,Female,Standard,1
07402,hineschristopher@example.org,Michael,,Basic,1
07403,icastillo@example.net,Thomas,,Premium,1
07404,fjones@example.net,Sarah,Male,Premium,1
07405,kimberlybullock@example.com,Sherri,Male,Standard,1
07406,eespinoza@example.com,Jason,Female,Standard,1
07407,pwilson@example.com,Erika,Male,Basic,1
07408,thompsoncarl@example.net,Annette,Female,Premium,1
07409,michael54@example.org,Tina,Male,Premium+,1
07410,qholt@example.org,Jared,Male,Standard,1
07411,april77@example.org,Nicole,Female,Standard,1
07412,joshua05@example.com,Brenda,Female,Basic,1
07413,april55@example.net,Sharon,Male,Premium+,1
07414,hilleugene@example.org,Cynthia,Female,Premium,1
07415,markwilson@example.com,Katherine,Male,Standard,1
07416,pruittjohn@example.net,Elizabeth,Female,Standard,1
07417,cward@example.net,Daniel,,Basic,1
07418,katherinebrown@example.org,Denise,Male,Basic,1
07419,rebecca87@example.net,Lori,Male,Standard,0
07420,jpeterson@example.org,Jessica,,Standard,1
07421,andreaward@example.com,Ricky,Male,Basic,1
07422,heatherharris@example.net,Sarah,Male,Standard,0
07423,pflores@example.com,Stephanie,Male,Premium,1
07424,donna36@example.org,Jeffrey,Female,Premium,1
07425,burnskenneth@example.org,Melanie,Female,Standard,1
07426,martinezelizabeth@example.net,Chelsey,Prefer not to say,Standard,1
07427,kmartinez@example.net,Cynthia,Male,Premium+,1
07428,morancraig@example.com,Samuel,Female,Premium+,1
07429,mcummings@example.com,Mark,Male,Premium,1
07430,meredithrosales@example.com,Nicole,Male,Premium,1
07431,whester@example.net,Sarah,Female,Standard,1
07432,craig39@example.net,Dawn,Male,Premium,1
07433,nblack@example.net,Kara,Male,Basic,1
07434,eguzman@example.org,Bonnie,Female,Premium,1
07435,stephen31@example.net,Christina,Male,Standard,1
07436,petersongina@example.net,Kimberly,,Standard,1
07437,vgarcia@example.net,Oscar,Female,Standard,1
07438,john79@example.com,Jordan,Other,Basic,1
07439,ryansharon@example.net,Sherri,Female,Basic,1
07440,fryjennifer@example.net,Raymond,Female,Basic,1
07441,mcdonaldjacob@example.net,Michael,Female,Standard,1
07442,tpratt@example.org,Lynn,Male,Premium,1
07443,wattsricky@example.net,Grant,Female,Basic,1
07444,ajones@example.com,Timothy,Male,Standard,1
07445,robertsashley@example.net,Jamie,Male,Standard,1
07446,joseph38@example.com,Michael,Male,Premium+,1
07447,vickie37@example.com,Heather,,Standard,0
07448,gtaylor@example.org,Jason,Female,Premium,0
07449,kimgarcia@example.org,Meghan,Male,Premium,1
07450,melaniemerritt@example.com,Mary,Male,Standard,1
07451,qallen@example.com,Nichole,Male,Premium,1
07452,alanwebb@example.com,Patty,Male,Premium,1
07453,wilsonnicole@example.org,Jose,Female,Premium,1
07454,ogreen@example.org,Belinda,Female,Premium,1
07455,xcannon@example.com,Eric,Female,Standard,1
07456,omiller@example.net,Robert,Male,Standard,0
07457,adammitchell@example.org,Kimberly,Female,Premium,1
07458,rschultz@example.net,Michael,Male,Premium+,1
07459,kristengrimes@example.org,Chloe,Male,Standard,0
07460,saracook@example.org,Shelly,Male,Standard,1
07461,coopermary@example.com,Scott,Male,Basic,1
07462,madison00@example.org,John,Female,Standard,1
07463,agiles@example.net,Michael,Male,Standard,1
07464,scottmorales@example.com,Dylan,,Premium+,1
07465,dfisher@example.com,Lee,Male,Basic,1
07466,matthew17@example.com,Joshua,Male,Premium,1
07467,kperry@example.org,Judy,Male,Standard,1
07468,valeriebailey@example.com,Tonya,Female,Premium,1
07469,lopezpatrick@example.net,James,Male,Basic,1
07470,areed@example.org,Cole,,Premium,1
07471,uwilson@example.org,Kristin,Female,Standard,1
07472,soliselizabeth@example.org,Brandon,,Premium+,1
07473,patrickjason@example.com,Troy,Male,Basic,0
07474,bhernandez@example.org,Julie,Male,Premium,1
07475,jennifernichols@example.org,Ashley,Female,Standard,0
07476,taylorjohn@example.com,Jonathan,Male,Premium+,1
07477,birdangela@example.net,Matthew,Male,Standard,1
07478,kwilliams@example.net,Elizabeth,Female,Premium,1
07479,joshua56@example.net,Luke,Female,Standard,0
07480,ronald68@example.net,William,Male,Standard,0
07481,staceysims@example.org,Michael,Female,Premium,1
07482,susan57@example.org,Crystal,Female,Standard,1
07483,harrisjonathan@example.net,David,Female,Standard,1
07484,ewilson@example.org,Tiffany,Male,Standard,0
07485,xjacobs@example.net,Scott,,Premium+,1
07486,katherinedawson@example.com,George,Male,Premium,1
07487,ibaker@example.org,Andrew,Male,Basic,1
07488,amber44@example.org,Timothy,Female,Basic,1
07489,erica75@example.org,Steven,Male,Basic,1
07490,diazbradley@example.net,David,,Premium+,1
07491,melissa86@example.org,Carrie,Other,Premium+,1
07492,lambertjennifer@example.org,Brianna,Female,Premium,1
07493,qmoyer@example.net,Natalie,Female,Basic,0
07494,mooregregory@example.org,Jacob,,Premium,1
07495,andrea20@example.org,James,Female,Standard,1
07496,ortegacourtney@example.com,John,Male,Basic,1
07497,megansoto@example.org,Kelly,Prefer not to say,Standard,1
07498,ubyrd@example.org,Erika,Female,Standard,1
07499,kathysmith@example.org,Julie,,Standard,1
07500,wmontgomery@example.com,Jessica,Female,Basic,1
07501,anthonyjackson@example.org,Melanie,Female,Premium,0
07502,pamela87@example.org,Theresa,Female,Standard,1
07503,amy92@example.com,Jacob,Female,Premium+,0
07504,fostermadison@example.com,Kendra,Other,Standard,1
07505,michaelrowland@example.com,Walter,Male,Standard,0
07506,gwhite@example.com,Tyler,Male,Standard,1
07507,xwagner@example.com,Joseph,Female,Standard,1
07508,spencerheather@example.net,Rick,Female,Premium,1
07509,qpatton@example.net,Sarah,Female,Basic,0
07510,davisheather@example.org,Robert,Other,Standard,0
07511,stevenmartin@example.com,Allison,Female,Basic,1
07512,ojohnson@example.net,Paul,Female,Premium,1
07513,amanda10@example.org,Gary,Female,Standard,0
07514,nicholas59@example.com,Sarah,Female,Basic,0
07515,justindudley@example.net,Barbara,Male,Basic,1
07516,hartjason@example.net,Dennis,Female,Standard,0
07517,greencindy@example.org,Jay,Male,Premium,1
07518,amy98@example.net,Daniel,Female,Standard,1
07519,adam38@example.com,Angela,Male,Standard,0
07520,david96@example.org,Charles,Male,Basic,1
07521,darlene61@example.org,Hannah,Female,Standard,1
07522,samantha49@example.com,Thomas,Female,Standard,0
07523,bartonbrianna@example.net,Michelle,Male,Premium,1
07524,alexphillips@example.org,Haley,Male,Premium,1
07525,kylebarnett@example.net,Stephanie,Female,Premium+,1
07526,clarkthomas@example.net,Jessica,,Premium,1
07527,hcarr@example.net,Elizabeth,Female,Premium,1
07528,colleen74@example.net,Matthew,Male,Standard,1
07529,alester@example.com,Dan,Male,Premium,1
07530,wendy85@example.org,Sharon,Female,Basic,1
07531,tinasantana@example.net,Robert,Female,Premium,1
07532,christine83@example.net,Joshua,Male,Basic,1
07533,matthew17@example.net,Melissa,Male,Premium,1
07534,gomeznathan@example.org,Carlos,Female,Standard,1
07535,rrose@example.net,Judy,Male,Standard,1
07536,loriwilliams@example.org,Daniel,Male,Premium,1
07537,jferrell@example.net,Crystal,Male,Standard,1
07538,torresjonathon@example.org,Alexander,Male,Premium,1
07539,judith34@example.org,Jason,Female,Premium,1
07540,ljohnson@example.com,Willie,Female,Basic,0
07541,annegarcia@example.org,Jason,Female,Premium,1
07542,colin57@example.com,Heather,Female,Standard,0
07543,ojohnson@example.net,Jason,,Standard,0
07544,erica85@example.org,James,Male,Basic,0
07545,qsherman@example.com,Mary,Male,Basic,1
07546,kathleenevans@example.net,Mary,Male,Basic,0
07547,shellymarks@example.com,Bridget,Female,Premium,1
07548,courtneykey@example.com,Helen,Male,Premium,1
07549,csteele@example.org,Donald,Female,Premium,1
07550,antonio05@example.com,Terrence,Male,Standard,0
07551,jeffreyweber@example.com,Erika,Female,Premium,1
07552,benjaminthompson@example.org,Julie,Female,Premium,1
07553,sarah06@example.com,John,Female,Standard,1
07554,patrick81@example.org,Nathan,Female,Premium,1
07555,brian16@example.com,Richard,Male,Premium,1
07556,amber04@example.net,Stephen,Female,Premium,0
07557,atkinsonelizabeth@example.org,Keith,Female,Premium,1
07558,phughes@example.net,Shirley,Male,Basic,1
07559,dallen@example.com,Levi,Female,Basic,0
07560,kyle38@example.org,Heather,Male,Basic,1
07561,rachelmorgan@example.org,Rachel,Male,Basic,1
07562,nicholsonedward@example.com,Shawn,Male,Standard,1
07563,ubenson@example.org,Lori,Female,Basic,0
07564,andrea72@example.com,Kimberly,Male,Standard,1
07565,ashley09@example.net,John,Female,Standard,1
07566,estesmathew@example.com,Erika,Male,Premium,0
07567,markwarren@example.com,Patrick,Male,Standard,1
07568,kelsey49@example.org,Bethany,Male,Premium,0
07569,dbaker@example.net,Michelle,Male,Premium,0
07570,rickymcclain@example.org,Kathy,Male,Standard,1
07571,mandyray@example.com,Christy,Male,Standard,1
07572,clarkbethany@example.com,George,Female,Basic,1
07573,mathew15@example.com,Heather,Male,Premium,0
07574,rsloan@example.net,Ashley,Female,Premium+,1
07575,zacosta@example.net,Sara,Female,Premium,1
07576,avasquez@example.net,Brian,Male,Standard,1
07577,ashley46@example.com,Justin,Male,Standard,1
07578,bgarza@example.com,Holly,Female,Premium+,1
07579,amythomas@example.org,Colin,Female,Standard,1
07580,jason72@example.org,Charles,Female,Standard,0
07581,sandra46@example.org,Holly,,Standard,1
07582,rebecca55@example.com,Cynthia,Female,Premium+,1
07583,langcorey@example.net,Wendy,Female,Basic,1
07584,taylorhamilton@example.com,Maria,,Standard,1
07585,micheal34@example.com,Zoe,Male,Premium+,1
07586,oclayton@example.org,Nina,Prefer not to say,Premium,1
07587,blakebarber@example.com,Frances,Female,Premium,1
07588,rcrawford@example.org,Jessica,Female,Standard,1
07589,klinestephanie@example.org,Meghan,Female,Standard,1
07590,jensenmary@example.com,Lori,Other,Standard,1
07591,ihill@example.org,Michael,Female,Standard,1
07592,wooddonald@example.com,Robert,Prefer not to say,Premium,1
07593,elizabethjohnson@example.com,Brittany,Male,Premium,1
07594,evansdana@example.com,Jennifer,Female,Basic,1
07595,johnfreeman@example.com,Seth,,Basic,1
07596,donna35@example.org,Manuel,Prefer not to say,Premium+,1
07597,jonesjoshua@example.org,Jonathan,Male,Premium,1
07598,grichardson@example.org,George,Male,Standard,1
07599,mbrown@example.org,Donald,Male,Basic,1
07600,melissamartinez@example.net,Kerri,Male,Premium,1
07601,phamjennifer@example.org,David,Male,Basic,1
07602,matthewhill@example.com,Karen,Prefer not to say,Basic,1
07603,hbennett@example.org,David,Male,Premium,1
07604,werneramy@example.com,Shannon,Male,Premium,1
07605,kathleenhorn@example.net,Debbie,,Premium,1
07606,nolankelly@example.net,James,Female,Standard,1
07607,ngordon@example.com,Veronica,Female,Premium,1
07608,lewisleah@example.net,Shelia,Male,Premium,1
07609,ruth60@example.net,Randy,Male,Standard,0
07610,christian14@example.com,Edward,Female,Standard,1
07611,christinetownsend@example.com,Jonathan,Male,Standard,1
07612,jackie84@example.com,Laura,Male,Standard,1
07613,kathleen63@example.net,Katherine,Male,Premium,1
07614,ariel46@example.net,John,Female,Premium,1
07615,bakeralyssa@example.org,Thomas,Male,Premium,1
07616,fmartinez@example.org,James,Male,Premium,1
07617,james06@example.com,Monica,Male,Premium,1
07618,mstewart@example.org,Paul,Female,Premium,1
07619,barrettwendy@example.net,John,Female,Standard,1
07620,dconrad@example.org,Shaun,Female,Premium,1
07621,robert89@example.com,Brandon,Female,Standard,1
07622,malvarado@example.com,Christopher,Male,Standard,1
07623,marshsamantha@example.com,Joel,Female,Basic,1
07624,ohernandez@example.net,Christopher,,Premium+,1
07625,dustin84@example.org,Stephanie,Male,Standard,1
07626,alejandra11@example.org,John,Other,Premium,1
07627,kshaw@example.com,Ashley,Male,Standard,0
07628,elizabethrivera@example.org,Maria,Prefer not to say,Premium,1
07629,jacksoncindy@example.net,Gregory,Male,Standard,1
07630,ymanning@example.net,Kevin,Female,Standard,1
07631,karenmaddox@example.com,Todd,Other,Premium+,1
07632,jamescolon@example.net,Richard,Male,Premium,1
07633,jenniferprice@example.org,Abigail,Male,Standard,1
07634,walkeralison@example.org,Amanda,Female,Standard,1
07635,juliegutierrez@example.org,Heather,Female,Premium,1
07636,dgarcia@example.com,Jared,Female,Premium,0
07637,bcummings@example.org,Kimberly,Male,Premium,1
07638,clinejoseph@example.org,Brooke,Male,Basic,0
07639,jamieprince@example.com,Brian,Male,Premium,1
07640,chase60@example.net,Samantha,Other,Basic,0
07641,josephallen@example.org,Christy,Female,Basic,1
07642,robertskaren@example.com,Bradley,Male,Basic,1
07643,bleon@example.org,Logan,Male,Standard,0
07644,jonathan16@example.org,Michael,Male,Premium+,1
07645,scottcole@example.net,Rebecca,,Standard,1
07646,jenniferrobinson@example.net,Barbara,Female,Standard,1
07647,jillferguson@example.com,Michelle,Male,Standard,1
07648,qdixon@example.org,Anne,Male,Basic,0
07649,seanhorton@example.net,James,Female,Premium,1
07650,adam40@example.net,Erin,Prefer not to say,Premium,1
07651,walshleah@example.org,Jeffrey,Male,Premium,1
07652,joshuaowens@example.com,Patricia,Male,Basic,1
07653,ruizrobert@example.org,Alan,Male,Premium,0
07654,samuelcox@example.net,Carrie,Male,Basic,1
07655,colleenwilliams@example.org,Daniel,Male,Standard,0
07656,duartegeorge@example.org,Kimberly,Male,Basic,1
07657,sarawatson@example.net,Kim,Female,Standard,1
07658,larry96@example.net,Charles,Female,Premium+,1
07659,smithabigail@example.net,Chad,Male,Standard,1
07660,simskristy@example.com,Erika,Female,Standard,1
07661,tracy88@example.com,Jonathan,Female,Standard,0
07662,guynorton@example.com,Scott,Female,Standard,1
07663,rmoreno@example.org,Catherine,Female,Standard,1
07664,molly61@example.net,Brian,Female,Premium,1
07665,breed@example.org,Jessica,Female,Premium,1
07666,ttaylor@example.com,Teresa,Male,Premium,1
07667,elizabetholson@example.org,Theresa,Male,Standard,1
07668,nicolehenry@example.com,George,Male,Premium,1
07669,wrivera@example.org,Nichole,Male,Standard,1
07670,thunter@example.com,Alexander,Female,Standard,1
07671,johnsonjessica@example.net,Cole,Female,Standard,1
07672,simpsondonald@example.org,Paul,Male,Standard,1
07673,sergio81@example.org,Joan,Female,Premium,1
07674,mooredavid@example.org,Christopher,Female,Premium,1
07675,stephanieward@example.net,Willie,Other,Standard,1
07676,hannah70@example.com,Dustin,,Standard,1
07677,bradforddavid@example.com,John,Female,Premium,0
07678,tking@example.com,Riley,Female,Standard,0
07679,dylanrodriguez@example.net,Brian,Female,Premium,1
07680,russellashley@example.com,Cassandra,Male,Premium,0
07681,vicki41@example.net,Timothy,Male,Basic,1
07682,smithjose@example.org,Roberto,Other,Standard,0
07683,ray39@example.com,Angela,Male,Standard,1
07684,colemanashley@example.net,Jesse,,Basic,1
07685,jarednichols@example.org,Charles,Female,Standard,1
07686,josebrady@example.org,Tammy,Female,Standard,1
07687,alyssabrown@example.org,Catherine,Male,Premium,1
07688,toni84@example.com,Juan,Female,Premium,1
07689,cesarbrown@example.net,Cameron,Male,Standard,1
07690,watsonlisa@example.org,Linda,Female,Basic,1
07691,janet18@example.org,Michael,Female,Premium,1
07692,evan75@example.net,Michael,Female,Premium,1
07693,mccalllinda@example.com,Nicholas,Other,Premium,1
07694,cjordan@example.com,James,Female,Premium+,1
07695,jay55@example.com,Lisa,Female,Basic,0
07696,yacevedo@example.org,James,Male,Standard,1
07697,moyermadison@example.com,Elizabeth,Female,Premium,1
07698,michele05@example.com,Jason,Male,Standard,0
07699,beth58@example.net,Sandra,Male,Standard,1
07700,howardjulie@example.org,Kathleen,Male,Premium+,1
07701,hweber@example.com,Belinda,Male,Premium,0
07702,kurtlee@example.net,Erika,Male,Basic,1
07703,yvettewhite@example.org,James,Male,Standard,1
07704,moorealexandria@example.net,Scott,Female,Standard,1
07705,valerie78@example.net,Kristy,Female,Basic,1
07706,glawson@example.org,Tracie,Female,Premium,1
07707,jennifer26@example.com,Shane,Male,Standard,1
07708,michael53@example.com,Bridget,Female,Standard,1
07709,debbierobinson@example.org,Christopher,Other,Standard,1
07710,olsenjill@example.com,Curtis,Female,Basic,1
07711,lewisfrank@example.com,Cameron,Male,Standard,1
07712,nkennedy@example.org,Heather,Female,Standard,1
07713,ymcdonald@example.org,Joseph,Female,Premium,1
07714,ygiles@example.com,Stephen,Female,Premium,1
07715,bartonshelby@example.net,Erik,Female,Premium,1
07716,qmyers@example.com,Tony,Male,Standard,1
07717,enorris@example.org,Hailey,,Premium,1
07718,eserrano@example.net,Michael,Female,Standard,1
07719,skinnercurtis@example.com,Alyssa,Male,Standard,1
07720,robertsonjeffery@example.net,Christopher,Female,Premium,1
07721,smithjohn@example.net,Brandon,Female,Premium,1
07722,brent74@example.net,Robert,Female,Premium,1
07723,alexissantiago@example.org,Kevin,Male,Basic,0
07724,gallaghersarah@example.com,Randy,Prefer not to say,Basic,1
07725,sarahriley@example.org,Tara,Male,Standard,1
07726,qlee@example.org,Richard,Male,Basic,1
07727,natashaduncan@example.net,Gina,Female,Premium,0
07728,goldendavid@example.com,Robert,Female,Standard,1
07729,michealjimenez@example.com,Antonio,Female,Standard,1
07730,yescobar@example.com,Dawn,Male,Premium,1
07731,leslie79@example.org,Terri,Prefer not to say,Basic,1
07732,sherri66@example.net,Matthew,Female,Premium,1
07733,lmoore@example.org,Trevor,,Standard,1
07734,elizabethharris@example.org,Lisa,Female,Standard,1
07735,danieljames@example.com,Michael,Female,Premium,1
07736,rlucas@example.net,Keith,Female,Premium+,1
07737,barkerderrick@example.org,Shannon,Male,Standard,1
07738,mark28@example.com,Jeanette,Male,Premium,0
07739,ikelly@example.org,Virginia,Male,Premium+,1
07740,carolrhodes@example.org,Veronica,,Premium+,1
07741,robert45@example.org,Gary,Female,Basic,1
07742,christinawatson@example.com,Ashley,Male,Premium,1
07743,christophergonzalez@example.net,Gregory,Male,Premium,1
07744,elizabethjoseph@example.org,Carl,Male,Premium+,1
07745,kskinner@example.org,Martin,Male,Premium,1
07746,johnsonann@example.net,Steven,Female,Standard,1
07747,gkoch@example.org,Rachel,Male,Standard,1
07748,nyoung@example.org,Derek,,Premium,0
07749,bridgetdudley@example.net,Juan,Male,Basic,1
07750,jessica38@example.org,Calvin,Female,Basic,0
07751,michaelrice@example.com,Tommy,Male,Basic,1
07752,thomastamara@example.org,Brandon,Female,Standard,1
07753,ejohnson@example.com,Harold,Female,Basic,1
07754,patrick43@example.org,Cory,Female,Standard,1
07755,brooksmarisa@example.com,Kristin,Female,Basic,1
07756,tmiller@example.com,Debra,Female,Standard,1
07757,zcampbell@example.org,William,Prefer not to say,Premium,1
07758,patricia65@example.net,Edwin,Male,Premium,1
07759,stephanie99@example.org,Madison,Female,Basic,0
07760,kevinmason@example.net,Emily,Male,Basic,1
07761,christopherjenkins@example.net,Eric,Male,Premium,1
07762,susanjohnson@example.com,Andrea,Female,Premium+,1
07763,alexandra64@example.org,Yvonne,Female,Premium,1
07764,xhoover@example.com,Donald,Male,Basic,1
07765,laura89@example.com,Valerie,Female,Standard,1
07766,fredericksmith@example.net,Jason,Female,Basic,1
07767,gheath@example.org,Gary,Female,Premium,1
07768,allen30@example.com,Sara,Male,Premium,1
07769,brandon11@example.net,Deborah,Female,Basic,1
07770,brianellis@example.net,Robin,Male,Premium,1
07771,henryrobert@example.com,David,Male,Standard,0
07772,allenkristine@example.com,Harold,Female,Standard,1
07773,hrobinson@example.org,Tara,Male,Basic,0
07774,pwong@example.com,Rachel,Male,Standard,1
07775,pamela23@example.org,David,,Premium+,1
07776,anthony26@example.org,Katherine,Male,Premium,1
07777,jamie34@example.net,Daniel,Male,Standard,1
07778,grobinson@example.org,Steven,Female,Standard,1
07779,watsonchristine@example.net,Adam,Female,Basic,1
07780,jonathan69@example.com,Lori,Other,Standard,0
07781,timothy02@example.net,Jared,Male,Basic,0
07782,gabriellegarza@example.com,Breanna,Female,Premium,0
07783,jenniferbaldwin@example.net,David,Female,Standard,1
07784,austinolsen@example.org,Aaron,,Premium,1
07785,ericcastro@example.org,Sarah,Prefer not to say,Premium+,0
07786,jordan17@example.net,Brad,,Premium,1
07787,jimenezdillon@example.net,Adam,,Premium+,0
07788,sheila57@example.com,Mary,Male,Premium,0
07789,rivaserica@example.com,Lisa,Male,Basic,1
07790,heather39@example.org,Misty,Female,Basic,1
07791,carteraaron@example.com,David,Female,Standard,1
07792,christopherwalsh@example.org,Elizabeth,Male,Premium,1
07793,roweryan@example.com,Cameron,Female,Standard,1
07794,sean73@example.com,Barbara,Male,Premium+,1
07795,yolanda79@example.net,Gregory,Male,Premium,1
07796,andrewkennedy@example.net,Alexander,Male,Premium,1
07797,sheila61@example.net,John,Female,Basic,1
07798,fernandezpaula@example.net,Amy,Other,Standard,1
07799,mhill@example.com,Grace,Male,Standard,1
07800,saraspencer@example.net,Marcus,Male,Standard,0
07801,janice82@example.org,Andrea,,Premium,1
07802,ian68@example.net,Ashley,Female,Premium,0
07803,amandaweiss@example.com,Joseph,Male,Premium,1
07804,ohuffman@example.org,Alyssa,Female,Basic,0
07805,gilbert19@example.com,Robert,Female,Basic,1
07806,jacqueline63@example.net,Kelly,Other,Basic,0
07807,sandra81@example.net,Lindsey,Male,Standard,1
07808,mariasmith@example.com,Timothy,Female,Standard,1
07809,audreynavarro@example.net,Jillian,Female,Standard,1
07810,kara36@example.net,Melissa,Male,Standard,1
07811,pharmon@example.org,Ronald,Male,Premium,1
07812,benjaminclark@example.org,Victoria,,Basic,1
07813,nterrell@example.com,Randall,Female,Premium,1
07814,mclaughlinkeith@example.org,Leslie,Female,Premium+,1
07815,ejackson@example.com,Emily,Male,Premium+,1
07816,alyssa31@example.com,Keith,Female,Standard,1
07817,ypacheco@example.org,Joseph,Female,Basic,1
07818,jrobinson@example.net,Michael,Female,Standard,1
07819,marywalker@example.net,Christopher,Female,Premium,1
07820,michael19@example.com,Nicholas,Male,Basic,1
07821,sampsonjennifer@example.net,Amy,Female,Premium,1
07822,adamwilliams@example.net,Ryan,Male,Premium,1
07823,daisy54@example.com,Angela,Female,Premium,1
07824,fdennis@example.com,Janice,Male,Standard,1
07825,barry67@example.net,Steven,Female,Basic,1
07826,jasonramos@example.org,Carol,Male,Basic,1
07827,megan90@example.org,Robert,Female,Premium,1
07828,butlerlori@example.com,Amber,Male,Premium+,0
07829,grobinson@example.net,William,Other,Basic,0
07830,burnsandre@example.org,Richard,,Basic,0
07831,mortoncarly@example.com,Robert,Female,Premium,1
07832,renee84@example.net,Colleen,Female,Standard,1
07833,barbara31@example.com,Stephanie,Female,Standard,1
07834,brianwagner@example.com,Ashley,Female,Premium,1
07835,hdavis@example.net,Dylan,,Standard,1
07836,brian23@example.com,Michael,Male,Premium,1
07837,bonnie93@example.org,Samantha,Female,Premium,1
07838,mgrimes@example.com,Timothy,Female,Standard,1
07839,iallen@example.com,Adam,Male,Premium,1
07840,lisa41@example.com,Nathan,Female,Standard,1
07841,apriljordan@example.net,Rebecca,Male,Premium,1
07842,moniquefrey@example.org,Michelle,Male,Premium,1
07843,justinhopkins@example.com,James,Other,Basic,1
07844,wstevens@example.net,Geoffrey,Female,Standard,1
07845,lloydkim@example.net,Cody,Female,Premium,1
07846,gillpamela@example.net,Jenna,,Premium+,0
07847,garciajoseph@example.net,Jacqueline,,Premium,1
07848,russelljodi@example.org,Jason,Female,Standard,1
07849,whopkins@example.net,Michael,Male,Basic,1
07850,agonzalez@example.org,Taylor,Female,Premium,1
07851,stevenpayne@example.com,Daniel,,Basic,1
07852,cmiller@example.org,Amber,Other,Standard,1
07853,hfernandez@example.com,Joseph,Female,Premium+,1
07854,glen50@example.com,Charles,Female,Premium,1
07855,velasquezlisa@example.com,Christopher,Female,Standard,1
07856,katherinehall@example.net,Ashley,Female,Basic,1
07857,foleyrebecca@example.net,James,Female,Premium,1
07858,john30@example.org,Rose,Female,Standard,0
07859,shawnhancock@example.net,David,Male,Premium,1
07860,michelle63@example.net,Erika,Male,Standard,1
07861,michaelmartin@example.org,Taylor,Female,Standard,1
07862,watersjessica@example.com,Nathan,Female,Premium,0
07863,lindsey00@example.net,Evan,Female,Premium,1
07864,sarah94@example.com,Brandy,Male,Premium,0
07865,peter35@example.com,Ronald,Female,Basic,1
07866,clee@example.org,Hector,Male,Premium+,1
07867,joseph99@example.com,Amber,Male,Standard,0
07868,steven86@example.com,Robert,Male,Basic,1
07869,adkinsbrenda@example.net,John,Female,Standard,1
07870,shannonhodges@example.com,Barbara,Female,Premium+,1
07871,skinnercameron@example.com,Angela,Male,Basic,1
07872,jennifer31@example.net,Wendy,,Standard,1
07873,jordanelizabeth@example.org,Travis,Female,Standard,1
07874,jennifer24@example.net,David,Male,Premium,1
07875,aperez@example.org,Jacob,Female,Basic,1
07876,mcgeeamber@example.net,Mike,Prefer not to say,Basic,1
07877,michaelgraves@example.org,Tammy,Other,Premium,1
07878,obarnes@example.org,Thomas,,Premium,1
07879,jacob72@example.org,Lori,Male,Standard,1
07880,deborah10@example.org,Bradley,Male,Premium,1
07881,karenwaller@example.com,Eric,Female,Standard,1
07882,donna31@example.org,Jennifer,,Basic,1
07883,durhamleslie@example.com,Loretta,Male,Standard,1
07884,gclark@example.com,Jessica,Prefer not to say,Standard,1
07885,derek22@example.com,Cindy,,Basic,1
07886,nhoward@example.com,Megan,Male,Premium,1
07887,patrickhenry@example.net,Russell,Male,Premium,1
07888,christinenewman@example.org,Rachel,Female,Premium,1
07889,cmay@example.com,Carol,Female,Premium,1
07890,daniel57@example.com,Rachel,Male,Standard,1
07891,brianna36@example.net,Lindsey,Female,Standard,0
07892,edward30@example.org,Rita,Female,Premium+,1
07893,tlloyd@example.net,John,Male,Premium+,1
07894,daniel14@example.org,Sarah,Female,Premium+,1
07895,wwalsh@example.org,Felicia,Male,Standard,1
07896,susan30@example.net,James,Other,Premium,1
07897,ugarcia@example.org,Meghan,Male,Basic,0
07898,omonroe@example.com,Gregory,Female,Premium,1
07899,danielskatherine@example.org,Todd,Female,Basic,1
07900,dparsons@example.net,Christopher,Female,Basic,1
07901,fpowers@example.net,Daisy,Male,Basic,1
07902,cardenasdaniel@example.net,Joan,Female,Premium+,1
07903,davenportcaitlin@example.net,Ashley,Female,Standard,0
07904,stevenwest@example.net,Jerry,,Premium,1
07905,williamslindsey@example.org,Travis,Male,Premium,1
07906,ksmith@example.org,Deborah,Male,Basic,1
07907,michael73@example.net,Nicholas,Female,Premium,1
07908,valerie53@example.org,Margaret,Male,Standard,1
07909,tblake@example.org,Zachary,Female,Standard,1
07910,mwilkerson@example.net,Aaron,Male,Premium,1
07911,imurphy@example.net,Sharon,Female,Basic,1
07912,latoyaramirez@example.net,Sarah,Male,Standard,1
07913,michaelstevens@example.com,Mary,Female,Premium,1
07914,mthomas@example.net,Roy,Female,Standard,1
07915,hmcguire@example.net,Tammy,Male,Standard,1
07916,john81@example.org,Alec,Female,Premium+,1
07917,johnsonaaron@example.com,Christopher,Female,Premium,0
07918,olivia64@example.org,Ashley,Prefer not to say,Premium,1
07919,michael78@example.net,Todd,Male,Basic,1
07920,andrewphillips@example.com,Claire,Female,Premium,1
07921,robert38@example.net,Kelly,Prefer not to say,Basic,1
07922,tfrost@example.org,Maria,Male,Standard,1
07923,danderson@example.com,Shannon,Male,Premium,1
07924,qhayden@example.org,Katherine,Female,Standard,1
07925,tvaughn@example.net,Darrell,Male,Standard,1
07926,kevinfletcher@example.com,Kristen,Male,Standard,1
07927,hopkinsjesse@example.net,Michael,,Standard,0
07928,allisonjenkins@example.org,Laura,Male,Standard,1
07929,johnmartin@example.net,Christina,Male,Basic,0
07930,kentconway@example.com,Suzanne,Female,Premium,1
07931,zkelly@example.org,Lee,Female,Premium,1
07932,davisbrittany@example.net,Kara,Female,Premium,1
07933,hbanks@example.org,Jeffery,Female,Premium,0
07934,maryjones@example.org,Sara,Female,Premium,0
07935,brian82@example.com,Ricardo,Male,Standard,1
07936,danielwatkins@example.org,Matthew,Male,Standard,1
07937,mark71@example.net,Linda,,Premium,1
07938,susanpham@example.net,Lori,Female,Standard,1
07939,kimberly46@example.net,Kevin,Male,Standard,1
07940,powerschristy@example.com,Vanessa,Female,Basic,1
07941,pblack@example.com,Joanna,Male,Premium,1
07942,gmcintyre@example.net,Jonathon,Male,Standard,1
07943,marthabaker@example.org,Jeffrey,Female,Premium,1
07944,joshuahernandez@example.org,Curtis,Male,Standard,0
07945,robertclark@example.net,Nicholas,Male,Standard,1
07946,colliernicole@example.net,Hector,Male,Premium+,0
07947,zsmith@example.com,Brandon,Male,Premium,0
07948,griffithmike@example.com,John,Female,Premium,1
07949,ynicholson@example.com,Rebecca,,Premium,1
07950,adam74@example.net,Isaac,Female,Basic,1
07951,thomashooper@example.com,Carolyn,Female,Standard,1
07952,calvingomez@example.org,Anthony,Female,Premium,1
07953,riverajulia@example.net,Teresa,Male,Standard,1
07954,alejandrajackson@example.org,David,Female,Premium,0
07955,danielharris@example.com,Amanda,Female,Standard,1
07956,lisamcclain@example.net,Frances,Male,Premium,1
07957,mkelly@example.com,Michele,Male,Basic,1
07958,christianshawn@example.net,Gordon,Female,Basic,0
07959,awoods@example.com,Joseph,Male,Premium+,1
07960,jonesmark@example.com,Taylor,Female,Standard,1
07961,donald00@example.net,Joshua,Female,Premium,1
07962,nanderson@example.com,Colleen,Male,Premium,1
07963,ejohnson@example.com,Troy,,Premium,1
07964,bmccann@example.com,Connie,Female,Premium,1
07965,amysmith@example.com,Maria,Female,Standard,0
07966,biancawelch@example.com,Amanda,Female,Standard,1
07967,eric02@example.net,Emily,Male,Basic,1
07968,allison79@example.org,Randy,Other,Premium+,1
07969,itaylor@example.net,Cathy,,Premium,1
07970,hernandezsteven@example.net,Monica,Male,Standard,1
07971,leah14@example.net,Jason,Male,Basic,1
07972,howardrebecca@example.org,Brian,Female,Standard,1
07973,huntkimberly@example.org,Carol,Other,Premium,0
07974,john67@example.com,Tracy,Male,Standard,1
07975,laura62@example.com,William,Female,Standard,1
07976,rmccall@example.org,Glenn,Female,Basic,1
07977,qlawson@example.com,Derek,Male,Premium,1
07978,mejiasuzanne@example.net,Belinda,Female,Standard,0
07979,mark72@example.net,Nicole,Female,Standard,1
07980,gordonmiranda@example.net,Laura,Male,Premium,0
07981,edwinmason@example.com,Sarah,Male,Premium,1
07982,gailwright@example.com,Howard,Male,Standard,1
07983,xsnyder@example.org,Ronald,Female,Premium,1
07984,emilymyers@example.com,Rachael,Male,Basic,1
07985,nwheeler@example.com,Susan,Male,Premium,1
07986,hancockrobert@example.com,Jonathan,Female,Premium+,1
07987,dennisrobertson@example.com,Ian,Prefer not to say,Basic,1
07988,williambrown@example.org,Brian,Other,Premium,1
07989,leonsamantha@example.net,Kelsey,Female,Premium,1
07990,nlane@example.org,Nicole,Male,Premium,1
07991,dholloway@example.org,Christy,Female,Standard,0
07992,wmills@example.com,Jeff,Male,Basic,1
07993,rmays@example.net,Hannah,Female,Standard,1
07994,justinwest@example.net,Regina,Female,Premium,1
07995,tyrone73@example.org,Adriana,Female,Premium,0
07996,daniel05@example.org,Jose,Male,Premium,1
07997,dblack@example.com,Susan,Male,Standard,1
07998,matthewjackson@example.org,Mark,Female,Premium+,1
07999,shawnharrington@example.org,Troy,Female,Premium,0
08000,lsmith@example.org,Alexis,Male,Standard,1
08001,bennettlarry@example.org,Michelle,Female,Standard,1
08002,athomas@example.org,Troy,Male,Premium+,1
08003,walkeraaron@example.com,Tammy,,Premium,1
08004,tinamiller@example.com,Connie,Male,Basic,1
08005,sford@example.net,Marie,Male,Standard,1
08006,albertleonard@example.com,Sherry,Female,Standard,1
08007,contrerasgina@example.net,Brandi,Female,Premium,1
08008,bautistascott@example.org,Laura,Female,Premium,0
08009,bernardandrea@example.com,Christina,Female,Standard,1
08010,brittanywhite@example.net,Erin,Female,Premium,1
08011,cyang@example.com,Tracy,Prefer not to say,Standard,1
08012,moorerebecca@example.org,Joseph,Female,Premium,1
08013,carol74@example.net,Carrie,Male,Premium,1
08014,margarethernandez@example.com,Charles,Female,Basic,1
08015,vlewis@example.com,Gregory,Male,Basic,1
08016,judy25@example.net,Holly,Female,Premium,1
08017,aaron81@example.com,Laura,Female,Basic,1
08018,scott87@example.com,Ronald,Male,Premium,1
08019,oparker@example.org,Nicole,Male,Standard,1
08020,austin25@example.org,James,Female,Premium,1
08021,kellylopez@example.org,Paul,Female,Premium,1
08022,vazquezpaul@example.org,Robert,Male,Premium,1
08023,yduke@example.net,Donald,Female,Premium+,1
08024,amanda53@example.com,Robert,Male,Premium,1
08025,jessica53@example.net,Jacob,Female,Premium,1
08026,ryandanny@example.com,Grace,Male,Basic,1
08027,kimberly42@example.net,John,Female,Premium,1
08028,mullinserica@example.org,Carolyn,Female,Standard,1
08029,megan13@example.org,Hannah,Male,Premium,1
08030,brewerbryce@example.com,Charles,Male,Premium,1
08031,hobbsshelly@example.com,Scott,Other,Standard,1
08032,millerjared@example.org,Hannah,Female,Premium,1
08033,millerdalton@example.net,Samantha,Prefer not to say,Basic,1
08034,boonebrenda@example.net,David,Other,Standard,1
08035,virginiaclark@example.org,Elizabeth,Female,Standard,1
08036,gmartinez@example.net,Gregory,Male,Standard,1
08037,rgriffin@example.org,Holly,Female,Standard,1
08038,sburke@example.org,Audrey,Male,Standard,0
08039,brownadriana@example.net,Lisa,Female,Premium,1
08040,angelagonzalez@example.org,Tyler,Male,Premium,1
08041,qcook@example.org,Tonya,Male,Standard,1
08042,danderson@example.org,Christina,Female,Standard,1
08043,john13@example.com,Kevin,Prefer not to say,Premium,1
08044,ugomez@example.org,Pamela,Male,Standard,1
08045,danielthompson@example.org,Ronald,Female,Standard,0
08046,rebecca59@example.org,Rose,Female,Standard,1
08047,hayesrobert@example.com,James,Female,Premium,0
08048,kduncan@example.net,Michael,Female,Standard,0
08049,samuelgarcia@example.org,Kevin,Female,Premium,1
08050,nicoleharrell@example.net,Craig,,Standard,1
08051,ferrelldawn@example.net,Matthew,Female,Premium,1
08052,jwalters@example.org,Ashlee,Male,Premium+,1
08053,kevin60@example.com,Antonio,Male,Standard,1
08054,cruzdavid@example.net,Carrie,,Standard,1
08055,paullauren@example.org,Tim,,Premium,1
08056,millerrobert@example.com,Michael,Male,Premium,1
08057,uhamilton@example.net,Taylor,Female,Premium+,0
08058,marissamason@example.net,Cynthia,Male,Standard,1
08059,kyle14@example.com,Rhonda,Female,Premium,1
08060,sreynolds@example.com,Jeffrey,Female,Premium+,1
08061,fbailey@example.com,Madeline,Male,Premium+,1
08062,betty38@example.org,Alyssa,Male,Standard,0
08063,bellis@example.org,William,Female,Standard,1
08064,shannonwright@example.net,Catherine,Male,Standard,1
08065,garciaphillip@example.com,Patricia,Female,Standard,0
08066,michaelmatthew@example.com,Jason,Male,Premium,1
08067,wjones@example.net,William,Male,Premium,0
08068,lkelly@example.net,James,Male,Premium+,1
08069,phillipskathryn@example.net,Angela,Female,Premium,1
08070,carneymichael@example.com,Jeffrey,Female,Standard,1
08071,peterswanson@example.com,Rachel,Female,Standard,1
08072,acooper@example.net,Jonathan,Female,Premium,1
08073,sabbott@example.com,Carol,Female,Premium,1
08074,davidholt@example.com,Kathryn,Male,Premium,1
08075,kylegomez@example.net,Erica,Male,Standard,1
08076,brooke20@example.com,Sheri,Male,Premium,1
08077,daniel01@example.com,Paul,Female,Premium+,0
08078,lindsey54@example.com,Thomas,Other,Standard,1
08079,lawrencecampbell@example.org,Robert,Female,Standard,1
08080,aclark@example.com,Monica,,Premium,1
08081,ocalhoun@example.org,Courtney,Female,Standard,1
08082,michaelwilliams@example.org,Darlene,Female,Premium,0
08083,clarkterrance@example.com,Margaret,Female,Standard,1
08084,kirksmith@example.com,Rachel,,Basic,0
08085,jarviskenneth@example.org,Bryan,Male,Premium,1
08086,ekelly@example.org,Justin,Male,Premium+,1
08087,nathanbarnes@example.com,Tyler,Female,Premium+,1
08088,tarayoung@example.com,Thomas,Male,Standard,1
08089,greenjohn@example.net,Reginald,Female,Standard,0
08090,brownlaura@example.net,Micheal,Male,Standard,1
08091,rhiggins@example.net,Carl,Male,Standard,0
08092,andreastrong@example.net,John,Female,Premium,1
08093,randysmith@example.net,Tyler,Male,Standard,1
08094,aperkins@example.com,Tracy,Male,Standard,1
08095,jonessarah@example.com,Michael,Female,Standard,1
08096,grosstammy@example.org,Sarah,Male,Basic,1
08097,davidanderson@example.org,Anna,Female,Premium,0
08098,ricejoshua@example.org,Scott,Male,Premium,1
08099,hinesdawn@example.com,Carrie,,Premium,1
08100,matthewarmstrong@example.com,Carla,Female,Standard,1
08101,angela86@example.org,Jamie,Prefer not to say,Premium,1
08102,linjack@example.com,Michael,Prefer not to say,Premium,1
08103,jibarra@example.net,Amanda,Female,Standard,0
08104,lmorgan@example.net,Jeffrey,,Standard,1
08105,fmccoy@example.com,Judy,Male,Premium,1
08106,wyattdebra@example.com,Molly,Male,Basic,1
08107,zkennedy@example.com,Nina,Female,Premium,0
08108,jeffrey02@example.org,Tricia,Male,Premium,0
08109,stephanie91@example.com,Ronnie,Male,Premium,1
08110,andre84@example.org,Jessica,Female,Standard,1
08111,rebeccasanders@example.net,John,Male,Premium,1
08112,ustewart@example.org,Matthew,Prefer not to say,Basic,1
08113,smithmegan@example.org,Sean,Male,Standard,1
08114,jonathonbarrett@example.org,John,Male,Premium,1
08115,beckdonald@example.com,Wesley,Male,Basic,1
08116,jasonallen@example.com,Roy,Prefer not to say,Standard,1
08117,rileyamanda@example.net,Michael,Female,Premium+,0
08118,jhawkins@example.com,Dillon,Female,Premium,1
08119,robinsongregory@example.com,Ashley,Male,Standard,0
08120,qorozco@example.org,Ronald,Female,Basic,1
08121,fnguyen@example.org,Jorge,Prefer not to say,Premium,1
08122,megan73@example.org,John,Male,Premium,1
08123,keith88@example.net,Jessica,,Premium,1
08124,bfisher@example.net,Donald,Male,Basic,0
08125,mcdanielmichael@example.org,Ethan,Other,Standard,1
08126,angelrose@example.net,Katie,Male,Standard,0
08127,jacob86@example.com,Jodi,Female,Basic,1
08128,michaelblake@example.org,Bradley,Female,Basic,1
08129,zimmermantina@example.org,Katie,Female,Premium,1
08130,millereric@example.net,Wendy,Prefer not to say,Standard,1
08131,tjames@example.org,Danielle,Male,Standard,1
08132,nicole01@example.org,Amanda,Other,Premium,1
08133,william72@example.com,Daniel,Female,Premium,1
08134,evanssusan@example.com,Jessica,Other,Premium,1
08135,yneal@example.org,Ryan,Male,Premium,1
08136,donnastevens@example.org,Brian,Prefer not to say,Standard,1
08137,rodrigueztammy@example.net,Dawn,Female,Premium,1
08138,deanhaley@example.com,John,Female,Premium+,1
08139,gporter@example.com,David,Male,Premium+,1
08140,pricejason@example.com,Charles,Male,Premium,1
08141,johnperry@example.com,Abigail,Male,Premium,1
08142,jessicawolfe@example.com,David,Male,Basic,1
08143,jonesjoseph@example.net,Allen,Male,Standard,0
08144,pbarrera@example.org,Dustin,Male,Basic,1
08145,samanthaperkins@example.com,Jeffrey,Female,Standard,1
08146,michaelhines@example.org,Yvonne,Other,Premium,1
08147,kristen39@example.org,Taylor,,Standard,0
08148,kgarcia@example.net,Evan,Female,Basic,1
08149,karencrawford@example.com,Michael,,Standard,1
08150,jennifer49@example.com,Nicholas,Female,Premium,1
08151,chad91@example.org,Alexis,Female,Basic,0
08152,paynerobin@example.net,Jose,Prefer not to say,Premium,1
08153,ghudson@example.net,Kelsey,Female,Basic,0
08154,brian91@example.org,Carla,Female,Standard,1
08155,margaretwagner@example.org,Joanne,Male,Basic,1
08156,moorejudy@example.org,William,Male,Premium+,1
08157,medinagary@example.com,Alicia,Prefer not to say,Standard,0
08158,xbush@example.org,Michael,Male,Premium,1
08159,brian69@example.net,Jason,Female,Premium,1
08160,morrisonkevin@example.com,Michael,Male,Premium,0
08161,kimberlydunn@example.org,Kristie,Male,Standard,1
08162,dawnnicholson@example.org,Connie,Female,Basic,1
08163,jacksonpamela@example.com,Cheryl,,Premium+,1
08164,wilkinsstephen@example.org,Adam,Male,Premium,1
08165,haroldwebster@example.com,Amanda,Female,Premium,1
08166,rpennington@example.org,David,Male,Basic,0
08167,david08@example.com,John,Male,Basic,1
08168,joshua38@example.net,James,Female,Premium,1
08169,jessica21@example.net,Andrew,Female,Premium,1
08170,timothyspencer@example.net,Benjamin,Prefer not to say,Standard,1
08171,olivia31@example.com,Lisa,Male,Premium+,1
08172,bmejia@example.org,Pamela,Male,Basic,1
08173,tthomas@example.org,Howard,Female,Premium,1
08174,brittanyrodgers@example.org,John,Male,Premium,1
08175,cheyenneward@example.org,Charles,Male,Standard,1
08176,marissa61@example.net,Brian,Male,Premium,1
08177,lisa48@example.net,Cindy,Female,Standard,1
08178,aferguson@example.net,Jonathan,Male,Premium+,1
08179,walterskim@example.net,Morgan,Female,Premium+,1
08180,kelly24@example.net,Mariah,Female,Premium+,1
08181,ssmith@example.net,Benjamin,Male,Standard,1
08182,fosterlinda@example.com,Sandra,Male,Premium+,1
08183,cynthiayork@example.org,Melinda,Male,Premium,0
08184,wigginsjeffery@example.net,Erika,Female,Standard,0
08185,edgarbaker@example.com,Terrance,Female,Basic,1
08186,brianfleming@example.com,Crystal,,Standard,0
08187,balljeffery@example.org,Benjamin,Female,Standard,0
08188,donnalopez@example.net,Frank,Male,Basic,1
08189,vanessamiller@example.org,Savannah,Other,Premium+,1
08190,rebekah54@example.net,Christine,,Standard,1
08191,dennis23@example.net,Robert,Male,Premium,1
08192,benjaminjones@example.org,Felicia,Male,Premium,0
08193,ianpalmer@example.org,Albert,Male,Premium,1
08194,jball@example.com,Jason,Female,Premium,1
08195,mdavis@example.org,Elizabeth,Male,Basic,1
08196,torresalejandra@example.com,Miguel,Male,Premium,1
08197,stephencasey@example.com,Sherry,Other,Premium,1
08198,chelseamartinez@example.net,Andrea,Female,Premium,1
08199,lawsonvirginia@example.net,Jennifer,Male,Premium,1
08200,kathleenrobinson@example.org,John,Female,Premium+,1
08201,bbarber@example.org,Rickey,Male,Standard,1
08202,cooperdeborah@example.com,Corey,Female,Standard,1
08203,ncervantes@example.org,Derek,Female,Standard,0
08204,mooreelizabeth@example.com,Vicki,Male,Standard,1
08205,davisann@example.org,Jonathan,,Premium,1
08206,colleen32@example.org,Cindy,Female,Basic,1
08207,nicholas93@example.org,Bryce,,Basic,0
08208,delgadochristopher@example.net,Kristen,Male,Standard,1
08209,jonesmadison@example.net,Christopher,Female,Standard,1
08210,bennettmicheal@example.org,Amber,Female,Standard,1
08211,lopezkatherine@example.net,Desiree,Female,Basic,1
08212,timothygutierrez@example.org,Joseph,Other,Standard,1
08213,castrorobert@example.net,John,Male,Basic,1
08214,jacobsonwilliam@example.org,Sarah,Male,Standard,1
08215,theodore27@example.net,Patricia,Prefer not to say,Premium,1
08216,gabriel59@example.net,Amanda,Female,Basic,1
08217,heatherross@example.net,Emily,Other,Premium,1
08218,nedwards@example.org,Timothy,Female,Basic,1
08219,elizabeth39@example.com,Kelsey,Female,Premium+,1
08220,nicolenorman@example.net,Jacqueline,Female,Basic,1
08221,melissa11@example.net,Jesus,Other,Basic,1
08222,stevensheather@example.com,Robert,Female,Basic,1
08223,reyescourtney@example.org,Michaela,Female,Basic,1
08224,vberry@example.com,Nancy,Female,Basic,1
08225,wilkinspatrick@example.net,Craig,Male,Premium,1
08226,keithstewart@example.net,Laura,Female,Premium+,1
08227,westjim@example.net,Christopher,Male,Standard,1
08228,shawn85@example.net,David,Other,Standard,1
08229,zmarquez@example.net,Bradley,Male,Standard,1
08230,hornejulie@example.org,Darrell,Male,Basic,1
08231,martinjoseph@example.com,Jessica,Female,Premium+,1
08232,ruthnguyen@example.org,Craig,Male,Standard,1
08233,yfuller@example.net,James,Female,Premium,1
08234,rileykevin@example.org,Anna,Female,Basic,0
08235,harrisdanielle@example.com,Katherine,Male,Premium,1
08236,rojasrenee@example.org,Oscar,Male,Standard,1
08237,lori64@example.net,Troy,,Basic,0
08238,rodneymacdonald@example.net,Joseph,Female,Premium,1
08239,lisahall@example.net,Adam,Male,Premium,1
08240,vwilliams@example.org,Anthony,Female,Standard,0
08241,aknox@example.net,Lauren,Male,Basic,1
08242,adamsbrian@example.net,Megan,Female,Standard,0
08243,janice27@example.com,Lisa,Female,Standard,1
08244,zacharymarshall@example.org,Larry,Female,Standard,1
08245,greerfernando@example.com,Kristina,Male,Basic,1
08246,michaelmiles@example.com,Justin,Male,Standard,1
08247,loriwoods@example.com,Julie,Male,Premium,1
08248,morgan14@example.com,Jamie,Female,Standard,1
08249,jessicabennett@example.com,Randy,Female,Basic,1
08250,paulpeterson@example.com,Michael,Other,Standard,1
08251,sanchezderek@example.org,Brandon,Female,Standard,1
08252,alexandertony@example.org,Michelle,Other,Standard,1
08253,kathleen75@example.org,Connie,Female,Standard,1
08254,connieallen@example.net,Shawn,Female,Premium,1
08255,matthewhoover@example.net,Elizabeth,Male,Premium+,1
08256,christinawilkins@example.com,Joshua,Male,Standard,1
08257,jwoodard@example.com,Claudia,Male,Premium,0
08258,lambertrobin@example.org,Amber,Male,Basic,1
08259,virginiaperez@example.net,Christopher,Male,Standard,1
08260,jillian95@example.com,Mary,Male,Premium,1
08261,henrysmith@example.org,Victoria,Female,Standard,1
08262,djones@example.org,Tracy,,Premium,1
08263,colin03@example.net,Susan,Female,Standard,1
08264,kbyrd@example.net,Erika,Male,Basic,0
08265,zdougherty@example.net,Brian,Male,Standard,1
08266,zcollins@example.org,Kristin,Female,Premium+,0
08267,lisaallen@example.org,Amanda,Male,Premium,1
08268,austin64@example.net,Tyler,Male,Standard,0
08269,christophersmith@example.org,Brittany,Male,Standard,1
08270,chasewalton@example.net,Shelley,Male,Premium,1
08271,hayesblake@example.org,Lori,Other,Premium,1
08272,courtneybrown@example.com,Judy,Female,Premium+,0
08273,chad64@example.org,Edward,Female,Basic,1
08274,jacksonerik@example.com,Kayla,Male,Standard,1
08275,ccooper@example.com,Henry,Female,Premium,1
08276,burchtravis@example.com,Drew,Female,Premium,1
08277,afernandez@example.net,Nathaniel,Female,Premium,1
08278,tnelson@example.net,Kristie,Male,Premium+,1
08279,amanda94@example.com,Elizabeth,Male,Premium,0
08280,dylan39@example.org,George,Male,Premium,1
08281,hancockkathryn@example.com,Joseph,Male,Premium,1
08282,ydavis@example.net,Nicholas,Male,Premium,1
08283,rcamacho@example.net,Alexandria,Female,Standard,1
08284,hannahwatts@example.org,Christine,Female,Premium,0
08285,macdonaldsandra@example.net,Adam,Other,Standard,1
08286,chavezamanda@example.org,Heidi,,Standard,1
08287,andrewclayton@example.org,Kevin,Female,Standard,1
08288,mfitzpatrick@example.org,Richard,Male,Premium,1
08289,hhines@example.com,Christopher,Other,Premium+,1
08290,christopher01@example.com,Teresa,Female,Basic,1
08291,andrew97@example.net,Gregory,Male,Standard,1
08292,allengabriel@example.com,Peter,Female,Standard,1
08293,edwardking@example.com,Anthony,Female,Premium,1
08294,jenniferhines@example.com,Andrea,Female,Premium+,1
08295,fbrown@example.com,John,Female,Basic,1
08296,watkinsvanessa@example.net,Ashley,Female,Premium,1
08297,umiller@example.com,Justin,Male,Standard,1
08298,petercampbell@example.net,Melissa,Female,Basic,1
08299,paula40@example.com,Stephen,Female,Premium,1
08300,timothy93@example.net,Megan,Female,Standard,1
08301,lejason@example.net,Anita,Prefer not to say,Premium,1
08302,harrisjames@example.net,Louis,Male,Basic,1
08303,rebeccawright@example.org,Justin,Female,Premium,0
08304,scott15@example.org,Daniel,Male,Basic,1
08305,housejason@example.net,Lisa,Female,Standard,1
08306,kristahamilton@example.org,Lauren,Male,Standard,1
08307,johnsonemily@example.net,Nicole,,Premium+,1
08308,sandrasmith@example.com,Joseph,Female,Standard,1
08309,joyce11@example.com,Renee,Male,Standard,1
08310,briansimmons@example.org,Kelly,Female,Standard,1
08311,framos@example.com,Logan,Other,Premium,1
08312,wilsoncrystal@example.net,Robert,Male,Basic,1
08313,stephaniestevens@example.com,Philip,Male,Basic,1
08314,roberthall@example.org,Stephen,Other,Premium,1
08315,lbailey@example.org,Ivan,Male,Premium+,1
08316,martinezwilliam@example.org,James,Female,Premium,0
08317,arnoldholly@example.com,Stephanie,,Premium,0
08318,mitchellguzman@example.org,Wanda,Female,Standard,1
08319,connie21@example.com,David,Male,Premium+,1
08320,valerierodriguez@example.org,Mark,Male,Premium,1
08321,wperry@example.com,Sara,Male,Standard,1
08322,icantrell@example.net,Jessica,Female,Premium+,1
08323,gibsonrichard@example.net,Nancy,Male,Standard,1
08324,pattersoncrystal@example.net,Trevor,Female,Premium,1
08325,david62@example.org,Robert,Other,Standard,1
08326,ukirby@example.net,James,Male,Standard,1
08327,woodkevin@example.net,Rodney,Male,Standard,1
08328,rothsharon@example.org,Nathan,Female,Standard,1
08329,laura05@example.com,Tiffany,Female,Premium,1
08330,zgardner@example.com,Jonathan,Male,Standard,1
08331,daniel20@example.com,Stephen,Female,Premium,1
08332,yodersherri@example.com,Brian,Female,Premium,1
08333,vporter@example.com,Keith,Female,Basic,0
08334,jane57@example.org,Randy,Male,Standard,1
08335,hayleyrivera@example.org,Kelly,,Premium,1
08336,smithbrandy@example.org,David,Female,Standard,0
08337,walkerrichard@example.org,Laura,Male,Standard,1
08338,jeffersonrandall@example.com,Duane,Male,Basic,1
08339,ohardin@example.org,Angela,Prefer not to say,Standard,1
08340,qanderson@example.com,Rachael,Female,Premium,1
08341,qsummers@example.com,Rachael,,Premium,0
08342,hendersondavid@example.org,Brandon,Female,Premium,1
08343,monique78@example.com,Jonathan,Female,Premium,1
08344,james93@example.net,Keith,Female,Premium,1
08345,georgeporter@example.org,Shelley,Male,Standard,1
08346,william35@example.org,Mike,Female,Standard,1
08347,benjaminkeith@example.org,Rick,Female,Premium,1
08348,pamelaholmes@example.com,Lawrence,Female,Standard,1
08349,anne95@example.org,Joseph,Female,Standard,1
08350,gcarey@example.org,Joshua,Female,Standard,1
08351,thomas34@example.com,Julie,Male,Premium+,1
08352,carmen15@example.org,Dana,Male,Standard,1
08353,jalexander@example.org,Patricia,Male,Premium+,1
08354,gbowen@example.org,Ashley,Male,Premium,1
08355,lori09@example.org,James,Female,Standard,1
08356,ronnie87@example.org,Tammy,,Basic,1
08357,robert33@example.net,Steven,Male,Premium,1
08358,ajones@example.com,Michael,Male,Standard,1
08359,jamesclark@example.org,John,Female,Premium,1
08360,kstevenson@example.com,Alyssa,Male,Premium,1
08361,stephendiaz@example.net,Whitney,Male,Standard,1
08362,vanessascott@example.com,Lucas,Prefer not to say,Standard,0
08363,equinn@example.net,Samuel,Male,Standard,0
08364,xjohnson@example.org,Christina,Male,Premium,1
08365,jeanette88@example.org,Stephanie,Female,Basic,1
08366,manningwilliam@example.com,Paula,Female,Premium,1
08367,joe24@example.org,Timothy,Male,Basic,0
08368,jacob21@example.net,Cynthia,Male,Premium,1
08369,nmiller@example.com,Timothy,Female,Standard,1
08370,thomashamilton@example.com,Wendy,Prefer not to say,Premium+,1
08371,katieodom@example.net,David,Female,Standard,1
08372,ricejohn@example.org,Emily,Male,Premium,1
08373,ysummers@example.com,Larry,Female,Premium,0
08374,shannon71@example.org,Luke,Female,Premium,0
08375,iwilliams@example.com,Francisco,,Premium,1
08376,daniel76@example.net,Denise,Male,Premium,1
08377,qhubbard@example.org,Barbara,Female,Standard,1
08378,kenneth86@example.com,Rebecca,Female,Premium,1
08379,ljames@example.org,Erin,Female,Premium,1
08380,carterjoseph@example.net,Jason,Male,Basic,1
08381,deanna76@example.net,Heather,Female,Premium+,0
08382,jeffrey10@example.org,Jamie,Prefer not to say,Basic,1
08383,thomasrichard@example.com,Sydney,Female,Basic,1
08384,margaret07@example.org,Jay,Female,Standard,1
08385,andrea06@example.net,Sydney,Female,Standard,1
08386,meyermichael@example.org,Travis,Female,Premium,1
08387,mgibson@example.org,Cody,Female,Premium,1
08388,darlenewest@example.org,Teresa,,Basic,0
08389,bestdarlene@example.org,Steven,Female,Premium,1
08390,arieljohnson@example.com,Elizabeth,Female,Standard,1
08391,linda23@example.org,Richard,Female,Premium,0
08392,rrowland@example.net,Jeffrey,Male,Premium,1
08393,adriana46@example.org,Patricia,Male,Standard,1
08394,rebeccamullins@example.org,James,Female,Premium,1
08395,moorematthew@example.org,Thomas,Male,Standard,1
08396,sjenkins@example.com,Joshua,Male,Premium+,1
08397,devon43@example.net,Stephen,Male,Premium+,1
08398,tracy00@example.org,Nathan,Female,Premium+,1
08399,felicia71@example.com,Brian,Female,Premium,0
08400,watsonthomas@example.net,Amanda,Female,Premium,1
08401,bethpena@example.com,Michael,Male,Standard,1
08402,jeffreybradshaw@example.net,Jeremy,Female,Premium+,1
08403,amanda66@example.com,Douglas,Male,Premium,1
08404,larrymarshall@example.net,Laura,Female,Standard,0
08405,ihodges@example.com,Nicole,Male,Standard,0
08406,tylerthompson@example.com,Shelby,,Basic,1
08407,mary46@example.net,Gary,Female,Premium+,1
08408,brandoncarson@example.com,Debra,,Basic,1
08409,jeremysmith@example.net,Linda,Female,Standard,1
08410,heidi21@example.net,Zachary,,Standard,0
08411,dustinsmith@example.net,Cody,Female,Basic,0
08412,tfranklin@example.org,Jennifer,Female,Standard,1
08413,lesliebullock@example.org,Kayla,Female,Premium+,0
08414,reeveseileen@example.net,Joshua,Male,Premium,1
08415,millerkimberly@example.com,Julie,Male,Premium,1
08416,melissamoran@example.net,Brandon,,Standard,1
08417,ronaldrodriguez@example.net,Benjamin,Female,Standard,1
08418,ithompson@example.org,Marcus,Female,Standard,1
08419,ggonzalez@example.com,Tamara,Male,Standard,1
08420,paula37@example.net,Justin,Male,Standard,1
08421,omurphy@example.com,Kevin,Male,Standard,1
08422,tsmith@example.net,Evan,Male,Standard,1
08423,reedjeffrey@example.org,Nathan,Female,Standard,1
08424,amberbuck@example.net,Alexandra,Female,Standard,1
08425,james83@example.net,Kelly,Female,Premium,1
08426,ladams@example.net,Lisa,Male,Premium,1
08427,veronicasmith@example.com,Amy,Male,Premium,1
08428,christinecarrillo@example.org,Patricia,Male,Basic,1
08429,williamjames@example.net,Misty,Male,Premium+,0
08430,roywatts@example.com,Dana,Male,Basic,1
08431,thomasmegan@example.org,Hannah,Male,Premium,1
08432,mcconnellmonique@example.org,Timothy,Female,Basic,1
08433,joshuarice@example.org,Nicholas,Male,Premium,0
08434,morrisonmelanie@example.com,Wayne,,Standard,1
08435,mallorynolan@example.org,Heidi,Female,Premium+,1
08436,ygallegos@example.com,Ryan,Female,Standard,1
08437,nguyenanthony@example.net,Clinton,Female,Premium,1
08438,lopezrickey@example.com,Daniel,Female,Premium+,1
08439,morrisonchristopher@example.com,Melanie,Male,Premium+,1
08440,mark14@example.org,Katie,Male,Standard,1
08441,fwhitney@example.org,Tyler,Other,Premium,1
08442,debbie40@example.com,Debra,Male,Basic,1
08443,christinamarshall@example.org,Christine,Male,Premium,1
08444,garciaisaiah@example.org,David,Prefer not to say,Standard,1
08445,brownjeremy@example.com,Marie,Male,Premium,1
08446,jonathon69@example.org,Renee,Female,Premium,0
08447,cliffordrodriguez@example.org,Kenneth,Male,Premium,0
08448,johnbutler@example.org,Deanna,Prefer not to say,Premium,1
08449,jeremylee@example.net,Ellen,Female,Standard,1
08450,danielsusan@example.org,April,,Standard,0
08451,juliebryant@example.org,David,Other,Basic,1
08452,thill@example.com,Henry,Female,Premium+,1
08453,reesemichael@example.org,Meghan,Female,Standard,1
08454,jason11@example.com,James,,Standard,1
08455,kellywright@example.org,Tanya,,Standard,1
08456,jenniferward@example.net,Paul,Female,Standard,1
08457,ericksonbrandy@example.org,Patrick,Prefer not to say,Premium,1
08458,amber49@example.net,Sharon,Prefer not to say,Premium,1
08459,lmorris@example.org,Laura,Male,Standard,1
08460,angela48@example.com,Cheryl,Prefer not to say,Premium,1
08461,ljenkins@example.org,Jacob,,Standard,1
08462,catherinejones@example.net,Michael,Prefer not to say,Standard,1
08463,rodriguezamanda@example.net,Kenneth,Prefer not to say,Premium,1
08464,parsonsjessica@example.net,Cynthia,,Premium+,1
08465,qdaniels@example.net,Keith,Male,Basic,1
08466,lauraharris@example.com,Tyler,Female,Premium,1
08467,jessica79@example.org,Matthew,Male,Premium+,0
08468,xwaller@example.net,David,Male,Premium,1
08469,deborah02@example.com,Ronald,Female,Standard,1
08470,hickmanstephanie@example.org,Miguel,Male,Premium,1
08471,dillon08@example.net,David,Female,Standard,1
08472,kimberly51@example.org,Lisa,Male,Premium,1
08473,hannah12@example.net,Joel,Other,Standard,1
08474,simonkimberly@example.com,Randy,Female,Premium+,1
08475,monica48@example.net,Kyle,Female,Standard,1
08476,briggssabrina@example.org,John,Male,Basic,1
08477,amy74@example.net,Logan,Male,Premium,1
08478,kbest@example.org,Sean,Male,Premium,1
08479,bhill@example.com,Keith,Female,Standard,1
08480,robert48@example.org,Eric,,Premium,1
08481,brooke01@example.com,Steven,Male,Premium,1
08482,robertsmichael@example.org,Craig,Female,Standard,1
08483,melissa59@example.com,Casey,Female,Premium,0
08484,heather70@example.com,James,Male,Basic,0
08485,michaelwinters@example.org,Michael,Female,Premium,1
08486,barbara35@example.com,Carol,,Basic,1
08487,kimberlyramos@example.com,Rebecca,Female,Standard,1
08488,cpeters@example.net,Michelle,Male,Premium+,1
08489,mark99@example.net,Robin,Prefer not to say,Premium,1
08490,rlittle@example.com,Nicole,Male,Premium,1
08491,colonnicole@example.com,Debra,Other,Premium,1
08492,robertotaylor@example.org,Donald,Female,Premium,1
08493,regina19@example.net,John,Male,Standard,1
08494,lynchcourtney@example.net,Debra,Male,Standard,1
08495,hmartinez@example.net,Brandon,Female,Standard,1
08496,michelle95@example.com,Lisa,,Basic,1
08497,jlopez@example.com,Phyllis,,Premium+,1
08498,cavila@example.com,Kimberly,Female,Premium+,0
08499,madison16@example.net,Tamara,Female,Premium,1
08500,adamsmartin@example.org,Micheal,Male,Standard,1
08501,ronald68@example.org,Danielle,Male,Premium,1
08502,seanblackwell@example.net,Martin,Male,Standard,1
08503,qgarcia@example.com,Emily,Female,Premium,0
08504,xcollins@example.com,Dawn,Male,Standard,0
08505,andrewcarter@example.net,Diane,Male,Premium,1
08506,washingtondaniel@example.org,Catherine,Female,Basic,1
08507,ueverett@example.com,Gregory,Male,Premium+,1
08508,jillian03@example.org,Samuel,Male,Standard,1
08509,sanchezjessica@example.net,William,Female,Premium+,1
08510,ewallace@example.net,Scott,Female,Premium,1
08511,alexis43@example.com,Nicole,Male,Standard,1
08512,shari96@example.net,Sarah,Female,Premium,1
08513,brandon67@example.net,Michelle,Other,Premium+,1
08514,nhorne@example.org,Elizabeth,,Standard,1
08515,juliehowe@example.net,Jeffrey,Female,Basic,1
08516,zharris@example.org,Daniel,Female,Basic,1
08517,ewarner@example.org,Kimberly,Male,Standard,1
08518,johnsonamber@example.org,Molly,Female,Premium+,1
08519,clarkzachary@example.org,Jesse,Male,Premium,1
08520,ashley43@example.org,Christine,Male,Basic,1
08521,ashleyjones@example.org,Robert,Female,Standard,0
08522,danny94@example.com,Jonathan,Male,Basic,1
08523,goodmanrebecca@example.org,Jason,Male,Standard,1
08524,casejessica@example.org,Robert,Female,Standard,1
08525,kroberts@example.org,Natalie,Female,Standard,1
08526,pshelton@example.com,Mary,Female,Standard,1
08527,dustinkrueger@example.com,Derrick,Female,Standard,1
08528,jessemartin@example.net,Diane,Female,Premium,0
08529,ibutler@example.net,Sara,Other,Premium,1
08530,lloydtina@example.org,Michele,Prefer not to say,Standard,1
08531,huffmanisaac@example.org,Robert,Male,Standard,1
08532,robinsonrobin@example.net,Danielle,Female,Premium,1
08533,marcusjensen@example.org,Susan,Male,Premium,1
08534,sbeasley@example.org,Stacey,Female,Standard,1
08535,brenda24@example.org,Angela,Female,Standard,1
08536,randychavez@example.net,Rita,Female,Premium,1
08537,tiffany13@example.com,Kayla,Female,Basic,1
08538,larakristen@example.net,Emily,Male,Premium,1
08539,travis99@example.com,Theodore,Female,Standard,1
08540,bakerjason@example.net,Whitney,Male,Premium,0
08541,bgarcia@example.org,Nichole,Male,Premium,0
08542,millerkristopher@example.com,David,Male,Standard,1
08543,pauljones@example.net,Ashley,Female,Premium,0
08544,pnovak@example.net,Dennis,Female,Standard,1
08545,danielle64@example.com,Zachary,Female,Premium,1
08546,williamsdebra@example.com,Adrienne,Male,Standard,0
08547,rallison@example.org,Ronald,Female,Basic,0
08548,fieldsluke@example.com,Cheryl,Male,Premium,1
08549,rmiller@example.com,Daniel,Male,Premium+,0
08550,hansonchristopher@example.org,John,Male,Basic,0
08551,josephbernard@example.org,Connor,Prefer not to say,Premium,1
08552,xgray@example.net,Rick,,Premium+,1
08553,tiffany53@example.com,Kelly,Female,Standard,0
08554,edward18@example.org,John,Female,Premium,1
08555,dustinmitchell@example.com,Wendy,Male,Standard,1
08556,collieramy@example.com,Edwin,Other,Basic,1
08557,zcastro@example.org,Autumn,Female,Premium,1
08558,ernest44@example.net,Sara,Male,Standard,1
08559,nschroeder@example.com,Ryan,Male,Premium,1
08560,ffrazier@example.org,Jessica,Female,Premium+,1
08561,alyssaali@example.org,Laurie,Female,Standard,1
08562,carolhanna@example.com,Jon,Male,Premium,1
08563,danielcoleman@example.net,Richard,Male,Standard,1
08564,adam55@example.org,Barbara,Male,Premium+,1
08565,rbarry@example.com,Michael,,Standard,0
08566,perrymelanie@example.org,Patricia,Female,Standard,1
08567,andersonjoshua@example.org,Jennifer,Male,Basic,1
08568,luke15@example.org,Patrick,Female,Standard,1
08569,matthew23@example.org,Brooke,Male,Basic,1
08570,webstererika@example.net,John,Male,Premium,1
08571,sara32@example.org,Jimmy,Female,Premium,1
08572,ericevans@example.com,Christopher,Prefer not to say,Standard,1
08573,mary65@example.com,Shannon,Female,Premium+,1
08574,joneswilliam@example.com,Sherry,Male,Premium+,1
08575,anthony94@example.com,Jessica,Male,Standard,1
08576,zsanders@example.com,Peter,Male,Standard,1
08577,eswanson@example.com,Marissa,Male,Basic,0
08578,morrowrichard@example.org,Lauren,Male,Premium,1
08579,allenderek@example.org,Richard,Male,Premium,1
08580,ryan69@example.org,Jesse,Prefer not to say,Standard,1
08581,carmen57@example.com,Sharon,Male,Standard,0
08582,garrettherrera@example.org,Darrell,Other,Premium+,0
08583,davisdanielle@example.net,Cory,Female,Premium,1
08584,watsonedward@example.org,Gregory,Male,Premium,0
08585,andreasmith@example.org,Mary,Female,Premium,1
08586,kennedydavid@example.net,Blake,Male,Premium+,0
08587,emilymoreno@example.net,Melissa,Female,Standard,1
08588,lauren16@example.net,Beth,Female,Premium,1
08589,lchristensen@example.org,Danielle,Female,Basic,1
08590,masseyjeffrey@example.com,Michael,Female,Standard,1
08591,markwilliams@example.net,Autumn,Other,Premium,1
08592,ricky28@example.com,Cody,Female,Premium,1
08593,todd60@example.org,Jennifer,,Premium+,1
08594,bgay@example.com,Rachel,Female,Premium,1
08595,orobles@example.org,Carolyn,Male,Premium,1
08596,gonzalezheather@example.org,Jennifer,Male,Premium,1
08597,cathymacdonald@example.org,Jessica,Female,Premium,1
08598,johnstonbrandy@example.net,Stephanie,Male,Basic,0
08599,dianemoran@example.org,Sharon,Female,Basic,1
08600,floresjulie@example.org,Kristin,Male,Premium,1
08601,pbyrd@example.net,Theresa,,Standard,1
08602,ascott@example.net,Rodney,,Premium,1
08603,karen14@example.org,Jennifer,Female,Basic,1
08604,kperez@example.net,Carla,Male,Premium,1
08605,nwilliams@example.net,Tiffany,Female,Premium,0
08606,terri64@example.com,Katherine,Female,Premium+,0
08607,walter85@example.org,Regina,Female,Premium+,1
08608,crystalmartinez@example.net,Monique,Male,Standard,1
08609,carrollana@example.org,Tracy,Male,Standard,1
08610,smithmarcia@example.net,Natalie,Female,Standard,1
08611,petersonclayton@example.net,Jill,Male,Standard,1
08612,browningamy@example.org,Patricia,Other,Premium,1
08613,patriciavaughn@example.net,Emily,Female,Standard,1
08614,samanthajohnson@example.com,Jocelyn,Female,Premium,1
08615,huertamelissa@example.net,Martha,Female,Standard,1
08616,lgrant@example.org,Julie,Female,Standard,1
08617,colleen12@example.com,Kenneth,Male,Basic,1
08618,melinda11@example.org,Ricky,Male,Premium,1
08619,terri64@example.com,Kathy,Female,Premium,1
08620,brownriley@example.org,Chelsea,Male,Premium,1
08621,williamcervantes@example.com,Melissa,,Premium,1
08622,michelle35@example.com,Andrew,Male,Basic,1
08623,yvasquez@example.com,Sara,,Standard,1
08624,katie65@example.com,Brittany,Male,Premium+,1
08625,iduran@example.com,Jo,Male,Premium,1
08626,lburns@example.com,Nicholas,Female,Basic,1
08627,brownmeghan@example.net,Jeffrey,Female,Basic,0
08628,johnsimon@example.com,Zachary,Male,Basic,1
08629,john36@example.com,Cassie,Female,Basic,1
08630,garciasherry@example.net,Phillip,Female,Premium,1
08631,sharontaylor@example.com,Rodney,Male,Premium,1
08632,nwang@example.net,Rebecca,,Basic,1
08633,erin50@example.com,Kathleen,Female,Standard,1
08634,kathryn89@example.org,Jamie,Female,Standard,1
08635,bmartin@example.org,Denise,Male,Basic,1
08636,anorman@example.org,Vincent,Female,Premium,1
08637,smithcourtney@example.com,Sandra,,Basic,1
08638,jamestracy@example.net,Renee,,Premium+,1
08639,christian11@example.com,Kenneth,Male,Standard,1
08640,sullivanheather@example.net,John,Female,Standard,1
08641,younggregory@example.org,Timothy,Male,Standard,1
08642,heatherperry@example.org,Christine,Prefer not to say,Premium,1
08643,vasquezbrian@example.net,Benjamin,Female,Basic,0
08644,uwilliams@example.net,Annette,Male,Basic,0
08645,morrisonlisa@example.org,William,Female,Premium,1
08646,lisa59@example.com,James,Male,Premium,0
08647,dominguezbradley@example.net,Debra,Male,Standard,1
08648,wilsonryan@example.net,Kenneth,,Standard,1
08649,williamsstacey@example.org,Adam,Female,Standard,1
08650,kara45@example.com,John,Male,Standard,1
08651,rachel14@example.net,Amanda,Female,Premium,0
08652,kimberlysmith@example.org,Mathew,Male,Standard,1
08653,blake05@example.net,Thomas,Female,Premium,1
08654,zwatson@example.com,Ryan,Male,Standard,1
08655,hudsoncrystal@example.com,Brian,Other,Premium,1
08656,yueric@example.net,Keith,Male,Standard,1
08657,gonzalesivan@example.net,Ashley,Male,Standard,1
08658,vhernandez@example.org,David,Female,Premium,0
08659,ashley20@example.net,Shawna,Male,Standard,1
08660,mcdonaldpamela@example.com,William,Male,Standard,1
08661,johnhunter@example.com,Traci,Male,Premium,1
08662,webbpamela@example.com,Debra,Male,Standard,1
08663,mgentry@example.com,Emily,Female,Premium,1
08664,heidi37@example.com,Mary,Female,Standard,1
08665,dunlapmelanie@example.com,Amanda,Male,Premium,1
08666,janetrobinson@example.org,Kathleen,Male,Standard,1
08667,rwilson@example.org,Alicia,Female,Premium+,1
08668,greenjackson@example.net,Jessica,Male,Premium,0
08669,camposjennifer@example.com,Sue,,Premium,1
08670,bryanjohnson@example.com,Carmen,Male,Basic,0
08671,penningtondavid@example.org,Arthur,Female,Standard,1
08672,nancy70@example.com,Robert,Female,Standard,1
08673,lchavez@example.org,Daniel,Male,Premium,1
08674,wbond@example.net,Susan,Female,Basic,1
08675,virginiawillis@example.net,Rachel,Male,Standard,1
08676,kevin46@example.net,Christopher,Female,Standard,1
08677,josephyoung@example.net,Richard,Male,Premium+,1
08678,pmcbride@example.com,Leah,,Standard,1
08679,hendersonsusan@example.org,Reginald,Female,Premium+,1
08680,vaughntanner@example.org,Adrian,Female,Basic,1
08681,smatthews@example.com,Margaret,Female,Premium,1
08682,tylermiller@example.org,Tasha,Female,Standard,1
08683,cmurray@example.net,Brian,Male,Premium,1
08684,tara42@example.net,Jason,Female,Premium,1
08685,hammondwilliam@example.com,David,Male,Premium,1
08686,brenda52@example.com,Jessica,Female,Premium,1
08687,omartin@example.com,Alicia,Prefer not to say,Premium+,1
08688,lynn57@example.net,Matthew,Male,Basic,1
08689,washingtonlaurie@example.com,Andrew,,Basic,1
08690,ashley19@example.org,Kevin,Female,Premium+,1
08691,torresleslie@example.net,Austin,Female,Basic,1
08692,vwashington@example.com,Tracy,Female,Basic,1
08693,millerjuan@example.org,Madeline,Male,Basic,1
08694,jacksondanielle@example.com,Kimberly,Female,Premium,1
08695,campbelltiffany@example.com,Andrea,Female,Premium+,1
08696,valdezkatherine@example.com,Ronald,Male,Standard,1
08697,kcastaneda@example.org,Barbara,Female,Premium,1
08698,kyle72@example.org,Rebecca,Female,Basic,0
08699,stewartwilliam@example.net,Gilbert,Female,Standard,1
08700,johnsonmegan@example.org,Jessica,Male,Premium,0
08701,zbishop@example.net,Gerald,Male,Standard,1
08702,jeremiahbrown@example.com,Jeremy,Female,Premium,1
08703,mcdanielthomas@example.net,William,Female,Standard,1
08704,stewarttammy@example.org,Michael,Female,Basic,1
08705,madeline88@example.org,William,Male,Basic,1
08706,morrisjames@example.com,Christina,Male,Premium,0
08707,roygloria@example.net,Michael,Other,Standard,1
08708,stevensdavid@example.org,Christopher,Other,Standard,1
08709,katherine53@example.org,Sean,Female,Basic,1
08710,thompsonadam@example.org,Janice,Female,Standard,1
08711,vbaker@example.net,Monica,Female,Premium,1
08712,sharonreyes@example.com,Dana,Male,Basic,1
08713,ywhite@example.com,Cory,,Standard,1
08714,pbaker@example.org,Jerome,Female,Standard,0
08715,tanner95@example.com,Laurie,Male,Premium,0
08716,jamiesnyder@example.net,Pamela,Male,Premium,1
08717,eroberts@example.net,Susan,Male,Premium,1
08718,bburton@example.com,Angel,Male,Premium,1
08719,hchapman@example.org,Leah,,Basic,1
08720,sarawalker@example.org,Brittney,Female,Basic,1
08721,crystalfrye@example.org,Michael,Female,Premium,1
08722,david53@example.org,Jessica,Female,Premium,1
08723,robert98@example.org,Carl,Male,Premium,1
08724,lucasesparza@example.org,Bryan,Male,Premium,1
08725,david08@example.net,Mary,Female,Basic,1
08726,fellison@example.org,Emma,Male,Basic,1
08727,matthewgarcia@example.com,Matthew,Female,Standard,1
08728,kaitlyncantu@example.com,Sarah,Female,Basic,1
08729,oscott@example.net,David,Female,Basic,1
08730,melaniedowns@example.com,Kenneth,Female,Standard,1
08731,bakerrachel@example.org,Michael,Female,Premium+,0
08732,rodriguezjanet@example.com,Anthony,Female,Premium,1
08733,smartinez@example.org,Richard,Male,Standard,1
08734,tylerking@example.net,Alexis,Female,Basic,0
08735,daviesbrian@example.org,Samantha,Male,Premium+,1
08736,dalerowe@example.org,Henry,Male,Premium+,1
08737,watkinsrebecca@example.com,Steven,Male,Basic,1
08738,christinayu@example.net,Adrian,Female,Standard,1
08739,hodgesjessica@example.net,Joseph,Male,Premium,1
08740,kathyperkins@example.com,Kimberly,,Standard,1
08741,vdavis@example.net,Kyle,Male,Premium,1
08742,wlamb@example.net,Anne,Female,Premium,1
08743,stephensonamber@example.org,Alicia,Male,Premium,1
08744,etrujillo@example.org,Melanie,Female,Standard,1
08745,mary36@example.net,Emily,Female,Standard,1
08746,robincooper@example.org,Kelli,Male,Standard,1
08747,ychung@example.com,Bradley,Male,Standard,1
08748,adammiller@example.org,Tyler,Female,Premium+,0
08749,reynoldsnatasha@example.org,Hayden,Other,Premium,1
08750,molly03@example.org,Jennifer,Female,Basic,1
08751,brownamy@example.net,Vickie,Other,Premium,1
08752,mmurphy@example.com,Carl,,Standard,1
08753,stacey14@example.net,Barbara,Other,Premium+,1
08754,parkeralexander@example.org,Michael,Male,Standard,1
08755,michele38@example.com,James,Male,Premium,1
08756,plester@example.net,Cody,Male,Standard,1
08757,awashington@example.org,Bobby,Female,Standard,1
08758,joseph42@example.com,Gregory,Female,Basic,1
08759,barkerthomas@example.com,Isabel,Male,Premium+,0
08760,zharrell@example.com,Jennifer,Male,Premium+,1
08761,aaronjones@example.net,Deanna,Female,Standard,1
08762,briana72@example.org,Christina,Male,Premium,1
08763,tsanford@example.org,Dawn,Female,Standard,1
08764,todd57@example.com,Shawn,,Standard,1
08765,vanessaanderson@example.com,Kelly,Male,Standard,1
08766,frenchjohn@example.org,Kevin,Female,Premium,1
08767,nmiller@example.com,Michael,Male,Standard,0
08768,ryanlyons@example.com,Amanda,Female,Premium,1
08769,alexandra67@example.net,Taylor,Male,Premium+,1
08770,kingbrandon@example.org,Chelsea,Female,Standard,1
08771,carrolllauren@example.com,William,,Basic,1
08772,dennis91@example.org,Diana,Female,Premium+,1
08773,gstevens@example.com,Madison,,Premium+,1
08774,jennifer66@example.org,Angela,Male,Basic,1
08775,zpeterson@example.net,Isaiah,Male,Standard,0
08776,egates@example.net,Joel,Female,Standard,1
08777,erin47@example.com,Gary,Prefer not to say,Basic,1
08778,mooremaureen@example.net,Steven,,Standard,1
08779,woodskatelyn@example.com,William,Male,Standard,1
08780,rmora@example.org,William,Female,Premium+,1
08781,stevensontodd@example.net,James,Female,Standard,1
08782,vcollins@example.org,Frank,Female,Basic,1
08783,susanrodriguez@example.org,Melissa,Male,Premium,1
08784,andrewbrown@example.com,Madison,Female,Premium,1
08785,taylorwillie@example.com,Marcus,Female,Basic,1
08786,kellerwilliam@example.net,Anne,Male,Standard,1
08787,katherineayers@example.org,Karen,Male,Premium,1
08788,moodytrevor@example.net,Mary,Female,Standard,1
08789,aimeeromero@example.com,Andrew,,Standard,0
08790,bridgesjason@example.org,Sara,Male,Basic,0
08791,greenmegan@example.org,Joseph,Male,Standard,1
08792,rwilliams@example.net,Jason,Male,Standard,1
08793,pmiranda@example.com,Amanda,Female,Standard,1
08794,juan86@example.com,Corey,Female,Premium,1
08795,angelamaxwell@example.org,Eric,Male,Premium,1
08796,gjensen@example.net,Sarah,Female,Premium,1
08797,esteskelsey@example.org,Lauren,Male,Basic,1
08798,ricekenneth@example.com,Shannon,Female,Standard,1
08799,ataylor@example.net,Kristin,Male,Premium,1
08800,jstrong@example.net,Anthony,Male,Premium,1
08801,sergioaustin@example.org,Emily,Female,Standard,0
08802,uwilliams@example.net,Carla,Female,Standard,1
08803,frivera@example.net,Julian,Female,Premium,1
08804,alexandrakramer@example.com,Joseph,,Premium,1
08805,vsutton@example.net,Timothy,Male,Premium,1
08806,jriley@example.net,Vanessa,Female,Standard,1
08807,jamiewalsh@example.org,John,Male,Standard,1
08808,richardsonkathryn@example.com,Kayla,Male,Standard,0
08809,nwilliams@example.com,Megan,Prefer not to say,Standard,1
08810,avazquez@example.com,Peter,Female,Basic,1
08811,johnsonpatricia@example.org,Lori,Male,Premium,1
08812,karlritter@example.net,Tanya,Female,Standard,1
08813,williamsoneric@example.org,Elizabeth,Female,Standard,1
08814,shawn88@example.org,Jeremiah,Female,Premium,1
08815,ernest90@example.net,Teresa,Male,Premium,1
08816,chapmanpatrick@example.net,Angela,,Premium,0
08817,robertgonzalez@example.com,Tanya,Female,Premium,0
08818,cmartin@example.net,Susan,Female,Basic,1
08819,melissa26@example.net,Matthew,Male,Basic,1
08820,whitemicheal@example.org,Xavier,Female,Premium,1
08821,morrisonnicole@example.com,Mariah,Other,Standard,1
08822,iholmes@example.net,Angela,Female,Basic,1
08823,yschwartz@example.net,Melinda,Female,Basic,1
08824,sarahtaylor@example.com,Deborah,Male,Standard,1
08825,mcisneros@example.com,Regina,Male,Basic,1
08826,wendytaylor@example.net,Alicia,Male,Premium,1
08827,andrewpreston@example.net,Michael,Male,Premium+,1
08828,brenda54@example.net,Veronica,Female,Standard,1
08829,melissasmith@example.net,Dalton,Prefer not to say,Premium+,1
08830,colemanwalter@example.net,Jeremiah,Female,Standard,1
08831,pruittstacey@example.com,Lauren,Female,Standard,1
08832,brittany32@example.org,Carrie,Male,Standard,1
08833,aaronmarquez@example.com,Carla,Male,Standard,1
08834,ericnelson@example.com,Jennifer,Male,Standard,0
08835,keithpeterson@example.net,Julie,Female,Standard,1
08836,campbelllindsey@example.net,Carol,Female,Standard,1
08837,millsnancy@example.com,Kimberly,Female,Premium,1
08838,jacob18@example.net,Jennifer,Male,Premium,1
08839,bgolden@example.org,James,Female,Basic,1
08840,lauriegilbert@example.com,Michael,Other,Standard,1
08841,gwong@example.org,Tina,Female,Premium,1
08842,pmiller@example.org,Denise,,Basic,0
08843,donaldsonlauren@example.com,Melanie,Female,Standard,1
08844,christopherkent@example.net,Carla,Female,Standard,1
08845,phillipsjanet@example.org,Anthony,Male,Premium+,1
08846,pedrohampton@example.org,Stuart,Female,Basic,1
08847,jamie35@example.net,Walter,Female,Premium,1
08848,ujohnson@example.com,Justin,Male,Premium,0
08849,angelica64@example.com,Margaret,,Standard,1
08850,dylankrause@example.com,Kathleen,Male,Standard,1
08851,sandra45@example.net,Ashley,Prefer not to say,Basic,1
08852,samuelmunoz@example.net,Bryan,Male,Premium+,1
08853,bchaney@example.org,Donald,Male,Premium,1
08854,jessica38@example.com,Hannah,Female,Premium,1
08855,rmcknight@example.org,Rhonda,Male,Basic,0
08856,williamsjoshua@example.org,Kelly,Male,Premium,1
08857,chloeblack@example.net,Tara,Male,Standard,1
08858,harveyernest@example.org,Tara,,Premium,1
08859,ohutchinson@example.net,Travis,Female,Standard,1
08860,valenciamaria@example.net,Stephanie,Female,Standard,1
08861,perkinsmichael@example.net,Nicholas,Male,Standard,0
08862,johnsonlevi@example.net,Amanda,Male,Premium,1
08863,yjohnson@example.org,Amanda,Male,Basic,0
08864,andrew78@example.com,Jeff,Male,Premium,1
08865,jeffreywalker@example.com,Martin,Male,Premium,1
08866,bjones@example.net,Matthew,Female,Standard,1
08867,christopher40@example.org,John,Male,Basic,1
08868,angelajohnson@example.org,Margaret,Male,Standard,1
08869,mark47@example.net,Nicole,Female,Premium,1
08870,karen72@example.net,Melissa,,Basic,1
08871,heathercurry@example.org,Shawn,Female,Standard,1
08872,alexabennett@example.com,James,Male,Premium+,0
08873,curtissteven@example.net,Sheila,Male,Premium,0
08874,fbennett@example.net,Carly,Male,Premium,1
08875,gthomas@example.com,Benjamin,Male,Premium,0
08876,robert70@example.net,Christian,,Premium,1
08877,kellymiller@example.com,Walter,Male,Basic,1
08878,stephanie75@example.com,Michelle,,Standard,1
08879,jthomas@example.net,Martin,Male,Standard,1
08880,robertamedina@example.com,Kenneth,Female,Premium,1
08881,caleb42@example.com,Linda,Male,Premium,1
08882,trobertson@example.com,Jennifer,Female,Premium,1
08883,robertfowler@example.net,Lindsey,Female,Standard,1
08884,csawyer@example.net,David,,Premium,1
08885,brianroberts@example.org,Lisa,Other,Premium,1
08886,bakerlauren@example.com,Jason,Male,Premium+,1
08887,jonathan83@example.com,Natalie,Female,Premium,1
08888,randall75@example.net,Lori,Female,Premium,1
08889,tara19@example.com,Michael,,Standard,1
08890,lbuck@example.net,Justin,Male,Premium,0
08891,brittanythompson@example.com,Joshua,Female,Standard,1
08892,cindyhendrix@example.org,Karen,Female,Premium,1
08893,michelle09@example.net,Harold,Male,Standard,0
08894,harry49@example.net,Jesse,Prefer not to say,Standard,1
08895,hcrawford@example.com,Jeremy,Female,Premium,1
08896,scottmitchell@example.org,Michael,Female,Premium,1
08897,connerjay@example.com,Jason,Prefer not to say,Premium,1
08898,jessica95@example.net,Casey,,Standard,0
08899,urobinson@example.net,Sheri,Female,Premium,1
08900,ricardo40@example.net,Rebecca,Female,Standard,1
08901,uyang@example.com,Kathryn,Female,Standard,1
08902,daymary@example.com,Emily,Other,Premium,1
08903,carrolljason@example.org,Omar,Female,Standard,1
08904,zholmes@example.org,Jeffrey,Male,Basic,1
08905,kelly78@example.net,Jennifer,Male,Premium,1
08906,davischristopher@example.net,Emily,Female,Premium+,1
08907,mark48@example.com,Amanda,Male,Standard,1
08908,anthony68@example.org,Sean,Female,Premium,1
08909,christopher14@example.org,Peter,Female,Premium,1
08910,jonathan29@example.net,Adam,Female,Standard,1
08911,rosalesmatthew@example.net,Christina,Female,Premium,1
08912,davisbarry@example.net,Joseph,Female,Standard,1
08913,luisschwartz@example.com,Cassie,Male,Premium+,1
08914,samanthajacobs@example.org,Nathan,Prefer not to say,Premium,1
08915,jessicagould@example.net,Jesse,Male,Standard,0
08916,michaeljohnston@example.org,Oscar,Other,Premium,0
08917,ianmurray@example.net,Daniel,Female,Standard,1
08918,peterevans@example.com,Anthony,Male,Premium,1
08919,samantha28@example.org,Caleb,,Premium,1
08920,vanessamoon@example.com,Shelly,Other,Premium,1
08921,lfrancis@example.net,Michele,Female,Standard,1
08922,bobby18@example.org,Julian,Female,Premium,1
08923,millergina@example.org,Kimberly,Male,Basic,0
08924,adriennepatrick@example.net,James,Male,Standard,1
08925,courtney08@example.org,Malik,Female,Basic,1
08926,amy15@example.com,Michael,Female,Premium+,0
08927,stevensjill@example.net,Kevin,Male,Premium,0
08928,lekevin@example.net,Colleen,Female,Standard,1
08929,danielle77@example.org,Carlos,Prefer not to say,Basic,1
08930,angelamorales@example.com,Daniel,Female,Basic,1
08931,donna98@example.com,Michael,Male,Basic,1
08932,sdickerson@example.com,Connie,,Basic,1
08933,jamesyoung@example.com,Patricia,Male,Standard,1
08934,dominiquejames@example.net,Crystal,Female,Premium,1
08935,palexander@example.net,Julia,Prefer not to say,Basic,1
08936,jennifergray@example.net,Mark,Male,Standard,1
08937,collinsmichael@example.net,Edgar,Male,Basic,1
08938,elizabethhernandez@example.org,Dylan,Male,Premium,1
08939,amitchell@example.org,Calvin,Prefer not to say,Standard,1
08940,daviserik@example.com,Karen,Male,Premium,1
08941,xpena@example.net,Christopher,Other,Premium,0
08942,william69@example.com,Sandra,Male,Standard,1
08943,valerie16@example.com,Kevin,Female,Basic,1
08944,richardgonzales@example.org,Jennifer,Female,Basic,1
08945,kbean@example.com,Bonnie,Other,Standard,1
08946,erin51@example.com,Joseph,Female,Basic,1
08947,johnsonalbert@example.com,Brittany,Female,Basic,1
08948,laurarobles@example.net,Shannon,,Premium,1
08949,chelsea12@example.com,Katherine,,Premium+,1
08950,collinstroy@example.org,Stacey,Prefer not to say,Standard,1
08951,heatherjohnson@example.com,Alyssa,Male,Basic,0
08952,madelinemcgee@example.com,Pedro,Female,Standard,1
08953,jessica77@example.org,Mario,Male,Premium,1
08954,dcampbell@example.net,Michael,Male,Standard,0
08955,tingram@example.org,Mark,Female,Standard,1
08956,lambkenneth@example.net,Elizabeth,Female,Premium,1
08957,bridgesrichard@example.com,Elizabeth,Female,Premium,1
08958,katrinapatrick@example.org,Julie,Male,Basic,1
08959,nashaaron@example.com,Patrick,Female,Premium+,1
08960,francisnatasha@example.com,Justin,Male,Premium,1
08961,xmorgan@example.com,Lance,Female,Premium,1
08962,joseph97@example.net,Caitlin,Male,Premium,0
08963,nroberts@example.net,Traci,Female,Premium,1
08964,olsonchris@example.com,Michael,Female,Standard,1
08965,johnevans@example.net,Kristin,Female,Standard,1
08966,deniseturner@example.net,Tara,Female,Premium,1
08967,matthewcarlson@example.org,Jennifer,Female,Standard,1
08968,kscott@example.com,Randy,Male,Standard,1
08969,alexa72@example.org,Ellen,Male,Basic,1
08970,wheelerlee@example.net,Kathryn,,Premium+,1
08971,mark25@example.net,Russell,Male,Standard,1
08972,rojastracy@example.org,Julie,Female,Standard,0
08973,colleencolon@example.net,Justin,Female,Premium+,1
08974,joseph88@example.com,Jeffrey,Female,Premium,1
08975,ymyers@example.net,Dawn,Female,Premium,0
08976,dennis50@example.net,Alyssa,Female,Premium,1
08977,anthony78@example.com,Jerry,Female,Standard,1
08978,mejiajennifer@example.net,Edward,Male,Premium,1
08979,emilymyers@example.net,Danielle,Male,Standard,1
08980,edwardwilliams@example.net,Kenneth,Female,Standard,1
08981,johnnyjohnson@example.com,Anthony,,Basic,1
08982,ipayne@example.com,Jennifer,Prefer not to say,Premium+,1
08983,garciasara@example.org,Justin,Male,Basic,1
08984,medinarobin@example.com,Judy,Female,Basic,1
08985,mschmidt@example.org,Brittany,Male,Standard,1
08986,annsmith@example.org,Laura,Male,Basic,1
08987,vmclaughlin@example.org,Amy,Male,Standard,1
08988,dominique51@example.org,Steven,,Premium+,1
08989,lanceharrison@example.org,April,Male,Premium,0
08990,wfritz@example.net,Casey,Male,Basic,1
08991,jessicaanderson@example.net,John,Female,Basic,1
08992,marc12@example.com,Sherry,Prefer not to say,Basic,1
08993,millsgary@example.net,James,Male,Standard,1
08994,williamsbrandon@example.net,Sharon,Male,Premium,0
08995,morsenicole@example.net,Alexander,Male,Premium+,1
08996,michaelporter@example.org,Tyler,,Premium,1
08997,michaelsanchez@example.net,Jill,Female,Premium,1
08998,andrea45@example.com,Colleen,Female,Standard,1
08999,hendersonnicholas@example.net,Raymond,Male,Premium+,1
09000,ncooper@example.com,Timothy,Male,Standard,1
09001,marioanderson@example.com,Nicole,Male,Standard,1
09002,barajasdarlene@example.net,Alyssa,Female,Premium,1
09003,barbarastewart@example.com,Barry,Female,Basic,1
09004,joshuapowers@example.com,Joel,Male,Basic,1
09005,aprilpeters@example.com,Raymond,Male,Basic,1
09006,stevenstony@example.org,Natalie,Female,Premium+,1
09007,gwilliamson@example.org,Samantha,Female,Standard,1
09008,danielparker@example.org,Alexander,,Basic,1
09009,nicole60@example.com,Daniel,Female,Standard,1
09010,quinnmichael@example.org,Russell,Male,Standard,0
09011,parkerchristopher@example.org,Renee,Female,Standard,1
09012,lisa51@example.com,Cory,Male,Premium+,1
09013,ebrandt@example.com,Miranda,Female,Premium,1
09014,qramos@example.org,Teresa,Female,Premium,1
09015,fkeller@example.com,Peter,Female,Premium,1
09016,ellendavis@example.org,Vincent,Male,Premium,0
09017,karinawells@example.org,Michael,Female,Premium,1
09018,chambersrobert@example.org,Rachael,Male,Premium,1
09019,micheal08@example.net,Kathy,Female,Standard,1
09020,bstewart@example.net,Tonya,Male,Basic,1
09021,thomas41@example.com,Samuel,Female,Standard,1
09022,zwatson@example.com,Lorraine,Male,Basic,1
09023,trancorey@example.org,Cheryl,,Basic,1
09024,mbarker@example.com,Nathan,Male,Basic,1
09025,shannon81@example.org,John,Male,Premium,1
09026,amanda41@example.com,Frank,Male,Basic,0
09027,karenpacheco@example.org,Charles,Female,Standard,1
09028,courtneyjohnson@example.org,Wesley,Male,Basic,1
09029,manuel08@example.org,Kristen,Male,Premium,1
09030,cfernandez@example.net,Brendan,Other,Basic,1
09031,clairewalker@example.com,Diana,Female,Standard,1
09032,williamsrobert@example.com,Thomas,Female,Basic,1
09033,michael28@example.com,Jeffery,Male,Premium,1
09034,atkinsphilip@example.com,Linda,Male,Premium+,1
09035,kathrynnelson@example.net,Cheyenne,Female,Premium,0
09036,robbinsjoshua@example.org,John,Female,Standard,1
09037,craigxavier@example.net,Sean,Female,Standard,1
09038,rodney73@example.org,Gabrielle,Female,Standard,1
09039,wbaker@example.com,Jamie,Male,Standard,1
09040,morrismark@example.net,Kimberly,Male,Premium,1
09041,aaron77@example.org,Amanda,Female,Premium,1
09042,dominique78@example.net,Erin,Male,Standard,0
09043,michael63@example.org,John,Male,Premium,1
09044,amanda13@example.com,Wendy,,Premium+,1
09045,billy92@example.com,Leslie,Male,Premium+,1
09046,clayjose@example.net,Jesse,Male,Standard,0
09047,sheltonmichael@example.org,Phillip,Prefer not to say,Standard,1
09048,gortiz@example.net,Robert,Male,Standard,1
09049,fitzpatrickdeborah@example.org,Rodney,Female,Premium,1
09050,michael53@example.org,Daniel,,Standard,1
09051,rgutierrez@example.net,Eric,Male,Premium,0
09052,ashleywalker@example.net,Whitney,Male,Basic,1
09053,oscarboyd@example.net,Samantha,Male,Premium,1
09054,charles82@example.com,Michael,Prefer not to say,Standard,0
09055,mayermatthew@example.com,Elizabeth,Male,Basic,1
09056,dustin61@example.org,Ivan,Female,Premium+,1
09057,anthony12@example.net,Patricia,Male,Standard,1
09058,paulthompson@example.org,Mark,Female,Standard,0
09059,schmidtdavid@example.com,Lance,Male,Standard,1
09060,morrissarah@example.org,Jason,Male,Standard,1
09061,patrickbrown@example.net,James,Male,Standard,1
09062,eallen@example.net,Mary,Other,Premium,1
09063,brucegonzalez@example.net,Nicholas,Female,Premium,1
09064,smithlauren@example.org,Matthew,Male,Standard,1
09065,nancyquinn@example.com,Natalie,Male,Premium,1
09066,michael81@example.com,Jason,Female,Standard,1
09067,churchmichelle@example.net,Gabrielle,Female,Premium+,1
09068,carly38@example.com,Jonathan,Female,Basic,0
09069,jasonmendez@example.net,Danny,Male,Premium,1
09070,davidsonbrad@example.net,Rebecca,Male,Basic,1
09071,kdavis@example.com,Janice,Male,Basic,1
09072,qgraham@example.org,Christine,Female,Standard,1
09073,adam24@example.net,Sandra,Female,Premium,1
09074,jsmith@example.org,Amanda,Female,Premium,1
09075,cjohnston@example.net,Richard,,Premium,1
09076,treynolds@example.org,Nathan,Female,Standard,1
09077,patrick17@example.com,Lori,Female,Standard,1
09078,iturner@example.org,Debra,Male,Standard,1
09079,michelle40@example.net,Angela,Male,Premium,1
09080,cbrandt@example.com,Lisa,Female,Standard,1
09081,chasejanet@example.com,Becky,Male,Basic,1
09082,lauren15@example.com,Francis,,Standard,1
09083,mcintyremary@example.com,Kelly,Male,Standard,1
09084,uguerrero@example.com,Robert,Male,Premium,1
09085,mcguirejasmine@example.net,Morgan,Female,Premium,1
09086,littleangela@example.com,Juan,Male,Standard,1
09087,okrueger@example.com,Phyllis,Male,Basic,1
09088,jeremycohen@example.com,Linda,Male,Standard,1
09089,phernandez@example.net,Heidi,Male,Basic,1
09090,kelsey25@example.com,David,Female,Premium,1
09091,carolinekelley@example.org,James,Male,Premium,1
09092,amandawalker@example.net,Alice,Female,Premium,0
09093,huntbrian@example.net,Jerry,Male,Basic,1
09094,johnstewart@example.net,Rebecca,Male,Premium,1
09095,woodphilip@example.com,Jonathan,Female,Premium,1
09096,wagnerdavid@example.net,Samuel,Female,Standard,1
09097,ksmith@example.net,Clinton,Male,Premium,1
09098,boydaustin@example.com,Dalton,Female,Premium,1
09099,meyergary@example.org,Kimberly,Male,Standard,0
09100,whardy@example.com,Dale,Male,Standard,1
09101,fwinters@example.net,Erica,,Premium,1
09102,villanuevakathy@example.com,Melissa,Male,Standard,1
09103,karenadams@example.com,Kelly,Female,Basic,1
09104,shannon13@example.org,Michael,Male,Premium+,1
09105,nnelson@example.net,Jeffrey,Prefer not to say,Premium+,0
09106,megantravis@example.com,Joanna,Female,Premium+,1
09107,pkelley@example.com,Dylan,Male,Basic,1
09108,ryan79@example.net,Janet,Female,Premium,1
09109,alexandercurtis@example.org,Stephanie,Male,Basic,1
09110,kendrawilliams@example.com,Robert,Female,Premium,1
09111,jennyduncan@example.net,Paula,Female,Premium,1
09112,katie64@example.com,Jasmine,Male,Premium,0
09113,gsmith@example.com,Luis,Female,Premium,0
09114,danielle49@example.com,Robert,Male,Basic,0
09115,jamie69@example.net,Jessica,Male,Standard,0
09116,pstewart@example.com,Jenny,Female,Basic,1
09117,james46@example.org,Barbara,Male,Premium+,0
09118,timothy66@example.net,Richard,Female,Premium+,1
09119,sallen@example.net,Jason,Male,Standard,1
09120,karenwilson@example.org,Jonathan,Female,Standard,1
09121,ihill@example.net,Dwayne,Male,Standard,1
09122,oolsen@example.org,Jennifer,Male,Premium,1
09123,ejefferson@example.net,Heather,Male,Standard,0
09124,pattersoncrystal@example.com,Mike,Female,Standard,1
09125,ismith@example.net,Joshua,Male,Premium,1
09126,ajones@example.net,Jose,Female,Standard,0
09127,amanda89@example.net,Danny,Female,Premium,1
09128,olopez@example.org,Cody,Male,Standard,0
09129,harmonmicheal@example.com,Andrew,Male,Premium,1
09130,wongdaniel@example.com,Daryl,Female,Basic,1
09131,ghoffman@example.org,Douglas,Male,Basic,0
09132,deborah35@example.com,Anthony,Prefer not to say,Basic,1
09133,wanda31@example.net,Amanda,Female,Premium,1
09134,nancythomas@example.net,Misty,Female,Premium,1
09135,mariamaxwell@example.com,Hannah,Other,Premium,1
09136,gonzalezstephen@example.org,Kelsey,,Standard,1
09137,jeffrey56@example.com,Julie,Prefer not to say,Standard,1
09138,stephaniebrown@example.com,Andrew,Female,Premium,1
09139,burnsrandall@example.com,Diana,Male,Standard,1
09140,michelle39@example.net,Taylor,Female,Basic,1
09141,thomasjustin@example.org,Michael,Female,Standard,1
09142,david61@example.net,Shannon,Male,Standard,1
09143,zacharygomez@example.org,Robert,Female,Premium,1
09144,tclark@example.net,Maria,Female,Standard,0
09145,qkim@example.net,Krystal,Female,Standard,1
09146,bryantjulia@example.com,Sarah,Male,Standard,1
09147,nicholas99@example.com,Joseph,Male,Standard,1
09148,zpalmer@example.org,David,Female,Premium,1
09149,lisa21@example.com,Robert,Female,Premium,1
09150,dmeyer@example.org,Jennifer,Male,Standard,1
09151,albert97@example.org,Brittany,Female,Premium,1
09152,jbrown@example.com,Austin,Female,Standard,1
09153,wmorrow@example.com,David,Female,Premium,0
09154,pearsongabriel@example.com,Julie,Other,Premium,1
09155,david78@example.com,William,Prefer not to say,Standard,1
09156,christinaprice@example.net,Jimmy,Female,Basic,0
09157,marcussolomon@example.net,Brad,Female,Standard,1
09158,madelinejones@example.com,Allen,Male,Premium,1
09159,gilbert02@example.org,Robert,,Premium,1
09160,alexanderkimberly@example.net,Dominique,Female,Premium,1
09161,amorrison@example.com,Nathan,Male,Standard,1
09162,pacelindsey@example.net,Christine,Male,Premium,1
09163,patrick04@example.com,Tracey,,Standard,1
09164,nfisher@example.com,Audrey,Male,Standard,1
09165,qfriedman@example.net,Jennifer,Female,Basic,1
09166,rsantos@example.com,Christopher,Female,Premium,1
09167,nchen@example.net,Charles,Female,Premium,1
09168,larsenhaley@example.com,Victoria,Male,Premium,0
09169,kaylavaughn@example.net,Cynthia,Prefer not to say,Premium,0
09170,ysmith@example.net,Javier,,Standard,1
09171,slopez@example.com,George,Female,Premium+,1
09172,ecaldwell@example.org,Haley,Female,Standard,1
09173,cwalsh@example.com,Nicholas,Female,Standard,1
09174,janetharris@example.com,James,Male,Basic,1
09175,anne61@example.com,Jared,Male,Standard,1
09176,jonathanblair@example.com,Erin,Male,Premium,1
09177,bjones@example.com,Douglas,Male,Basic,1
09178,ericsuarez@example.net,Molly,Male,Premium+,0
09179,heatherflynn@example.net,Andrew,Female,Premium+,1
09180,joycewebb@example.net,Robert,Male,Premium,1
09181,imyers@example.com,Grant,Male,Standard,1
09182,hollandjessica@example.net,Meredith,Female,Basic,0
09183,bonnie10@example.net,Daniel,Male,Premium,1
09184,teresa81@example.org,Joseph,Male,Standard,1
09185,michaelcox@example.org,Barry,Female,Standard,1
09186,hannah35@example.net,Diana,Female,Standard,1
09187,johnsjason@example.net,Alexandra,Female,Standard,0
09188,jonesnicole@example.org,Daniel,Male,Premium+,1
09189,charlespennington@example.org,Brianna,Female,Standard,1
09190,thomas82@example.org,Jacob,Male,Basic,0
09191,keith82@example.com,Alan,Female,Premium,1
09192,christinamcdonald@example.com,Kevin,Male,Standard,0
09193,yvonnesmith@example.com,Travis,Female,Basic,1
09194,sanchezclinton@example.org,Randy,Prefer not to say,Standard,1
09195,westelizabeth@example.net,Ian,Male,Basic,1
09196,cameronjohnson@example.org,Joanna,Other,Premium+,1
09197,cliffordkelley@example.com,Heather,,Standard,1
09198,sbradley@example.net,Daniel,Female,Basic,1
09199,prattjessica@example.net,Melanie,Female,Premium,1
09200,williamcohen@example.net,Robyn,Female,Standard,1
09201,lsmith@example.org,Justin,,Premium,1
09202,andrewjimenez@example.com,Kevin,Female,Premium,1
09203,raymondjose@example.net,Adam,Female,Basic,1
09204,antonio39@example.org,Jeffery,,Basic,1
09205,ryanalvarado@example.org,Angela,,Basic,0
09206,melanie97@example.net,Barbara,Female,Standard,1
09207,chapmanlinda@example.org,Michele,Male,Premium,1
09208,williamsheather@example.com,Joseph,Female,Basic,1
09209,michael95@example.com,Andrea,Male,Basic,1
09210,ylynch@example.com,William,Male,Basic,1
09211,kevinwest@example.com,Jeremy,,Premium,1
09212,keithfields@example.net,Jerry,,Premium,1
09213,briandawson@example.com,Michelle,Male,Premium,0
09214,samuelreid@example.net,Susan,Male,Premium,1
09215,nathanhale@example.com,Michael,Male,Standard,0
09216,terryterry@example.net,Lindsey,Female,Basic,1
09217,browntammy@example.org,Luis,Prefer not to say,Premium,1
09218,jbrown@example.org,Kelsey,Male,Standard,1
09219,angelabaker@example.com,Miranda,Male,Premium,1
09220,bwhitehead@example.net,Joshua,Female,Standard,1
09221,nicolasrobinson@example.com,Nathan,Female,Standard,1
09222,dennis85@example.com,Amanda,Female,Basic,1
09223,kenteric@example.org,Sara,Male,Premium,1
09224,henglish@example.org,Richard,Male,Standard,0
09225,theresagomez@example.com,Cody,Male,Standard,1
09226,burtonderrick@example.net,Frank,,Standard,1
09227,amymckay@example.org,Brittany,Female,Basic,1
09228,lmartin@example.com,David,Female,Premium,1
09229,rray@example.com,Ronald,Male,Premium+,1
09230,davidjackson@example.org,James,Female,Premium,1
09231,mirandapatrick@example.net,Marcus,Other,Premium,1
09232,michael81@example.com,Ian,Male,Basic,1
09233,melissalynch@example.net,Brittany,Female,Premium,0
09234,cainrebekah@example.org,Ashley,,Basic,1
09235,rowens@example.com,Jeremy,Female,Premium,0
09236,guerrerochelsey@example.org,Tiffany,Male,Premium+,1
09237,cindygoodman@example.net,Joshua,Female,Premium,1
09238,reedroy@example.com,Robert,Female,Standard,1
09239,thomasrichard@example.net,Douglas,Male,Basic,1
09240,garrettcontreras@example.net,Erin,,Basic,1
09241,eriksmith@example.com,Dominique,Male,Standard,1
09242,cooperjennifer@example.net,Travis,,Basic,1
09243,jasonlawrence@example.net,Lacey,,Premium,1
09244,phillip58@example.org,Joshua,,Premium,0
09245,christopherconley@example.net,Alexis,Male,Premium+,1
09246,lucasgeorge@example.com,Wayne,Male,Premium,1
09247,blackburnphillip@example.net,Amber,Other,Basic,1
09248,pray@example.com,Mary,Male,Standard,1
09249,shawjustin@example.org,Tina,Female,Premium+,1
09250,zunigapeter@example.org,Tiffany,Male,Premium,0
09251,patrick56@example.com,Xavier,Male,Premium+,1
09252,raymond50@example.net,Michelle,Male,Basic,1
09253,solomonlindsey@example.net,Juan,Female,Standard,1
09254,aaron63@example.com,Donald,Female,Standard,1
09255,ericaanderson@example.org,Hannah,Female,Basic,1
09256,robertmosley@example.org,Reginald,Other,Standard,1
09257,jdavidson@example.com,Ashley,,Basic,1
09258,sawyernicholas@example.org,Nathan,Female,Standard,1
09259,scottadam@example.com,Lindsay,Male,Standard,1
09260,stevensashley@example.org,Jasmine,Prefer not to say,Premium+,1
09261,reeveswesley@example.com,Jeffrey,Male,Standard,1
09262,judysolis@example.org,Sierra,Other,Standard,1
09263,raymond85@example.org,Steven,Male,Premium,1
09264,mruiz@example.net,Kyle,Female,Basic,1
09265,martinezjustin@example.org,Casey,Other,Basic,1
09266,moorejennifer@example.net,Jonathan,Male,Basic,1
09267,jcobb@example.org,John,Male,Basic,0
09268,hansenvictoria@example.org,Kyle,Male,Standard,1
09269,jeremyzimmerman@example.org,Tyrone,Female,Standard,1
09270,jamesfox@example.com,Stephanie,Male,Premium,1
09271,paula05@example.net,Wayne,Female,Standard,1
09272,johnthomas@example.com,Maxwell,Prefer not to say,Standard,1
09273,lmartinez@example.net,James,Male,Basic,1
09274,zacharyperez@example.com,Justin,Male,Premium,1
09275,kathleenpage@example.org,Daniel,Male,Premium,1
09276,shawn91@example.com,Andrea,Male,Standard,1
09277,bakerthomas@example.com,Robin,Male,Premium,1
09278,bennettpeter@example.com,Francis,Prefer not to say,Standard,1
09279,johnsonjuan@example.org,Victoria,Female,Basic,1
09280,harrisonsandra@example.net,Todd,Male,Basic,1
09281,bradley63@example.org,Cody,Male,Standard,1
09282,jeffrey66@example.com,Gavin,Female,Basic,1
09283,myoung@example.net,Monica,Female,Standard,1
09284,james32@example.org,Amy,Male,Standard,1
09285,vstevens@example.net,Sharon,Female,Standard,1
09286,vincentwilliams@example.org,William,Male,Premium+,1
09287,devin22@example.org,Billy,Female,Premium+,0
09288,cfoster@example.org,Brian,Male,Premium,0
09289,bquinn@example.net,Kim,Female,Premium,1
09290,jimmystephens@example.com,Kurt,Male,Premium+,1
09291,dferguson@example.com,Thomas,Male,Premium,1
09292,patriciawilliams@example.com,Yolanda,Other,Basic,1
09293,garrett29@example.com,Jennifer,Other,Premium+,0
09294,jbradford@example.com,Paul,Male,Standard,1
09295,leejason@example.com,Stephanie,Male,Standard,1
09296,ukennedy@example.org,Matthew,Male,Basic,1
09297,gordonsamuel@example.org,Henry,Other,Basic,1
09298,allisonhall@example.net,Richard,Male,Basic,1
09299,svillanueva@example.com,Valerie,Male,Premium,1
09300,kelsey86@example.net,Michelle,Male,Premium,1
09301,hartmandaniel@example.net,Laura,Female,Basic,1
09302,reynoldschristopher@example.org,Brian,Female,Standard,1
09303,rachaelduke@example.net,Mary,,Premium,1
09304,rossmarcus@example.net,Kathleen,Male,Standard,1
09305,nanderson@example.org,Melissa,Female,Premium+,1
09306,kelly97@example.com,Tanya,Male,Standard,1
09307,phillipburns@example.com,Jessica,,Basic,1
09308,sharonbaker@example.org,Leonard,Male,Premium,0
09309,saguirre@example.com,Carol,Male,Premium,1
09310,jorge31@example.com,John,Male,Standard,1
09311,pramirez@example.com,Antonio,Other,Basic,0
09312,johnmccarthy@example.net,Logan,Female,Standard,1
09313,yolandaarmstrong@example.org,Ashley,Male,Basic,1
09314,wandaleonard@example.net,Anthony,Female,Premium,1
09315,etucker@example.com,Michael,Other,Standard,1
09316,lhuffman@example.net,Peter,Female,Basic,1
09317,wendy89@example.com,Aaron,Male,Standard,1
09318,stephanie89@example.org,Melissa,Female,Basic,1
09319,cartersusan@example.org,Laura,Male,Premium,1
09320,scottanderson@example.com,Ricky,Female,Basic,1
09321,patriciawilliams@example.net,Ann,Female,Premium+,1
09322,kimberly84@example.com,Michelle,Female,Premium,1
09323,cochranlisa@example.com,Melissa,Female,Basic,1
09324,benjamin92@example.net,James,,Standard,1
09325,kevin96@example.com,Eric,Female,Basic,0
09326,vaughnrebekah@example.org,Kristy,Female,Premium,1
09327,jeffrey07@example.com,John,Male,Standard,1
09328,jamesmoore@example.com,Brian,Female,Premium+,1
09329,nicholas21@example.org,Megan,Other,Standard,1
09330,wcortez@example.com,David,Male,Standard,1
09331,michelleberg@example.com,Amanda,Male,Standard,1
09332,anne69@example.net,Tara,Female,Basic,1
09333,andrewacosta@example.com,Natalie,Male,Basic,1
09334,sandersmorgan@example.net,Michael,Female,Standard,1
09335,rthomas@example.net,Pamela,Other,Basic,1
09336,casehannah@example.net,Samantha,Female,Standard,1
09337,youngbarbara@example.net,David,Male,Standard,1
09338,washingtonjason@example.org,Jo,,Premium,1
09339,carrollmary@example.org,Antonio,Female,Basic,1
09340,tylerjones@example.net,Kelsey,Male,Premium+,1
09341,kathy23@example.com,Christopher,Female,Premium,1
09342,james08@example.com,William,Female,Standard,1
09343,iyoung@example.org,Lawrence,Female,Basic,1
09344,kklein@example.org,Justin,Female,Standard,1
09345,jessicawhite@example.org,Diamond,Female,Basic,1
09346,qbishop@example.com,Kurt,Female,Standard,0
09347,ssosa@example.org,Andrew,Male,Standard,1
09348,ypetty@example.org,Charles,Male,Premium,1
09349,tamara79@example.org,Brandi,Female,Standard,1
09350,regina00@example.com,Alexis,Female,Basic,1
09351,rromero@example.com,Christopher,Female,Premium,0
09352,colinrodriguez@example.org,Allison,,Standard,1
09353,tpacheco@example.net,Lisa,Female,Standard,1
09354,richard19@example.com,Tracy,Male,Premium,1
09355,owoodward@example.com,Derrick,,Premium,1
09356,robertsonbrianna@example.com,Rebecca,Male,Basic,1
09357,dawn80@example.org,Stephen,Male,Basic,1
09358,hwallace@example.org,Robert,Female,Basic,1
09359,wayne48@example.org,Alexander,Male,Standard,1
09360,coxkenneth@example.com,Jordan,Female,Premium,1
09361,nmalone@example.org,Corey,Female,Basic,1
09362,kirstenfernandez@example.net,Eric,Male,Standard,1
09363,williampage@example.org,Joshua,Female,Premium,1
09364,jcastillo@example.net,Yolanda,,Basic,1
09365,jerrywilkinson@example.com,Martin,Male,Premium,1
09366,joseph31@example.org,Leroy,Female,Standard,1
09367,jdavis@example.org,Amanda,Male,Premium,0
09368,rebeccacollins@example.com,Donna,Male,Premium,1
09369,matthew97@example.com,Lisa,Female,Premium,1
09370,abigailarnold@example.com,Mercedes,Female,Standard,0
09371,todd54@example.net,Eugene,Female,Standard,1
09372,dpowers@example.org,Cynthia,,Premium,1
09373,stephen56@example.com,Frank,Male,Premium,0
09374,jeremy48@example.net,Anthony,,Standard,1
09375,biancajones@example.org,Joseph,Male,Premium+,1
09376,jacob68@example.com,Anthony,Female,Standard,1
09377,andrea74@example.net,Ruben,Female,Basic,1
09378,jennifer96@example.org,Lawrence,Male,Premium+,1
09379,bscott@example.com,Amy,Other,Standard,1
09380,johnsoncaroline@example.org,William,Male,Standard,1
09381,cpearson@example.net,Hannah,Female,Standard,1
09382,harrislaura@example.com,Pamela,,Standard,1
09383,christophersmith@example.com,Shawn,,Standard,1
09384,cheyennehoffman@example.org,Brian,Female,Premium,1
09385,eward@example.com,Henry,Male,Standard,1
09386,browncrystal@example.org,Janet,Female,Standard,1
09387,harrisbrenda@example.org,John,Female,Premium,1
09388,ooliver@example.com,Joseph,Male,Basic,0
09389,omoore@example.com,Corey,Other,Basic,1
09390,ramseylouis@example.net,Stephanie,Prefer not to say,Premium,1
09391,michaelwalsh@example.net,Brandy,Male,Basic,1
09392,alexiscamacho@example.com,Edward,Male,Premium,1
09393,john97@example.com,John,Female,Basic,0
09394,keith17@example.org,Jennifer,Male,Premium+,1
09395,abigail89@example.com,Tammy,Female,Premium,1
09396,bdavis@example.com,Barbara,Female,Premium+,1
09397,douglasshaw@example.org,Matthew,Female,Premium+,1
09398,cantumichele@example.org,Mitchell,Female,Premium,1
09399,ronaldcook@example.com,Marie,Male,Standard,1
09400,dbrooks@example.com,Patty,Female,Standard,1
09401,awise@example.net,Karen,Male,Premium,1
09402,angelamorton@example.com,Michelle,Male,Standard,1
09403,jasonbaker@example.net,Alfred,Female,Standard,1
09404,ronaldhuff@example.org,Kelly,Male,Standard,0
09405,michael55@example.com,Marcia,Female,Premium,1
09406,sarahbentley@example.com,Jennifer,Male,Premium,1
09407,chadwilliams@example.net,Andre,,Premium,0
09408,ptrujillo@example.net,David,Other,Premium+,1
09409,chall@example.org,Danielle,Female,Basic,1
09410,tamarajohnson@example.net,Kimberly,,Standard,1
09411,mckinneymaxwell@example.org,Jennifer,Female,Premium+,1
09412,sandrabuchanan@example.net,Timothy,Other,Premium,1
09413,fyoung@example.net,Nathan,Female,Standard,1
09414,mcdonaldkeith@example.net,James,Male,Standard,1
09415,coreyhernandez@example.net,Seth,Male,Premium,1
09416,amandaanthony@example.net,Amy,Female,Premium,1
09417,pmoses@example.org,Troy,Female,Standard,1
09418,lward@example.net,Jesse,Male,Basic,1
09419,tmiller@example.org,Kayla,Male,Basic,0
09420,kwilliams@example.net,Steve,Female,Basic,0
09421,laura15@example.net,Curtis,Male,Standard,1
09422,markarmstrong@example.net,Steven,Male,Basic,1
09423,penasusan@example.net,Brian,Female,Standard,1
09424,billyrojas@example.com,Darren,Male,Standard,1
09425,taylormiranda@example.org,Richard,Male,Premium,1
09426,amanda09@example.com,Michelle,Male,Premium,0
09427,willisjennifer@example.org,Anthony,Female,Premium,1
09428,qjohnson@example.org,Julie,Male,Standard,1
09429,bensonsara@example.net,Francisco,Other,Standard,1
09430,jameswillis@example.com,Darlene,Female,Premium+,1
09431,veronica42@example.net,Daniel,Male,Premium,1
09432,pgoodman@example.org,Nicholas,Male,Standard,1
09433,jeffrey21@example.org,Jessica,Male,Premium,1
09434,calvin23@example.net,Misty,Male,Basic,1
09435,anthony47@example.org,Erin,Male,Standard,1
09436,brookealvarez@example.net,Donna,Female,Premium,1
09437,margarethill@example.net,Adam,Female,Premium+,1
09438,wrightnicole@example.net,Angela,Female,Premium,0
09439,jensencody@example.org,Christian,,Standard,1
09440,jamesrush@example.net,Julia,Prefer not to say,Standard,1
09441,tracyroberts@example.com,Antonio,,Premium,1
09442,matthewrobertson@example.org,Amanda,Female,Basic,1
09443,curtis80@example.com,Richard,Female,Premium,1
09444,justinstewart@example.org,Michelle,Male,Premium,1
09445,sheliaarnold@example.org,Jacob,Male,Standard,1
09446,blopez@example.org,Courtney,Male,Standard,1
09447,ajohnston@example.org,Amy,,Standard,1
09448,baileyaustin@example.org,Tamara,Female,Premium,1
09449,christian16@example.net,Melissa,Other,Basic,1
09450,kennethsmith@example.org,Cory,Female,Premium,1
09451,dparsons@example.net,Benjamin,Female,Standard,1
09452,seanrobertson@example.org,Adam,Male,Premium+,1
09453,sydney15@example.org,Courtney,Female,Premium+,1
09454,michael41@example.net,Catherine,Prefer not to say,Standard,0
09455,charleslewis@example.com,Steve,Male,Premium+,0
09456,tonibrock@example.org,William,Female,Standard,1
09457,williamskevin@example.net,Eric,Female,Premium,1
09458,nathanyoung@example.net,Angela,Female,Premium,1
09459,hernandezlarry@example.com,Janet,Male,Premium,1
09460,jeffrey68@example.com,Matthew,Male,Basic,1
09461,martinezpamela@example.net,Jennifer,,Basic,1
09462,perezlaura@example.net,Derrick,Male,Premium,1
09463,smithmatthew@example.net,Shannon,Female,Basic,1
09464,harringtonmichael@example.com,Mary,Male,Premium,1
09465,lsanders@example.com,Katherine,Prefer not to say,Premium,1
09466,tli@example.com,Danielle,Male,Premium+,0
09467,clarkalexander@example.net,Nicole,Male,Premium,1
09468,mcox@example.org,Laurie,Female,Basic,0
09469,jamesford@example.com,Shane,Male,Premium,1
09470,susanphillips@example.com,Rebecca,Female,Premium,1
09471,joseph67@example.org,Charles,Prefer not to say,Premium,1
09472,padkins@example.com,Katherine,Female,Standard,1
09473,arnoldsharon@example.net,Martin,Male,Premium,1
09474,drakescott@example.net,Dylan,Prefer not to say,Premium,1
09475,jameshorn@example.org,Meredith,,Premium+,1
09476,andrewlane@example.com,Timothy,Male,Premium,1
09477,marciaromero@example.com,Sarah,Male,Standard,0
09478,jeffrey21@example.org,Michael,Female,Premium+,0
09479,rjackson@example.net,David,Male,Premium,1
09480,lauren40@example.com,Amber,Male,Basic,1
09481,tonyblevins@example.net,Melissa,,Premium+,1
09482,younggary@example.org,Lindsey,Male,Standard,1
09483,kevingriffin@example.org,Joshua,Male,Basic,1
09484,sarajones@example.org,Daniel,Female,Premium+,1
09485,kiddstephanie@example.org,Christine,Prefer not to say,Basic,0
09486,ronaldstafford@example.org,Anthony,Female,Basic,0
09487,karen29@example.org,Timothy,Female,Basic,1
09488,qmorgan@example.org,Jesse,Female,Standard,0
09489,tiffany81@example.org,Joshua,Male,Basic,1
09490,brandongarza@example.org,Sarah,Female,Premium,1
09491,brianna01@example.net,Stephen,Male,Premium,1
09492,weaverkelly@example.com,Eddie,,Premium+,1
09493,collierbarbara@example.com,Daniel,Female,Premium,1
09494,glennmartin@example.net,Mark,Prefer not to say,Premium+,1
09495,jvaughan@example.net,Francisco,Female,Premium,1
09496,eturner@example.net,Erica,,Standard,1
09497,lucas66@example.org,Michele,Female,Standard,1
09498,breanna66@example.com,Ryan,Female,Premium,1
09499,megan85@example.org,Charles,Female,Premium,1
09500,zjones@example.net,Cody,Female,Premium,1
09501,gsmith@example.net,Bill,Male,Standard,1
09502,crawfordadam@example.com,Michael,Female,Basic,1
09503,alexander56@example.com,Kayla,Female,Premium,1
09504,rsmith@example.com,Christina,Female,Premium,1
09505,francisco98@example.com,Sarah,Male,Standard,1
09506,jmoss@example.net,Melinda,Male,Premium,0
09507,kbarrera@example.org,Jared,Male,Standard,0
09508,linnathaniel@example.com,Barbara,Female,Premium,1
09509,devin98@example.org,Robert,Male,Basic,1
09510,mbutler@example.org,Michael,Female,Standard,1
09511,dthompson@example.net,Christopher,Female,Basic,1
09512,dianewatson@example.com,James,Female,Premium+,1
09513,flloyd@example.com,Nichole,Male,Basic,0
09514,jonathangarcia@example.org,Emily,Female,Basic,1
09515,hbuckley@example.org,Benjamin,,Premium,1
09516,lawrencemayo@example.com,Gregory,Male,Standard,1
09517,sean67@example.org,Brittany,Male,Premium,1
09518,lopezrichard@example.org,Sandra,Prefer not to say,Premium,1
09519,casey97@example.org,Robert,Female,Standard,1
09520,ctate@example.com,Shannon,Female,Standard,1
09521,glen29@example.org,Christine,Female,Basic,1
09522,christian22@example.org,Kristin,Prefer not to say,Premium,1
09523,xbriggs@example.org,Kathryn,Male,Standard,1
09524,gina59@example.com,Maria,Prefer not to say,Basic,0
09525,cassie87@example.net,Stephen,Female,Premium,1
09526,qdavidson@example.org,Kathy,Male,Premium,1
09527,sgeorge@example.net,Jose,Female,Premium,1
09528,romandennis@example.org,Ashley,Male,Premium,1
09529,kevinnewman@example.net,John,,Premium,1
09530,linsusan@example.org,Donna,Male,Standard,1
09531,curtis65@example.com,Andrew,Male,Premium,1
09532,deleonmegan@example.org,Victor,Male,Basic,1
09533,baileymadison@example.net,Erica,Male,Premium,1
09534,ogrimes@example.org,Vanessa,Female,Standard,0
09535,hornclaudia@example.org,Logan,Prefer not to say,Basic,1
09536,ojenkins@example.net,Larry,Male,Premium,1
09537,richardhall@example.org,Roger,Female,Basic,1
09538,toddgilmore@example.com,Michael,Female,Premium,1
09539,bkrause@example.org,Mary,Female,Standard,1
09540,vanderson@example.net,Martin,Female,Premium+,1
09541,gardnerchristopher@example.net,Ian,Male,Standard,0
09542,millerroger@example.com,James,Female,Basic,1
09543,ymoore@example.net,Daniel,Male,Premium,1
09544,piercepaul@example.net,Stephanie,Other,Standard,1
09545,steven24@example.net,Clifford,Female,Premium,1
09546,karen20@example.net,Angela,Male,Premium,0
09547,kristen96@example.net,David,Male,Basic,1
09548,joseph61@example.com,Jamie,Male,Premium,1
09549,thomasanderson@example.org,Tina,Other,Basic,1
09550,phall@example.net,Darlene,Male,Standard,1
09551,swebb@example.org,Joseph,Male,Basic,1
09552,andersonlarry@example.net,Nicole,Female,Premium+,1
09553,cherylsmith@example.org,Nathaniel,Other,Premium,1
09554,pspence@example.com,Troy,Male,Standard,1
09555,rodgersjennifer@example.org,Alexandra,Female,Premium,0
09556,cflores@example.org,Christopher,,Standard,1
09557,petersonsteven@example.org,Marc,Male,Standard,0
09558,vasquezregina@example.net,Eric,,Premium,1
09559,rodriguezbrian@example.org,Michelle,Female,Basic,1
09560,jpoole@example.com,Austin,Male,Premium,1
09561,mark47@example.com,Joshua,Female,Premium,1
09562,dustinwhite@example.net,David,Male,Premium,0
09563,logan37@example.com,Alexis,Male,Premium,1
09564,ashley37@example.org,John,Male,Standard,1
09565,mckenziemichael@example.com,Jennifer,Male,Premium,1
09566,jacquelinebanks@example.net,Robert,Female,Premium,1
09567,sarah99@example.net,Tony,Male,Standard,0
09568,julie10@example.net,Kenneth,Male,Premium,1
09569,erin98@example.org,James,Female,Premium,1
09570,jeremysmith@example.com,Steven,,Standard,1
09571,ithompson@example.net,Amy,Female,Standard,1
09572,hbrock@example.com,Eduardo,Female,Basic,0
09573,mollyfuller@example.com,Eric,Prefer not to say,Premium+,1
09574,brianna99@example.net,Carlos,Female,Premium,1
09575,austin69@example.com,Francisco,Female,Basic,1
09576,sarah62@example.com,Adam,Female,Basic,1
09577,martinperez@example.org,Brittany,Male,Standard,1
09578,stephaniecohen@example.net,Jason,Male,Standard,1
09579,ebeasley@example.org,Jason,Female,Standard,1
09580,albert87@example.net,Isaiah,Female,Basic,1
09581,amedina@example.net,Brett,Other,Standard,1
09582,dlloyd@example.org,Christine,Female,Basic,1
09583,aliciabaker@example.net,Kristina,Female,Premium,1
09584,katherinecarlson@example.org,Louis,Female,Standard,1
09585,pjenkins@example.net,Joseph,Female,Premium,1
09586,ntate@example.net,Scott,Male,Basic,1
09587,emily06@example.org,Steven,Male,Premium,1
09588,pittmanbridget@example.com,Brittany,Female,Standard,0
09589,ududley@example.com,Mark,Male,Standard,1
09590,pcunningham@example.com,Erin,,Standard,1
09591,johnsonkimberly@example.net,Jessica,Female,Premium,1
09592,qsingleton@example.net,Kimberly,Prefer not to say,Premium,1
09593,eric74@example.org,Mary,Female,Standard,1
09594,frazierronald@example.com,Shelby,Male,Standard,1
09595,chaddaniels@example.org,Mary,Other,Standard,1
09596,cardenaswayne@example.com,Victoria,Female,Premium,1
09597,guzmannicole@example.net,Bradley,Female,Standard,1
09598,ericaguilar@example.com,Jack,Male,Standard,1
09599,bestkelly@example.com,John,,Basic,1
09600,boydscott@example.org,Adrienne,Female,Standard,1
09601,joy39@example.org,Michael,Male,Premium,1
09602,hallalex@example.org,Jacob,Prefer not to say,Basic,1
09603,martinezmark@example.net,Denise,Female,Premium,1
09604,brownannette@example.com,Holly,Female,Premium,1
09605,darrensmith@example.org,Albert,Male,Premium,1
09606,thomas44@example.com,Jerry,Other,Standard,1
09607,cathyfranklin@example.com,Jacob,Female,Premium,1
09608,lindahuff@example.net,Teresa,Male,Premium,0
09609,lisa39@example.com,Melissa,Male,Premium,1
09610,sherry17@example.org,Richard,Female,Standard,1
09611,anthonymay@example.net,Michael,Female,Standard,1
09612,mwatson@example.com,Kelsey,Male,Basic,1
09613,michaelkim@example.com,Veronica,Prefer not to say,Basic,1
09614,amanda65@example.org,Ronald,Male,Standard,1
09615,ndominguez@example.com,Christina,Female,Basic,0
09616,ghammond@example.com,Veronica,Female,Premium,1
09617,kevinferguson@example.org,Derrick,Female,Standard,1
09618,reginasimmons@example.com,Charles,Female,Standard,1
09619,chad20@example.net,Timothy,Female,Basic,1
09620,nvasquez@example.net,Jennifer,Male,Premium+,0
09621,amanda90@example.net,Chad,Male,Standard,1
09622,hbennett@example.com,Kevin,Female,Basic,1
09623,cynthia97@example.com,Samuel,Female,Standard,1
09624,sheilajohnson@example.net,Russell,Female,Premium+,1
09625,hernandezbrittney@example.net,Lucas,Female,Premium,0
09626,chasehannah@example.net,Christopher,Female,Standard,1
09627,mperez@example.net,Tricia,,Premium,1
09628,calderondavid@example.org,Robert,Female,Basic,1
09629,erinsmith@example.com,Lisa,,Basic,1
09630,ashleyhamilton@example.net,Ashley,Male,Premium,1
09631,emilyrussell@example.net,Candice,Male,Standard,1
09632,richardgarcia@example.com,Briana,,Premium,1
09633,joseph51@example.org,Jessica,Female,Premium,1
09634,lisanorris@example.net,Gary,Female,Standard,1
09635,sydney20@example.com,Wesley,Female,Premium+,1
09636,shannonrivera@example.net,Lisa,Male,Standard,1
09637,christophermitchell@example.net,John,Male,Standard,1
09638,davidwilliams@example.com,Katie,Female,Premium,1
09639,hkrause@example.net,Anthony,Male,Basic,0
09640,rhopkins@example.org,Linda,Female,Standard,0
09641,lcruz@example.org,Pamela,Female,Standard,1
09642,brooksbilly@example.org,Leah,Female,Standard,1
09643,jadewu@example.org,Wendy,,Premium,1
09644,kimberly68@example.com,Todd,Male,Premium+,0
09645,melaniewalker@example.org,Deanna,Male,Standard,0
09646,eduran@example.org,Mark,Male,Premium,1
09647,craig82@example.org,Christina,Female,Standard,1
09648,obriencourtney@example.com,Jon,Female,Basic,1
09649,wmartin@example.com,Sharon,Male,Standard,1
09650,stewartbryan@example.com,Derrick,Female,Premium+,1
09651,philip65@example.net,Larry,Other,Standard,1
09652,scottshaw@example.net,Chad,,Standard,0
09653,gsimmons@example.net,Shelby,Female,Premium,1
09654,bryanhawkins@example.net,Cassandra,Male,Premium,1
09655,fbailey@example.net,Taylor,Male,Premium,1
09656,garrettmelissa@example.net,Leslie,Male,Standard,1
09657,whitneyjessica@example.com,John,Male,Premium,1
09658,rachellopez@example.com,Larry,Other,Basic,1
09659,sarah12@example.net,Douglas,Female,Premium,1
09660,christensenrandy@example.com,Amber,,Standard,1
09661,brianford@example.org,Stephanie,Male,Standard,1
09662,drew10@example.com,Valerie,Male,Standard,1
09663,danielcastro@example.com,Melissa,Male,Premium,1
09664,gary69@example.org,Manuel,Male,Premium+,1
09665,wchavez@example.org,Nicole,Female,Basic,1
09666,jenniferperez@example.com,Kristi,Male,Premium,1
09667,adam99@example.org,Kelly,Male,Standard,1
09668,jessica92@example.com,Olivia,Male,Premium,1
09669,wbrown@example.org,Hannah,Male,Premium+,0
09670,dawnperez@example.com,Sarah,Male,Standard,1
09671,melissapeters@example.net,Daniel,Male,Standard,0
09672,colonlindsey@example.net,Danielle,Female,Standard,1
09673,kennedynathaniel@example.net,Nicole,Female,Basic,1
09674,catherine06@example.com,Arthur,Male,Premium,0
09675,cwalker@example.com,Holly,Male,Basic,1
09676,annaparker@example.org,Christine,Female,Basic,1
09677,tiffany60@example.com,Kimberly,Other,Premium+,1
09678,pkennedy@example.org,Barbara,Female,Premium,1
09679,jefferyramirez@example.org,Joshua,Prefer not to say,Premium,1
09680,williamfreeman@example.com,Courtney,Female,Premium,1
09681,iwilliams@example.com,Mallory,Female,Premium,1
09682,cbuckley@example.net,Jeffrey,Male,Premium,1
09683,elizabeth38@example.net,Mark,Prefer not to say,Standard,0
09684,edward65@example.org,Alexander,Male,Standard,1
09685,sharonatkins@example.com,Cristina,,Standard,1
09686,krista98@example.com,Kevin,,Standard,1
09687,jallen@example.net,Jose,Female,Basic,1
09688,gregory80@example.net,William,Male,Premium,1
09689,bortega@example.net,Veronica,Male,Standard,1
09690,villarrealdeborah@example.com,Devon,Female,Standard,1
09691,christopher60@example.org,Thomas,Female,Premium,1
09692,eileenflynn@example.net,Renee,Female,Standard,1
09693,diana90@example.com,Joseph,Male,Standard,1
09694,levychristina@example.org,Margaret,Male,Basic,1
09695,donald70@example.net,Mary,Male,Standard,1
09696,lwallace@example.net,Daniel,Female,Basic,1
09697,aprilhensley@example.org,John,Female,Premium+,1
09698,martinezmichael@example.org,William,Male,Standard,1
09699,hartchristopher@example.org,Steven,Prefer not to say,Premium+,1
09700,christopher78@example.com,Lori,Female,Premium,1
09701,rebeccapeterson@example.org,Rachel,Male,Basic,1
09702,martinwilliam@example.net,Tonya,Female,Basic,1
09703,brandonrodriguez@example.com,Andrew,Female,Standard,1
09704,wwatkins@example.com,Jessica,Male,Premium,1
09705,trevor63@example.org,Andre,Female,Premium,1
09706,gracebarker@example.com,James,Female,Standard,1
09707,wallelizabeth@example.com,Ivan,Female,Standard,0
09708,nina95@example.com,Lindsay,Female,Standard,1
09709,margaret22@example.org,Frederick,Male,Standard,1
09710,karen46@example.com,Monica,Female,Standard,1
09711,vwright@example.com,Tammy,,Standard,0
09712,daisy17@example.net,Tara,Prefer not to say,Standard,1
09713,michaelsmith@example.com,Leah,Female,Basic,1
09714,austinmarshall@example.com,Samantha,Male,Premium+,1
09715,gilbertbetty@example.org,Christina,Male,Standard,0
09716,ashley01@example.net,Kyle,Female,Standard,1
09717,jensenmegan@example.net,Tracy,Male,Premium,1
09718,danielstewart@example.com,Jessica,Female,Premium,1
09719,yhernandez@example.com,William,Male,Standard,1
09720,kimjoshua@example.org,Natasha,Female,Basic,1
09721,castrojenna@example.org,Tina,Female,Premium,1
09722,tinaclay@example.org,Elizabeth,Female,Standard,0
09723,jessicacastillo@example.com,Joshua,Female,Premium,0
09724,fgriffith@example.com,Sharon,Female,Premium,1
09725,vsanchez@example.net,Lisa,Male,Premium,0
09726,tuckerashley@example.com,Elizabeth,Prefer not to say,Standard,1
09727,michael16@example.com,Steven,Male,Basic,1
09728,julierobinson@example.net,Stacey,,Premium,1
09729,christopher83@example.net,Laura,Male,Standard,1
09730,smithmichael@example.net,Steven,Female,Standard,0
09731,arthurtate@example.com,Dawn,,Standard,1
09732,thomas65@example.com,Kevin,,Standard,1
09733,teresa76@example.org,Todd,Female,Premium,1
09734,pevans@example.org,Yvonne,Female,Standard,0
09735,yreyes@example.com,Vanessa,Other,Standard,1
09736,travisfranco@example.net,Johnny,Female,Standard,1
09737,tracey60@example.net,Jill,Female,Premium,1
09738,andrea53@example.net,Christopher,Prefer not to say,Basic,1
09739,moyerwilliam@example.com,Kimberly,Male,Standard,1
09740,cody95@example.org,Brandon,Male,Standard,1
09741,denise78@example.net,Thomas,,Standard,1
09742,diane19@example.org,Gabrielle,Male,Standard,1
09743,baileymarcus@example.com,Tracy,Female,Premium+,0
09744,morganpatel@example.net,Michael,Female,Premium+,1
09745,paul89@example.com,Melissa,Other,Premium,1
09746,johncox@example.com,Frances,Female,Premium,1
09747,juliesmith@example.net,Pamela,Female,Standard,1
09748,nataliecollins@example.org,Vickie,Male,Standard,1
09749,mcdonaldwilliam@example.com,James,Female,Premium+,1
09750,garzacraig@example.org,Kelli,Male,Premium,1
09751,anthonywallace@example.com,Kristin,Male,Premium,1
09752,boltonmichelle@example.com,Calvin,Male,Premium,1
09753,qmanning@example.net,Debbie,Female,Premium,1
09754,troymendoza@example.org,Amanda,Female,Premium,1
09755,bradshawshannon@example.org,Alicia,Male,Basic,1
09756,bwatts@example.com,Paula,Male,Premium,1
09757,ythompson@example.com,Mary,Male,Premium,1
09758,deborah57@example.net,Jeffery,Male,Standard,1
09759,bradyrichard@example.net,Roberto,Other,Premium,1
09760,heathercole@example.org,Jonathan,,Premium,1
09761,arobertson@example.com,Andrea,Female,Standard,1
09762,andersonstephanie@example.net,Molly,,Standard,1
09763,roger79@example.com,Matthew,,Premium,0
09764,eric18@example.net,Michael,Other,Premium,1
09765,gadams@example.com,Justin,Female,Premium+,0
09766,gregory50@example.org,Vicki,Male,Standard,1
09767,james35@example.com,Lance,Male,Premium,1
09768,qscott@example.org,Ryan,Female,Standard,1
09769,kstephens@example.org,Eric,Male,Standard,1
09770,vsampson@example.com,Carly,Male,Premium,1
09771,stephen57@example.com,Kristen,Male,Standard,1
09772,nicole12@example.com,Michael,Male,Premium,1
09773,pamela75@example.net,Kyle,Female,Premium,1
09774,hayeschristopher@example.net,Gabriela,Male,Premium,1
09775,douglas87@example.org,David,Female,Premium,1
09776,guzmanadrian@example.net,Jeffrey,Female,Premium,1
09777,timothy90@example.net,Amanda,Male,Premium+,1
09778,martinezedward@example.com,Patricia,Male,Basic,1
09779,bhenson@example.com,Brian,Prefer not to say,Premium,0
09780,bradley42@example.net,Fernando,Female,Standard,1
09781,teresa39@example.com,Samantha,Prefer not to say,Basic,1
09782,hodgelauren@example.net,Frank,Female,Standard,0
09783,christopher26@example.org,Alicia,Female,Premium+,1
09784,raymond85@example.com,Catherine,Male,Premium,1
09785,davismichelle@example.org,Robert,,Premium+,0
09786,jwilliams@example.com,Suzanne,Female,Premium,1
09787,laurenpeters@example.com,Kyle,Male,Standard,0
09788,william72@example.net,Kathryn,Male,Premium,1
09789,dsmith@example.org,Kristen,Male,Basic,1
09790,leslierodriguez@example.org,Sandra,,Premium,1
09791,bandrade@example.net,Renee,Other,Premium,1
09792,tonyabarrera@example.com,Erika,Male,Premium,0
09793,brenda45@example.net,Tami,Female,Premium,1
09794,hayden49@example.org,Ashley,Male,Basic,1
09795,thomaschad@example.org,Cassie,Male,Premium,1
09796,stephaniemyers@example.net,Susan,,Standard,1
09797,turnerangela@example.com,Steven,Female,Standard,1
09798,rnichols@example.org,Samantha,,Standard,1
09799,shieldsbrandon@example.org,Melanie,Female,Standard,0
09800,njackson@example.com,Victoria,Male,Premium+,1
09801,tdean@example.org,Katherine,Male,Standard,1
09802,wrivers@example.com,Kevin,Male,Premium,1
09803,cody40@example.org,Andrew,Female,Standard,1
09804,thomas29@example.com,Richard,Female,Premium,1
09805,lharrison@example.com,Joshua,Female,Standard,1
09806,ashleythomas@example.org,Luke,Male,Basic,0
09807,joneskendra@example.com,Veronica,Female,Premium,0
09808,andrewaguilar@example.com,Christine,,Premium,1
09809,ejohnson@example.org,Paul,Female,Premium,1
09810,williamsmichael@example.com,Lisa,Female,Premium+,1
09811,chelsea06@example.net,Nancy,Male,Basic,1
09812,hallchristine@example.com,Patricia,Male,Standard,1
09813,christophercontreras@example.com,Jean,Prefer not to say,Standard,1
09814,mary61@example.org,Connor,Female,Standard,1
09815,mariemack@example.net,Shawn,Female,Premium,1
09816,brandifox@example.com,Rita,Male,Standard,1
09817,jessica89@example.net,Arthur,Female,Premium,1
09818,corey32@example.org,Melinda,Male,Standard,0
09819,fhansen@example.com,Steven,Male,Basic,1
09820,paulhorn@example.com,Stephen,Female,Basic,1
09821,halehaley@example.com,William,Male,Standard,1
09822,amber38@example.org,Sandra,Male,Premium,1
09823,jenniferbecker@example.org,David,Male,Basic,1
09824,kristen15@example.org,Deborah,Male,Premium,1
09825,lrhodes@example.net,Mark,Male,Standard,0
09826,stanleykelly@example.com,Reginald,Female,Premium,1
09827,hectorwilliams@example.net,Keith,Male,Standard,0
09828,kimberly08@example.net,Timothy,Prefer not to say,Premium,1
09829,maldonadojoshua@example.org,Matthew,Female,Premium,1
09830,bakerjorge@example.com,Thomas,Female,Basic,1
09831,greendennis@example.org,Keith,Female,Premium+,1
09832,ofernandez@example.com,Peter,Male,Premium,1
09833,lisa97@example.org,Lori,,Premium,0
09834,tmoore@example.net,Sandra,Male,Premium,0
09835,georgenash@example.org,Patricia,Female,Premium+,1
09836,schmidtwilliam@example.com,Bethany,,Standard,0
09837,mcleanbriana@example.org,Caleb,Male,Premium,1
09838,chamberswilliam@example.net,Jennifer,Female,Standard,1
09839,bbaird@example.com,Andrew,Female,Premium,0
09840,rparker@example.net,Sarah,Female,Standard,1
09841,leblancscott@example.org,Colin,Male,Standard,1
09842,cassandra40@example.com,James,Female,Standard,1
09843,gjuarez@example.net,Miranda,Male,Premium,1
09844,mwoods@example.com,Jose,Male,Premium,1
09845,bradleymorgan@example.com,Patricia,Female,Standard,1
09846,nmartin@example.org,Paul,,Basic,1
09847,sydneystephens@example.org,Noah,Male,Standard,1
09848,gallowayemily@example.org,Stephen,Male,Basic,0
09849,jeremybrock@example.net,Danielle,Male,Premium,1
09850,anicholson@example.com,Christine,Male,Basic,1
09851,william99@example.org,Stephanie,Female,Standard,1
09852,pittskathleen@example.com,Brandon,Female,Basic,1
09853,michaeldixon@example.org,Michelle,Female,Basic,1
09854,palmercorey@example.net,Natalie,Male,Premium,1
09855,lisamiller@example.com,Stephen,Female,Standard,0
09856,blackcynthia@example.org,Amber,Male,Standard,1
09857,agibson@example.net,Keith,Male,Premium,1
09858,colemanapril@example.net,Sara,Female,Basic,0
09859,richard24@example.net,Pamela,Male,Premium,1
09860,mramos@example.net,Sarah,Other,Basic,1
09861,marie24@example.org,Catherine,Female,Standard,1
09862,lopezmason@example.org,Virginia,Female,Standard,1
09863,gina41@example.org,Kellie,Female,Premium+,1
09864,evansstephanie@example.net,Charles,Female,Premium,0
09865,qwhite@example.com,Michelle,Female,Premium+,1
09866,davidmoore@example.org,Jaime,Female,Standard,1
09867,oholt@example.com,Andrea,Male,Premium,0
09868,mreyes@example.org,Kimberly,Female,Premium,0
09869,nguyenmichael@example.org,Richard,Male,Basic,1
09870,jboyd@example.com,Adam,Male,Premium,1
09871,mgalloway@example.org,Gabriel,Female,Basic,1
09872,ejones@example.com,Joseph,Male,Premium+,1
09873,stephen78@example.com,Michelle,Female,Premium+,1
09874,zmooney@example.org,Mark,Male,Premium,1
09875,matthewlamb@example.com,Jesse,Male,Premium,1
09876,colejennifer@example.com,Pamela,Female,Premium,1
09877,nhicks@example.net,Janet,Female,Premium,1
09878,wmason@example.org,Jacob,Male,Premium+,1
09879,carly97@example.net,Olivia,Female,Premium+,1
09880,crystalbray@example.com,Christina,,Basic,1
09881,millerjason@example.com,Michelle,Male,Standard,1
09882,kimberly89@example.org,Sandra,Female,Premium,1
09883,ryanmcbride@example.com,Daniel,Female,Standard,0
09884,vickigonzales@example.com,Jasmine,Female,Basic,1
09885,prichards@example.net,Samuel,Male,Basic,1
09886,amanda03@example.org,Diana,Female,Premium,1
09887,ehopkins@example.org,Tyrone,Male,Premium,1
09888,crossbianca@example.net,George,Male,Basic,1
09889,roberta82@example.net,Jeffery,Prefer not to say,Premium,1
09890,justin84@example.org,Michael,Female,Standard,1
09891,heatherdavila@example.org,Monica,Male,Premium,1
09892,ynichols@example.net,Scott,Female,Standard,0
09893,reaton@example.org,Molly,Male,Standard,1
09894,gabriellaandrews@example.net,Lori,Male,Standard,1
09895,veronicaclark@example.com,Billy,Male,Standard,1
09896,charlessimpson@example.com,Theresa,Male,Standard,0
09897,christopher96@example.org,Alex,Other,Premium,0
09898,websterwilliam@example.org,Nicholas,Female,Standard,1
09899,joseph63@example.org,Tricia,Male,Premium,0
09900,tyronesmith@example.org,Jason,Female,Premium,1
09901,mpacheco@example.com,Kevin,Male,Premium,0
09902,brenda80@example.net,Jamie,Male,Premium,1
09903,jennifer22@example.org,Aaron,Female,Premium,1
09904,alopez@example.net,Mark,Female,Premium+,1
09905,kayla25@example.com,Melanie,Female,Basic,1
09906,hweber@example.net,Kurt,Male,Basic,1
09907,sarahrogers@example.com,Amy,Female,Basic,1
09908,dschultz@example.com,Jason,Male,Standard,1
09909,joseph10@example.com,Laurie,,Premium,1
09910,robyncontreras@example.com,Carla,Male,Basic,1
09911,justin69@example.com,Melissa,Female,Standard,1
09912,donnaking@example.org,Roger,Male,Standard,1
09913,wwilliams@example.net,Whitney,Prefer not to say,Premium,0
09914,nicoleburton@example.net,Samantha,Female,Premium,1
09915,jessica93@example.org,Jessica,Male,Basic,1
09916,ipalmer@example.net,Jorge,,Basic,1
09917,martinbecky@example.net,Paul,Female,Standard,1
09918,manderson@example.net,John,Female,Premium,0
09919,vhuber@example.org,Amanda,Male,Premium,1
09920,kmedina@example.net,Laura,Female,Standard,1
09921,hperez@example.org,Joshua,Male,Premium,1
09922,marcia24@example.net,Daniel,Male,Standard,1
09923,wjohnson@example.org,Diana,Male,Premium,1
09924,matthew54@example.net,Vanessa,Female,Standard,1
09925,rfoster@example.net,John,Male,Standard,1
09926,melissarodriguez@example.org,Tiffany,Male,Standard,0
09927,natalie13@example.net,Eric,Male,Standard,0
09928,jonathan63@example.org,Katherine,Female,Standard,1
09929,sdudley@example.org,Cassandra,Male,Standard,1
09930,tgriffin@example.org,Angela,Other,Premium,1
09931,clarkvictoria@example.com,Christopher,Female,Premium,1
09932,matthewblackwell@example.net,Eric,Prefer not to say,Premium+,1
09933,mckinneynathan@example.org,Patricia,Female,Basic,1
09934,goldenjoseph@example.net,Allison,Male,Premium+,1
09935,alex21@example.org,Linda,Female,Basic,1
09936,njohnson@example.com,Eric,Male,Standard,1
09937,tara52@example.com,Michael,Male,Premium+,1
09938,jjohnson@example.org,Brian,Female,Standard,1
09939,lisa84@example.com,Matthew,Female,Standard,1
09940,iroach@example.net,Adam,Female,Basic,1
09941,melissa83@example.com,Michael,Female,Premium,1
09942,ymcclure@example.com,Devon,Female,Standard,1
09943,brandon85@example.net,Kevin,Male,Premium,1
09944,christinagibson@example.org,Alison,Female,Basic,1
09945,loweerik@example.com,Eileen,Male,Premium,0
09946,millerjustin@example.org,Sara,Female,Standard,1
09947,amber77@example.net,Ashley,Female,Premium,1
09948,heathjonathan@example.com,Todd,Female,Basic,1
09949,amber85@example.com,Jessica,Male,Premium+,1
09950,evansdonna@example.net,Sandra,Female,Premium,1
09951,ogonzalez@example.org,Anita,Female,Basic,0
09952,lisa79@example.net,James,,Premium+,1
09953,lhopkins@example.com,Robert,Female,Premium,1
09954,katelyn95@example.org,Jonathan,Female,Standard,1
09955,wdavidson@example.net,Shannon,Male,Premium,1
09956,anneellis@example.net,Michael,Male,Basic,0
09957,qfernandez@example.org,Daniel,Male,Standard,1
09958,debraking@example.com,Amber,Male,Premium+,1
09959,rebecca81@example.com,Victor,Male,Standard,1
09960,colemanjoyce@example.net,Danielle,Female,Standard,1
09961,fanderson@example.com,Bethany,Female,Premium,1
09962,yphillips@example.net,Theresa,Female,Standard,1
09963,samantha58@example.org,Brian,,Standard,1
09964,angelaromero@example.com,Krista,Female,Standard,1
09965,joshuasherman@example.com,Philip,Male,Standard,1
09966,rebeccatorres@example.com,Nicholas,Male,Premium,1
09967,jonathan50@example.com,Tina,Male,Premium+,1
09968,elizabeth88@example.com,Kathleen,Female,Premium,0
09969,jennifernixon@example.org,William,Female,Basic,0
09970,brian54@example.net,Michelle,Male,Basic,1
09971,chungnicholas@example.com,William,Female,Premium,1
09972,jacobodom@example.com,Diamond,Male,Basic,0
09973,smithsandra@example.net,Robert,Female,Standard,1
09974,carol27@example.com,David,Male,Premium,1
09975,deborahjohnson@example.net,Anthony,Male,Premium,1
09976,jasonavery@example.org,Jennifer,Female,Premium,1
09977,vegamichael@example.net,Deanna,Male,Premium,1
09978,benjamingreen@example.com,Danielle,Male,Basic,1
09979,crawfordglenn@example.net,Caitlin,Female,Premium+,1
09980,mfloyd@example.net,Phillip,,Premium,1
09981,klarsen@example.net,Bradley,Female,Standard,1
09982,kcombs@example.org,Lauren,Female,Basic,1
09983,whitemandy@example.org,Tony,Female,Standard,1
09984,kim19@example.org,Christopher,Other,Premium,1
09985,wendyvance@example.org,Kimberly,Male,Basic,1
09986,smontoya@example.net,Steven,Male,Premium,0
09987,angela09@example.net,Brooke,,Standard,1
09988,rgonzalez@example.com,Summer,Male,Premium,1
09989,lbrown@example.com,Cory,Male,Premium,1
09990,wwilliams@example.com,Mark,,Premium+,0
09991,briana35@example.com,Kenneth,Female,Premium+,1
09992,phernandez@example.org,Amanda,Female,Basic,1
09993,matthewholmes@example.org,Mark,Male,Basic,1
09994,wpierce@example.org,Ronald,Female,Standard,0
09995,erin07@example.org,Nathan,Male,Basic,1
09996,jessicaestrada@example.org,Joshua,Female,Premium+,1
09997,lewisroger@example.com,Steven,Male,Basic,1
09998,lisa14@example.com,Nancy,Male,Standard,1
09999,kscott@example.org,Rhonda,Female,Premium,1
10000,kevin71@example.org,Marcus,Male,Premium,1
03523,rholloway@example.org,Angela,,Basic,1
03093,angelawhite@example.com,Erik,Female,Premium,1
08617,colleen12@example.com,Kenneth,Male,Basic,1
07032,powelljohnny@example.org,Patricia,Male,Basic,1
04031,clarkpamela@example.org,Patricia,Female,Standard,1
09698,martinezmichael@example.org,William,Male,Standard,1
06990,benjamin71@example.org,Steven,Prefer not to say,Premium+,1
07233,jasonchavez@example.org,Joshua,Male,Standard,0
00384,daniellewis@example.com,Ricky,Male,Standard,1
09859,richard24@example.net,Pamela,Male,Premium,1
05555,gilbertamy@example.com,Samantha,Female,Premium,1
07621,robert89@example.com,Brandon,Female,Standard,1
01756,christopher42@example.net,Lawrence,Female,Premium+,1
09661,brianford@example.org,Stephanie,Male,Standard,1
06986,sandrasmith@example.org,Amy,Female,Premium,1
02030,callahanamy@example.net,Justin,Female,Standard,0
01743,jsimpson@example.org,James,Female,Standard,1
03167,kclark@example.org,Robert,Male,Standard,1
03775,ariaslauren@example.org,Andrea,,Basic,1
02216,morrisashley@example.net,Joshua,Female,Standard,0
09206,melanie97@example.net,Barbara,Female,Standard,1
01043,stacey53@example.com,Anne,Male,Standard,1
04281,vanessathomas@example.com,Anita,Male,Standard,0
00028,rsims@example.com,Jennifer,Male,Standard,1
01756,christopher42@example.net,Lawrence,Female,Premium+,1
01299,boonekim@example.net,Regina,Female,Premium,1
02005,vpatterson@example.net,Betty,Female,Basic,1
00323,jacksonraymond@example.com,Julie,Female,Premium,1
03933,hbarnett@example.net,Richard,Male,Standard,1
04858,shaffermichael@example.org,Thomas,Female,Premium,1
07523,bartonbrianna@example.net,Michelle,Male,Premium,1
02563,courtney18@example.org,Pamela,Female,Standard,0
01587,pthomas@example.net,Raymond,Female,Standard,0
05840,uhill@example.net,Tara,,Standard,1
00998,johnsonjames@example.org,Mary,Female,Standard,1
03614,allison38@example.net,Sarah,Female,Basic,1
00193,wwoodard@example.com,Jeffery,Male,Standard,1
03475,jessica71@example.net,Elizabeth,Male,Premium,1
05687,brettmartinez@example.net,Renee,,Premium,0
02454,wpearson@example.com,Derrick,Female,Premium+,0
09931,clarkvictoria@example.com,Christopher,Female,Premium,1
04122,kennethmaynard@example.net,Robert,Male,Standard,1
04461,kaylee70@example.net,Joshua,Male,Premium,1
04017,michaelarmstrong@example.net,Amanda,Female,Standard,1
01881,zcampbell@example.org,Robert,Female,Premium+,1
07923,danderson@example.com,Shannon,Male,Premium,1
03103,schwartzbriana@example.org,Kevin,Female,Standard,1
07981,edwinmason@example.com,Sarah,Male,Premium,1
04415,kristin57@example.org,David,Other,Standard,1
04739,rodriguezdaniel@example.com,Abigail,Prefer not to say,Premium,1
04863,jamie23@example.org,David,Female,Premium,0
04297,wardlaura@example.com,Hayley,Female,Premium,1
07455,xcannon@example.com,Eric,Female,Standard,1
07113,rachel71@example.com,Andrew,Female,Premium,0
06419,garysanchez@example.org,Ricardo,Female,Premium,1
00318,hbush@example.net,Suzanne,Male,Premium,1
03539,christine86@example.org,Jillian,Male,Basic,1
03261,kwheeler@example.net,Rebecca,Female,Premium,1
02656,stacy67@example.com,Kelly,Male,Premium,1
02691,brandon27@example.com,George,Male,Standard,1
04503,mjacobs@example.org,Brandon,Male,Standard,1
00152,bbryant@example.org,Nicole,Male,Premium,1
07906,ksmith@example.org,Deborah,Male,Basic,1
02229,pattersonerin@example.org,Matthew,,Standard,0
03693,dedwards@example.org,Nicole,Female,Standard,1
03929,ronaldalvarez@example.org,Chase,Female,Premium,1
03906,brandon13@example.com,Devin,Female,Standard,0
00802,johnsonchristopher@example.org,Sean,Female,Premium,1
07274,harryramos@example.org,Angela,Male,Standard,1
03254,zwilliams@example.org,Douglas,Female,Standard,1
03190,natalie86@example.org,Christy,Male,Standard,1
05515,kwood@example.org,Anne,Female,Basic,0
00681,oscott@example.org,Brandy,Female,Basic,1
03938,zacharybryant@example.org,Brandon,Female,Standard,1
08695,campbelltiffany@example.com,Andrea,Female,Premium+,1
01989,usmith@example.com,Barbara,Male,Premium,1
09599,bestkelly@example.com,John,,Basic,1
05030,ahiggins@example.org,Lindsey,Male,Standard,0
01651,olivialevy@example.com,Javier,Female,Premium,1
00120,dpeters@example.com,Kristi,Male,Basic,1
08308,sandrasmith@example.com,Joseph,Female,Standard,1
01943,james84@example.org,Gloria,,Premium,0
05136,kelly12@example.com,Brent,Male,Standard,1
06578,tgarrett@example.org,Jonathan,Female,Premium,1
03088,efuller@example.com,Tiffany,Female,Standard,1
07266,lutzlaurie@example.com,Shawn,Female,Standard,1
04373,pbarajas@example.net,Christian,Female,Premium+,1
08705,madeline88@example.org,William,Male,Basic,1
01088,jill17@example.org,Gregory,Other,Basic,1
09516,lawrencemayo@example.com,Gregory,Male,Standard,1
01060,uwilliams@example.com,Lauren,Male,Premium+,1
06292,fsmith@example.com,Cassidy,Female,Premium,1
07841,apriljordan@example.net,Rebecca,Male,Premium,1
04766,katherinemurray@example.net,Dylan,Female,Basic,1
09454,michael41@example.net,Catherine,Prefer not to say,Standard,0
01684,xgarcia@example.net,Ryan,,Premium,1
07541,annegarcia@example.org,Jason,Female,Premium,1
06283,wileysusan@example.com,Joel,Female,Basic,1
01477,martinezamber@example.org,Michael,Female,Basic,1
00147,fitzgeralddesiree@example.org,Nancy,Female,Premium,1
05667,swilliams@example.org,Michael,Female,Premium,1
04991,rodriguezdeanna@example.com,Kristi,Female,Premium,1
06599,ryanking@example.net,Brittany,Prefer not to say,Premium,1
09749,mcdonaldwilliam@example.com,James,Female,Premium+,1
09921,hperez@example.org,Joshua,Male,Premium,1
04858,shaffermichael@example.org,Thomas,Female,Premium,1
08615,huertamelissa@example.net,Martha,Female,Standard,1
01647,donnamadden@example.org,Nicole,,Premium,1
09205,ryanalvarado@example.org,Angela,,Basic,0
01703,qwilson@example.org,Lori,Female,Premium+,1
04150,ywilliamson@example.org,Ryan,Male,Premium+,1
05801,tracywilliams@example.org,Gary,Female,Premium+,1
02889,theresataylor@example.org,Jenna,Other,Standard,0
08401,bethpena@example.com,Michael,Male,Standard,1
01102,hayesamanda@example.com,Lynn,Male,Premium+,1
03217,lindaanderson@example.com,Larry,Male,Premium,1
01843,andrew52@example.com,Jacob,Female,Basic,1
01402,ocummings@example.org,Patrick,Male,Premium,1
02427,vowen@example.com,Megan,Male,Standard,1
07150,onguyen@example.org,Kenneth,Male,Premium,1
07077,kelly15@example.org,Katherine,Female,Premium,1
01446,scottcruz@example.org,Elizabeth,Male,Standard,1
07611,christinetownsend@example.com,Jonathan,Male,Standard,1
09543,ymoore@example.net,Daniel,Male,Premium,1
03051,marcus18@example.net,Ronald,Female,Standard,0
02251,antonio57@example.net,Sandra,Male,Standard,1
07537,jferrell@example.net,Crystal,Male,Standard,1
02240,donna14@example.com,Megan,Male,Premium,1
07688,toni84@example.com,Juan,Female,Premium,1
05646,jamespratt@example.com,Marc,Male,Standard,1
09919,vhuber@example.org,Amanda,Male,Premium,1
09251,patrick56@example.com,Xavier,Male,Premium+,1
07668,nicolehenry@example.com,George,Male,Premium,1
02108,angelamckinney@example.net,Vanessa,Female,Standard,0
05983,kimberlymendoza@example.org,Julie,Male,Standard,1
02778,julian43@example.com,Cassandra,Female,Standard,0
09034,atkinsphilip@example.com,Linda,Male,Premium+,1
06615,mschultz@example.com,Laura,Male,Standard,1
05231,carolgutierrez@example.net,Joyce,Female,Premium,1
09957,qfernandez@example.org,Daniel,Male,Standard,1
06155,catherinewilliams@example.com,Cindy,Male,Premium,0
06748,johnsonmary@example.net,Samantha,Female,Premium+,0
06957,jessicacarter@example.com,Todd,Prefer not to say,Standard,1
06275,arich@example.org,Leslie,Female,Premium,1
02928,rangelpaul@example.org,Cathy,Female,Premium,1
01126,yburnett@example.net,Craig,Female,Standard,1
07605,kathleenhorn@example.net,Debbie,,Premium,1
00868,brandon55@example.com,Amanda,Male,Basic,1
06533,wolfrichard@example.org,Christina,,Basic,1
07155,wadetyler@example.org,Anthony,Prefer not to say,Premium+,1
09904,alopez@example.net,Mark,Female,Premium+,1
09267,jcobb@example.org,John,Male,Basic,0
06830,johnathantaylor@example.net,Robert,Female,Premium,1
01905,quinnjacob@example.net,Shannon,Prefer not to say,Standard,1
08462,catherinejones@example.net,Michael,Prefer not to say,Standard,1
04142,george60@example.net,Chelsey,Male,Premium,1
01170,stephenjohnson@example.net,James,Female,Premium,1
09782,hodgelauren@example.net,Frank,Female,Standard,0
03536,megan70@example.org,Jeffrey,Male,Standard,1
01896,kdominguez@example.net,Veronica,Female,Basic,0
09666,jenniferperez@example.com,Kristi,Male,Premium,1
05271,denisegreer@example.org,Jared,Male,Premium+,1
02655,ricardophillips@example.com,Vanessa,Female,Premium,1
08993,millsgary@example.net,James,Male,Standard,1
06111,ericmay@example.org,Emily,Male,Premium,1
00578,donnathomas@example.com,John,,Standard,1
03727,johnstoncolleen@example.com,Christopher,Female,Basic,1
01188,jameswilliams@example.net,Patricia,Male,Basic,1
03250,hjohnson@example.org,Michael,Male,Premium,1
02856,brhodes@example.org,Matthew,Female,Standard,1
09160,alexanderkimberly@example.net,Dominique,Female,Premium,1
03060,jonathanhenderson@example.net,Tara,,Standard,0
05275,qgraham@example.org,Christopher,,Premium+,1
08164,wilkinsstephen@example.org,Adam,Male,Premium,1
09536,ojenkins@example.net,Larry,Male,Premium,1
06286,jessicaking@example.net,Latasha,,Standard,1
06863,wilkinsonthomas@example.org,Scott,Male,Standard,1
08158,xbush@example.org,Michael,Male,Premium,1
06696,ohart@example.com,Dennis,Male,Premium,1
01969,kellyadam@example.net,Cameron,,Premium,1
09981,klarsen@example.net,Bradley,Female,Standard,1
06479,kellycarr@example.net,Jessica,Male,Standard,1
05005,gardnerjohn@example.net,Amanda,Female,Standard,1
02365,dhardin@example.net,Paul,Male,Premium,1
07445,robertsashley@example.net,Jamie,Male,Standard,1
00442,larrygraham@example.net,Larry,Female,Standard,1
00203,cindy26@example.org,Justin,Female,Premium,1
04525,dennismclean@example.net,Marie,Male,Standard,0
05599,williamscolleen@example.net,Jacob,Male,Standard,1
05249,austin82@example.net,Chelsey,Male,Premium,1
00232,michaelwalker@example.net,Dennis,Male,Premium,0
02032,garyhughes@example.net,Craig,Male,Premium+,1
06056,stevengarcia@example.com,David,Male,Premium,1
05731,ericperez@example.org,Anthony,Male,Premium,1
08419,ggonzalez@example.com,Tamara,Male,Standard,1
09699,hartchristopher@example.org,Steven,Prefer not to say,Premium+,1
07115,wperez@example.org,Pamela,,Premium,1
02633,john04@example.net,Connie,Other,Basic,1
04349,hunteranthony@example.com,Richard,Female,Standard,1
04326,rsanchez@example.org,Caleb,Female,Premium,0
07327,portermary@example.com,Carl,Male,Basic,1
06382,kristin87@example.org,Pamela,,Standard,0
00491,scottolson@example.org,Jeffery,Male,Premium,1
07160,cmoore@example.com,Arthur,Female,Premium,1
05166,thomasrollins@example.net,Mary,Female,Standard,0
05085,rachel05@example.net,Elizabeth,Other,Premium+,1
09434,calvin23@example.net,Misty,Male,Basic,1
02221,paul05@example.net,Emily,,Basic,1
08253,kathleen75@example.org,Connie,Female,Standard,1
01568,fgarcia@example.org,Holly,Male,Premium,1
09005,aprilpeters@example.com,Raymond,Male,Basic,1
03278,jameslarry@example.com,Jeffrey,Female,Premium+,1
00717,simsronald@example.org,Katherine,Male,Standard,1
07652,joshuaowens@example.com,Patricia,Male,Basic,1
03265,ujones@example.org,Victor,Female,Basic,1
01584,usmith@example.org,Harold,Male,Premium+,0
00115,jelliott@example.com,Jennifer,Male,Basic,1
01161,howardmark@example.org,Aaron,Male,Standard,1
00126,combscharles@example.net,Kathy,Other,Premium,1
04217,daniel50@example.com,Maria,Female,Premium,1
02417,brittany58@example.org,Wendy,Male,Standard,1
08456,jenniferward@example.net,Paul,Female,Standard,1
09770,vsampson@example.com,Carly,Male,Premium,1
06124,john53@example.org,Sue,Male,Standard,1
04864,kimberly67@example.com,Megan,Female,Premium,1
09928,jonathan63@example.org,Katherine,Female,Standard,1
05273,carlsonmark@example.org,Thomas,Prefer not to say,Basic,1
09488,qmorgan@example.org,Jesse,Female,Standard,0
03508,pallen@example.com,Stephen,,Standard,1
01367,flittle@example.com,Peter,Male,Premium,1
00135,stephentaylor@example.org,Martin,Male,Premium,1
07155,wadetyler@example.org,Anthony,Prefer not to say,Premium+,1
05997,kgarrison@example.net,Renee,Female,Basic,1
02752,tammy20@example.org,Thomas,Female,Premium,1
07667,elizabetholson@example.org,Theresa,Male,Standard,1
02984,omunoz@example.com,Penny,Male,Basic,0
03486,hpatrick@example.net,Daniel,Female,Basic,1
07516,hartjason@example.net,Dennis,Female,Standard,0
07947,zsmith@example.com,Brandon,Male,Premium,0
06390,amendoza@example.org,Jason,Female,Premium,1
06215,emilynguyen@example.com,Brittany,Male,Standard,1
02109,hollandanne@example.com,Amanda,,Premium,1
01853,ldyer@example.net,Joseph,Male,Premium,1
07574,rsloan@example.net,Ashley,Female,Premium+,1
00369,calvinhester@example.com,Brooke,Prefer not to say,Standard,1
08624,katie65@example.com,Brittany,Male,Premium+,1
00767,vazquezrobert@example.com,Sandra,,Basic,1
05693,mcphersonlinda@example.com,Sheila,Female,Premium,1
06000,hollanddarrell@example.com,Laurie,Male,Standard,1
02553,marieneal@example.com,Eileen,Male,Premium,1
04680,andersonjames@example.org,Susan,Female,Premium,1
03769,fcarter@example.com,Robert,Female,Premium,1
04619,jessicaayala@example.com,Brandy,Female,Premium+,1
03657,whernandez@example.org,Dawn,Female,Basic,1
06072,kevin44@example.net,Amanda,Male,Standard,1
04014,johnwilson@example.net,Caroline,Male,Standard,1
01684,xgarcia@example.net,Ryan,,Premium,1
09252,raymond50@example.net,Michelle,Male,Basic,1
08191,dennis23@example.net,Robert,Male,Premium,1
05935,travisparsons@example.org,Jennifer,Female,Basic,1
02666,davidsmith@example.net,Arthur,Male,Basic,1
09224,henglish@example.org,Richard,Male,Standard,0
05785,connie84@example.net,Joe,Male,Standard,1
01450,trevinoduane@example.org,Daniel,Female,Premium,1
06936,scottporter@example.net,Kevin,Female,Premium,1
03803,matthewtaylor@example.net,John,Female,Premium,1
03478,josephadams@example.net,Kristin,Female,Basic,0
09094,johnstewart@example.net,Rebecca,Male,Premium,1
05443,michaelchen@example.net,Carlos,Female,Premium+,1
08383,thomasrichard@example.com,Sydney,Female,Basic,1
01840,jefferyvincent@example.org,James,Male,Basic,1
01657,knguyen@example.net,Michael,Female,Basic,0
05279,davidperez@example.org,Michael,Female,Basic,1
01296,carol86@example.org,Lisa,Prefer not to say,Premium,1
01471,cooleypatricia@example.org,Chase,Male,Premium,1
09536,ojenkins@example.net,Larry,Male,Premium,1
00865,ethan37@example.org,Kimberly,Male,Premium,1
08676,kevin46@example.net,Christopher,Female,Standard,1
03589,ewallace@example.org,Lisa,Female,Standard,1
00587,mhanson@example.org,Aaron,Prefer not to say,Basic,1
08909,christopher14@example.org,Peter,Female,Premium,1
04125,tatenicholas@example.org,Neil,Male,Premium,1
05210,dixonomar@example.org,Bruce,Prefer not to say,Premium,1
04826,pmaldonado@example.org,Sydney,Male,Standard,1
00248,justinross@example.net,Charles,Female,Standard,0
09065,nancyquinn@example.com,Natalie,Male,Premium,1
03096,pedrocruz@example.org,Jasmine,Male,Basic,1
03893,bellrobert@example.com,Kevin,Male,Premium,1
05638,kevingonzalez@example.com,Brenda,Male,Standard,1
01734,davisbrittany@example.com,Francisco,Male,Basic,1
02493,frobinson@example.net,Thomas,Male,Basic,1
02755,kevin48@example.com,Brooke,Other,Premium,0
04651,tasha89@example.net,Amber,Male,Premium,1
01138,fallen@example.net,Michael,Male,Premium,1
09389,omoore@example.com,Corey,Other,Basic,1
04613,glawson@example.com,Diane,Female,Premium,1
09468,mcox@example.org,Laurie,Female,Basic,0
09414,mcdonaldkeith@example.net,James,Male,Standard,1
07950,adam74@example.net,Isaac,Female,Basic,1
09958,debraking@example.com,Amber,Male,Premium+,1
